Index,SYT,FlipSYT,FlipFoundQ,RootCount,FlipRootCount,Distance,SameRootsQ,Reason
7,"{{1, 4, 10, 13, 15}, {2, 5, 11, 14}, {3, 8, 12}, {6, 9}, {7}}","{{1, 2, 4, 7, 9}, {3, 5, 8, 10}, {6, 11, 13}, {12, 14}, {15}}",False,,,,False,FlipSYTNotFound
30,"{{1, 5, 8, 13, 15}, {2, 6, 11, 14}, {3, 9, 12}, {4, 10}, {7}}","{{1, 2, 4, 6, 9}, {3, 5, 7, 12}, {8, 10, 13}, {11, 14}, {15}}",False,,,,False,FlipSYTNotFound
43,"{{1, 3, 10, 13, 15}, {2, 5, 11, 14}, {4, 6, 12}, {7, 9}, {8}}","{{1, 2, 4, 7, 8}, {3, 5, 9, 12}, {6, 10, 14}, {11, 15}, {13}}",False,,,,False,FlipSYTNotFound
47,"{{1, 6, 8, 13, 15}, {2, 7, 11, 14}, {3, 9, 12}, {4, 10}, {5}}","{{1, 2, 4, 6, 11}, {3, 5, 7, 12}, {8, 9, 13}, {10, 14}, {15}}",False,,,,False,FlipSYTNotFound
64,"{{1, 3, 9, 13, 15}, {2, 5, 11, 14}, {4, 6, 12}, {7, 10}, {8}}","{{1, 2, 4, 6, 8}, {3, 5, 9, 12}, {7, 10, 14}, {11, 15}, {13}}",False,,,,False,FlipSYTNotFound
74,"{{1, 6, 9, 13, 15}, {2, 7, 11, 14}, {3, 8, 12}, {4, 10}, {5}}","{{1, 2, 4, 6, 11}, {3, 5, 8, 12}, {7, 9, 13}, {10, 14}, {15}}",False,,,,False,FlipSYTNotFound
86,"{{1, 3, 10, 13, 15}, {2, 5, 11, 14}, {4, 7, 12}, {6, 8}, {9}}","{{1, 2, 4, 7, 10}, {3, 5, 8, 12}, {6, 9, 14}, {11, 15}, {13}}",False,,,,False,FlipSYTNotFound
87,"{{1, 3, 10, 13, 15}, {2, 5, 11, 14}, {4, 6, 12}, {7, 8}, {9}}","{{1, 2, 4, 7, 9}, {3, 5, 8, 12}, {6, 10, 14}, {11, 15}, {13}}",False,,,,False,FlipSYTNotFound
90,"{{1, 5, 10, 13, 15}, {2, 6, 11, 14}, {3, 7, 12}, {4, 8}, {9}}","{{1, 2, 4, 7, 12}, {3, 5, 8, 13}, {6, 9, 14}, {10, 15}, {11}}",True,20,20,5.07148803864388670441E-1,False,DistanceAboveTolerance
94,"{{1, 4, 9, 13, 15}, {2, 5, 11, 14}, {3, 6, 12}, {7, 10}, {8}}","{{1, 2, 4, 6, 8}, {3, 5, 9, 13}, {7, 10, 14}, {11, 15}, {12}}",True,20,20,4.05275834444262176595E-1,False,DistanceAboveTolerance
150,"{{1, 3, 4, 6, 13}, {2, 8, 12, 15}, {5, 9, 14}, {7, 10}, {11}}","{{1, 2, 5, 9, 14}, {3, 4, 6, 11}, {7, 12, 13}, {8, 15}, {10}}",False,,,,False,FlipSYTNotFound
151,"{{1, 3, 4, 5, 13}, {2, 8, 12, 15}, {6, 9, 14}, {7, 10}, {11}}","{{1, 2, 5, 9, 14}, {3, 4, 6, 10}, {7, 12, 13}, {8, 15}, {11}}",False,,,,False,FlipSYTNotFound
155,"{{1, 3, 5, 7, 13}, {2, 8, 12, 15}, {4, 9, 14}, {6, 10}, {11}}","{{1, 2, 5, 10, 14}, {3, 4, 6, 12}, {7, 11, 13}, {8, 15}, {9}}",False,,,,False,FlipSYTNotFound
157,"{{1, 3, 7, 13, 15}, {2, 6, 11, 14}, {4, 9, 12}, {5, 10}, {8}}","{{1, 2, 4, 6, 8}, {3, 5, 7, 11}, {9, 10, 12}, {13, 14}, {15}}",False,,,,False,FlipSYTNotFound
268,"{{1, 3, 8, 13, 15}, {2, 5, 11, 14}, {4, 6, 12}, {7, 10}, {9}}","{{1, 2, 4, 6, 7}, {3, 5, 9, 12}, {8, 10, 14}, {11, 15}, {13}}",False,,,,False,FlipSYTNotFound
286,"{{1, 3, 7, 13, 15}, {2, 5, 11, 14}, {4, 6, 12}, {8, 10}, {9}}","{{1, 2, 4, 6, 7}, {3, 5, 8, 12}, {9, 10, 14}, {11, 15}, {13}}",False,,,,False,FlipSYTNotFound
312,"{{1, 3, 6, 13, 15}, {2, 5, 11, 14}, {4, 7, 12}, {8, 10}, {9}}","{{1, 2, 4, 6, 7}, {3, 5, 8, 12}, {9, 11, 14}, {10, 15}, {13}}",False,,,,False,FlipSYTNotFound
366,"{{1, 3, 4, 9, 13}, {2, 6, 10, 14}, {5, 8, 15}, {7, 11}, {12}}","{{1, 4, 8, 9, 14}, {2, 5, 10, 11}, {3, 6, 13}, {7, 15}, {12}}",False,,,,False,FlipSYTNotFound
386,"{{1, 4, 6, 13, 15}, {2, 5, 11, 14}, {3, 7, 12}, {8, 10}, {9}}","{{1, 2, 4, 6, 7}, {3, 5, 8, 13}, {9, 11, 14}, {10, 15}, {12}}",False,,,,False,FlipSYTNotFound
446,"{{1, 3, 4, 8, 13}, {2, 6, 10, 14}, {5, 9, 15}, {7, 11}, {12}}","{{1, 4, 7, 9, 14}, {2, 5, 10, 11}, {3, 6, 13}, {8, 15}, {12}}",False,,,,False,FlipSYTNotFound
478,"{{1, 2, 4, 10, 11}, {3, 5, 9, 15}, {6, 7, 12}, {8, 14}, {13}}","{{1, 2, 3, 8, 10}, {4, 6, 7, 13}, {5, 9, 15}, {11, 14}, {12}}",False,,,,False,FlipSYTNotFound
589,"{{1, 3, 5, 9, 13}, {2, 4, 10, 14}, {6, 7, 15}, {8, 11}, {12}}","{{1, 4, 8, 10, 14}, {2, 5, 9, 12}, {3, 6, 11}, {7, 15}, {13}}",False,,,,False,FlipSYTNotFound
637,"{{1, 4, 5, 7, 12}, {2, 6, 9, 11}, {3, 8, 15}, {10, 14}, {13}}","{{1, 2, 3, 8, 13}, {4, 5, 6, 14}, {7, 10, 12}, {9, 15}, {11}}",False,,,,False,FlipSYTNotFound
685,"{{1, 4, 5, 9, 12}, {2, 6, 8, 11}, {3, 7, 15}, {10, 14}, {13}}","{{1, 2, 3, 9, 13}, {4, 5, 6, 14}, {7, 8, 12}, {10, 15}, {11}}",False,,,,False,FlipSYTNotFound
719,"{{1, 4, 5, 8, 12}, {2, 6, 9, 11}, {3, 7, 15}, {10, 14}, {13}}","{{1, 2, 3, 9, 13}, {4, 5, 6, 14}, {7, 10, 12}, {8, 15}, {11}}",False,,,,False,FlipSYTNotFound
839,"{{1, 3, 9, 13, 15}, {2, 5, 11, 14}, {4, 7, 12}, {6, 8}, {10}}","{{1, 2, 4, 6, 10}, {3, 5, 8, 12}, {7, 9, 14}, {11, 15}, {13}}",False,,,,False,FlipSYTNotFound
848,"{{1, 6, 9, 11, 13}, {2, 7, 10, 15}, {3, 8, 14}, {4, 12}, {5}}","{{1, 2, 4, 8, 11}, {3, 5, 6, 12}, {7, 9, 13}, {10, 14}, {15}}",False,,,,False,FlipSYTNotFound
889,"{{1, 3, 7, 13, 15}, {2, 5, 11, 14}, {4, 6, 12}, {8, 9}, {10}}","{{1, 2, 4, 6, 8}, {3, 5, 7, 12}, {9, 10, 14}, {11, 15}, {13}}",False,,,,False,FlipSYTNotFound
921,"{{1, 4, 5, 7, 11}, {2, 6, 8, 10}, {3, 12, 14}, {9, 15}, {13}}","{{1, 3, 7, 10, 13}, {2, 4, 8, 14}, {5, 6, 12}, {9, 11}, {15}}",False,,,,False,FlipSYTNotFound
931,"{{1, 3, 7, 13, 15}, {2, 5, 11, 14}, {4, 8, 12}, {6, 9}, {10}}","{{1, 2, 4, 6, 10}, {3, 5, 7, 12}, {8, 11, 14}, {9, 15}, {13}}",False,,,,False,FlipSYTNotFound
1020,"{{1, 6, 8, 11, 13}, {2, 7, 10, 15}, {3, 9, 14}, {4, 12}, {5}}","{{1, 2, 4, 7, 11}, {3, 5, 6, 12}, {8, 9, 13}, {10, 14}, {15}}",False,,,,False,FlipSYTNotFound
1088,"{{1, 3, 8, 13, 15}, {2, 5, 11, 14}, {4, 6, 12}, {7, 9}, {10}}","{{1, 2, 4, 6, 9}, {3, 5, 7, 12}, {8, 10, 14}, {11, 15}, {13}}",False,,,,False,FlipSYTNotFound
1105,"{{1, 3, 6, 13, 15}, {2, 5, 11, 14}, {4, 8, 12}, {7, 9}, {10}}","{{1, 2, 4, 6, 9}, {3, 5, 7, 12}, {8, 11, 14}, {10, 15}, {13}}",False,,,,False,FlipSYTNotFound
1137,"{{1, 4, 6, 13, 15}, {2, 5, 11, 14}, {3, 7, 12}, {8, 9}, {10}}","{{1, 2, 4, 6, 8}, {3, 5, 7, 13}, {9, 11, 14}, {10, 15}, {12}}",False,,,,False,FlipSYTNotFound
1163,"{{1, 3, 6, 13, 15}, {2, 5, 11, 14}, {4, 7, 12}, {8, 9}, {10}}","{{1, 2, 4, 6, 8}, {3, 5, 7, 12}, {9, 11, 14}, {10, 15}, {13}}",False,,,,False,FlipSYTNotFound
1229,"{{1, 3, 8, 13, 15}, {2, 5, 11, 14}, {4, 7, 12}, {6, 9}, {10}}","{{1, 2, 4, 6, 10}, {3, 5, 7, 12}, {8, 9, 14}, {11, 15}, {13}}",False,,,,False,FlipSYTNotFound
1314,"{{1, 6, 8, 13, 15}, {2, 7, 10, 14}, {3, 9, 12}, {4, 11}, {5}}","{{1, 2, 4, 5, 11}, {3, 6, 7, 12}, {8, 9, 13}, {10, 14}, {15}}",False,,,,False,FlipSYTNotFound
1338,"{{1, 3, 7, 13, 15}, {2, 6, 11, 14}, {4, 8, 12}, {5, 9}, {10}}","{{1, 2, 4, 6, 11}, {3, 5, 7, 12}, {8, 10, 14}, {9, 15}, {13}}",False,,,,False,FlipSYTNotFound
1354,"{{1, 3, 9, 13, 15}, {2, 5, 11, 14}, {4, 6, 12}, {7, 8}, {10}}","{{1, 2, 4, 6, 9}, {3, 5, 8, 12}, {7, 10, 14}, {11, 15}, {13}}",False,,,,False,FlipSYTNotFound
1358,"{{1, 6, 9, 13, 15}, {2, 7, 10, 14}, {3, 8, 12}, {4, 11}, {5}}","{{1, 2, 4, 5, 11}, {3, 6, 8, 12}, {7, 9, 13}, {10, 14}, {15}}",False,,,,False,FlipSYTNotFound
1378,"{{1, 5, 7, 11, 13}, {2, 6, 10, 15}, {3, 8, 14}, {4, 12}, {9}}","{{1, 2, 4, 7, 12}, {3, 5, 6, 8}, {9, 10, 13}, {11, 14}, {15}}",False,,,,False,FlipSYTNotFound
1439,"{{1, 3, 5, 8, 13}, {2, 4, 10, 14}, {6, 7, 15}, {9, 11}, {12}}","{{1, 4, 7, 10, 14}, {2, 5, 9, 12}, {3, 6, 11}, {8, 15}, {13}}",False,,,,False,FlipSYTNotFound
1449,"{{1, 2, 6, 8, 10}, {3, 5, 7, 14}, {4, 9, 13}, {11, 12}, {15}}","{{1, 3, 4, 5, 12}, {2, 7, 9, 11}, {6, 13, 15}, {8, 14}, {10}}",False,,,,False,FlipSYTNotFound
1515,"{{1, 2, 4, 13, 15}, {3, 5, 10, 14}, {6, 8, 12}, {7, 11}, {9}}","{{1, 2, 4, 5, 7}, {3, 6, 8, 9}, {10, 13, 15}, {11, 14}, {12}}",False,,,,False,FlipSYTNotFound
1629,"{{1, 2, 4, 11, 13}, {3, 5, 6, 14}, {7, 9, 10}, {8, 15}, {12}}","{{1, 4, 6, 7, 8}, {2, 5, 11, 13}, {3, 9, 15}, {10, 14}, {12}}",False,,,,False,FlipSYTNotFound
1720,"{{1, 4, 5, 9, 12}, {2, 6, 7, 10}, {3, 11, 15}, {8, 14}, {13}}","{{1, 2, 3, 10, 13}, {4, 5, 8, 14}, {6, 9, 12}, {7, 11}, {15}}",False,,,,False,FlipSYTNotFound
1757,"{{1, 3, 4, 8, 10}, {2, 5, 9, 14}, {6, 7, 13}, {11, 12}, {15}}","{{1, 3, 4, 5, 14}, {2, 7, 9, 10}, {6, 11, 13}, {8, 15}, {12}}",False,,,,False,FlipSYTNotFound
1837,"{{1, 4, 8, 11, 13}, {2, 6, 9, 15}, {3, 10, 14}, {5, 12}, {7}}","{{1, 2, 4, 9, 11}, {3, 5, 6, 10}, {7, 12, 13}, {8, 14}, {15}}",False,,,,False,FlipSYTNotFound
1884,"{{1, 2, 4, 9, 12}, {3, 5, 8, 10}, {6, 11, 15}, {7, 14}, {13}}","{{1, 2, 3, 9, 13}, {4, 5, 8, 15}, {6, 10, 14}, {7, 11}, {12}}",False,,,,False,FlipSYTNotFound
1949,"{{1, 4, 5, 7, 11}, {2, 6, 8, 9}, {3, 12, 14}, {10, 15}, {13}}","{{1, 3, 6, 10, 13}, {2, 4, 8, 14}, {5, 7, 12}, {9, 11}, {15}}",False,,,,False,FlipSYTNotFound
1992,"{{1, 3, 7, 13, 15}, {2, 5, 10, 14}, {4, 6, 12}, {8, 11}, {9}}","{{1, 2, 4, 5, 7}, {3, 6, 8, 12}, {9, 10, 14}, {11, 15}, {13}}",False,,,,False,FlipSYTNotFound
2003,"{{1, 3, 8, 13, 15}, {2, 5, 10, 14}, {4, 6, 12}, {7, 11}, {9}}","{{1, 2, 4, 5, 7}, {3, 6, 9, 12}, {8, 10, 14}, {11, 15}, {13}}",False,,,,False,FlipSYTNotFound
2028,"{{1, 3, 5, 7, 15}, {2, 6, 11, 12}, {4, 10, 13}, {8, 14}, {9}}","{{1, 2, 5, 6, 7}, {3, 8, 12, 14}, {4, 10, 13}, {9, 11}, {15}}",False,,,,False,FlipSYTNotFound
2236,"{{1, 3, 6, 13, 15}, {2, 5, 10, 14}, {4, 7, 12}, {8, 11}, {9}}","{{1, 2, 4, 5, 7}, {3, 6, 8, 12}, {9, 11, 14}, {10, 15}, {13}}",False,,,,False,FlipSYTNotFound
2261,"{{1, 3, 6, 8, 10}, {2, 5, 9, 11}, {4, 12, 14}, {7, 15}, {13}}","{{1, 3, 9, 11, 12}, {2, 4, 10, 14}, {5, 7, 13}, {6, 8}, {15}}",False,,,,False,FlipSYTNotFound
2334,"{{1, 3, 6, 8, 9}, {2, 5, 10, 14}, {4, 7, 13}, {11, 12}, {15}}","{{1, 3, 4, 5, 12}, {2, 8, 9, 11}, {6, 10, 14}, {7, 15}, {13}}",False,,,,False,FlipSYTNotFound
2392,"{{1, 3, 7, 8, 9}, {2, 4, 10, 14}, {5, 6, 13}, {11, 12}, {15}}","{{1, 3, 4, 5, 11}, {2, 8, 9, 10}, {6, 12, 14}, {7, 15}, {13}}",False,,,,False,FlipSYTNotFound
2442,"{{1, 3, 9, 13, 15}, {2, 5, 10, 14}, {4, 6, 12}, {7, 11}, {8}}","{{1, 2, 4, 5, 8}, {3, 6, 9, 12}, {7, 10, 14}, {11, 15}, {13}}",False,,,,False,FlipSYTNotFound
2548,"{{1, 5, 8, 13, 15}, {2, 6, 9, 14}, {3, 10, 12}, {4, 11}, {7}}","{{1, 2, 4, 5, 9}, {3, 6, 10, 12}, {7, 11, 13}, {8, 14}, {15}}",False,,,,False,FlipSYTNotFound
2709,"{{1, 4, 8, 11, 13}, {2, 5, 9, 15}, {3, 7, 14}, {6, 12}, {10}}","{{1, 2, 4, 6, 10}, {3, 5, 7, 9}, {8, 11, 13}, {12, 14}, {15}}",False,,,,False,FlipSYTNotFound
3010,"{{1, 4, 6, 13, 15}, {2, 5, 10, 14}, {3, 7, 12}, {8, 11}, {9}}","{{1, 2, 4, 5, 7}, {3, 6, 8, 13}, {9, 11, 14}, {10, 15}, {12}}",False,,,,False,FlipSYTNotFound
3073,"{{1, 2, 4, 11, 13}, {3, 5, 6, 14}, {7, 8, 9}, {10, 15}, {12}}","{{1, 4, 6, 8, 9}, {2, 5, 11, 13}, {3, 7, 15}, {10, 14}, {12}}",False,,,,False,FlipSYTNotFound
3089,"{{1, 3, 4, 8, 9}, {2, 5, 10, 14}, {6, 7, 13}, {11, 12}, {15}}","{{1, 3, 4, 5, 14}, {2, 8, 9, 10}, {6, 11, 13}, {7, 15}, {12}}",False,,,,False,FlipSYTNotFound
3170,"{{1, 2, 4, 11, 13}, {3, 5, 6, 14}, {7, 8, 10}, {9, 15}, {12}}","{{1, 4, 6, 7, 9}, {2, 5, 11, 13}, {3, 8, 15}, {10, 14}, {12}}",False,,,,False,FlipSYTNotFound
3207,"{{1, 3, 8, 13, 15}, {2, 5, 9, 14}, {4, 6, 12}, {7, 11}, {10}}","{{1, 2, 4, 5, 6}, {3, 7, 9, 12}, {8, 10, 14}, {11, 15}, {13}}",False,,,,False,FlipSYTNotFound
3274,"{{1, 2, 7, 13, 15}, {3, 5, 8, 14}, {4, 10, 12}, {6, 11}, {9}}","{{1, 2, 4, 5, 7}, {3, 6, 10, 12}, {8, 11, 15}, {9, 13}, {14}}",False,,,,False,FlipSYTNotFound
3387,"{{1, 2, 5, 9, 13}, {3, 6, 8, 14}, {4, 7, 15}, {10, 11}, {12}}","{{1, 4, 6, 9, 12}, {2, 5, 8, 15}, {3, 7, 13}, {10, 14}, {11}}",False,,,,False,FlipSYTNotFound
3421,"{{1, 3, 6, 13, 15}, {2, 5, 9, 14}, {4, 7, 12}, {8, 11}, {10}}","{{1, 2, 4, 5, 6}, {3, 7, 8, 12}, {9, 11, 14}, {10, 15}, {13}}",False,,,,False,FlipSYTNotFound
3470,"{{1, 3, 7, 13, 15}, {2, 6, 9, 14}, {4, 8, 12}, {5, 11}, {10}}","{{1, 2, 4, 5, 6}, {3, 7, 8, 11}, {9, 10, 12}, {13, 14}, {15}}",False,,,,False,FlipSYTNotFound
3510,"{{1, 2, 5, 9, 12}, {3, 4, 8, 10}, {6, 11, 15}, {7, 14}, {13}}","{{1, 2, 3, 9, 13}, {4, 5, 8, 15}, {6, 10, 12}, {7, 11}, {14}}",False,,,,False,FlipSYTNotFound
3570,"{{1, 2, 5, 7, 13}, {3, 4, 6, 14}, {8, 10, 15}, {9, 11}, {12}}","{{1, 4, 7, 12, 13}, {2, 5, 8, 15}, {3, 6, 10}, {9, 14}, {11}}",False,,,,False,FlipSYTNotFound
3635,"{{1, 5, 8, 11, 13}, {2, 6, 9, 15}, {3, 7, 14}, {4, 12}, {10}}","{{1, 2, 4, 6, 12}, {3, 5, 7, 9}, {8, 10, 13}, {11, 14}, {15}}",False,,,,False,FlipSYTNotFound
3671,"{{1, 4, 6, 13, 15}, {2, 5, 9, 14}, {3, 7, 12}, {8, 11}, {10}}","{{1, 2, 4, 5, 6}, {3, 7, 8, 13}, {9, 11, 14}, {10, 15}, {12}}",False,,,,False,FlipSYTNotFound
3739,"{{1, 4, 5, 9, 13}, {2, 6, 8, 14}, {3, 7, 15}, {10, 11}, {12}}","{{1, 4, 6, 9, 13}, {2, 5, 8, 14}, {3, 7, 12}, {10, 15}, {11}}",False,,,,False,FlipSYTNotFound
3849,"{{1, 4, 5, 8, 12}, {2, 6, 7, 9}, {3, 11, 15}, {10, 14}, {13}}","{{1, 2, 3, 10, 13}, {4, 5, 6, 14}, {7, 9, 12}, {8, 11}, {15}}",False,,,,False,FlipSYTNotFound
4067,"{{1, 2, 4, 13, 15}, {3, 5, 9, 14}, {6, 8, 12}, {7, 11}, {10}}","{{1, 2, 4, 5, 6}, {3, 7, 8, 9}, {10, 13, 15}, {11, 14}, {12}}",False,,,,False,FlipSYTNotFound
4084,"{{1, 2, 3, 7, 9}, {4, 6, 8, 14}, {5, 10, 13}, {11, 12}, {15}}","{{1, 3, 4, 5, 15}, {2, 8, 10, 11}, {6, 12, 14}, {7, 13}, {9}}",False,,,,False,FlipSYTNotFound
4133,"{{1, 4, 5, 11, 12}, {2, 6, 9, 14}, {3, 8, 10}, {7, 13}, {15}}","{{1, 3, 6, 8, 9}, {2, 5, 10, 13}, {4, 12, 14}, {7, 15}, {11}}",False,,,,False,FlipSYTNotFound
4329,"{{1, 3, 5, 8, 13}, {2, 4, 9, 14}, {6, 7, 15}, {10, 11}, {12}}","{{1, 4, 6, 10, 14}, {2, 5, 9, 12}, {3, 7, 11}, {8, 15}, {13}}",False,,,,False,FlipSYTNotFound
4333,"{{1, 3, 9, 13, 15}, {2, 5, 10, 14}, {4, 6, 12}, {7, 8}, {11}}","{{1, 2, 4, 5, 9}, {3, 6, 8, 12}, {7, 10, 14}, {11, 15}, {13}}",False,,,,False,FlipSYTNotFound
4415,"{{1, 3, 7, 11, 12}, {2, 6, 8, 14}, {4, 9, 10}, {5, 13}, {15}}","{{1, 3, 6, 7, 11}, {2, 5, 10, 12}, {4, 13, 14}, {8, 15}, {9}}",False,,,,False,FlipSYTNotFound
4420,"{{1, 3, 6, 7, 15}, {2, 5, 11, 12}, {4, 8, 13}, {9, 14}, {10}}","{{1, 2, 5, 6, 12}, {3, 7, 11, 14}, {4, 8, 15}, {9, 10}, {13}}",False,,,,False,FlipSYTNotFound
4447,"{{1, 6, 9, 10, 13}, {2, 7, 11, 15}, {3, 8, 14}, {4, 12}, {5}}","{{1, 2, 4, 8, 11}, {3, 5, 7, 12}, {6, 9, 13}, {10, 14}, {15}}",False,,,,False,FlipSYTNotFound
4571,"{{1, 3, 9, 13, 15}, {2, 5, 10, 14}, {4, 7, 12}, {6, 8}, {11}}","{{1, 2, 4, 5, 10}, {3, 6, 8, 12}, {7, 9, 14}, {11, 15}, {13}}",False,,,,False,FlipSYTNotFound
4647,"{{1, 2, 4, 9, 12}, {3, 5, 8, 10}, {6, 7, 15}, {11, 14}, {13}}","{{1, 2, 3, 9, 10}, {4, 5, 8, 15}, {6, 11, 13}, {7, 14}, {12}}",False,,,,False,FlipSYTNotFound
4652,"{{1, 3, 5, 7, 15}, {2, 6, 11, 12}, {4, 9, 13}, {8, 14}, {10}}","{{1, 2, 5, 6, 8}, {3, 7, 12, 14}, {4, 10, 13}, {9, 11}, {15}}",False,,,,False,FlipSYTNotFound
4681,"{{1, 3, 8, 13, 15}, {2, 5, 10, 14}, {4, 6, 12}, {7, 9}, {11}}","{{1, 2, 4, 5, 9}, {3, 6, 7, 12}, {8, 10, 14}, {11, 15}, {13}}",False,,,,False,FlipSYTNotFound
4711,"{{1, 2, 5, 13, 15}, {3, 6, 8, 14}, {4, 7, 12}, {9, 11}, {10}}","{{1, 2, 4, 5, 6}, {3, 7, 9, 12}, {8, 13, 15}, {10, 14}, {11}}",False,,,,False,FlipSYTNotFound
4722,"{{1, 3, 6, 13, 15}, {2, 5, 10, 14}, {4, 8, 12}, {7, 9}, {11}}","{{1, 2, 4, 5, 9}, {3, 6, 7, 12}, {8, 11, 14}, {10, 15}, {13}}",False,,,,False,FlipSYTNotFound
4737,"{{1, 3, 8, 13, 15}, {2, 5, 10, 14}, {4, 7, 12}, {6, 9}, {11}}","{{1, 2, 4, 5, 10}, {3, 6, 7, 12}, {8, 9, 14}, {11, 15}, {13}}",False,,,,False,FlipSYTNotFound
4746,"{{1, 3, 7, 13, 15}, {2, 5, 10, 14}, {4, 8, 12}, {6, 9}, {11}}","{{1, 2, 4, 5, 10}, {3, 6, 7, 12}, {8, 11, 14}, {9, 15}, {13}}",False,,,,False,FlipSYTNotFound
4795,"{{1, 3, 7, 13, 15}, {2, 6, 10, 14}, {4, 8, 12}, {5, 9}, {11}}","{{1, 2, 4, 5, 11}, {3, 6, 7, 12}, {8, 10, 14}, {9, 15}, {13}}",False,,,,False,FlipSYTNotFound
4802,"{{1, 3, 4, 10, 15}, {2, 8, 9, 12}, {5, 11, 13}, {6, 14}, {7}}","{{1, 2, 5, 8, 9}, {3, 7, 10, 14}, {4, 11, 13}, {6, 12}, {15}}",False,,,,False,FlipSYTNotFound
4809,"{{1, 3, 7, 13, 15}, {2, 5, 9, 14}, {4, 6, 12}, {8, 11}, {10}}","{{1, 2, 4, 5, 6}, {3, 7, 8, 12}, {9, 10, 14}, {11, 15}, {13}}",False,,,,False,FlipSYTNotFound
4823,"{{1, 3, 6, 13, 15}, {2, 5, 8, 14}, {4, 7, 12}, {9, 11}, {10}}","{{1, 2, 4, 5, 6}, {3, 7, 9, 12}, {8, 11, 14}, {10, 15}, {13}}",False,,,,False,FlipSYTNotFound
5044,"{{1, 3, 7, 13, 15}, {2, 5, 8, 14}, {4, 6, 12}, {9, 11}, {10}}","{{1, 2, 4, 5, 6}, {3, 7, 10, 12}, {8, 11, 14}, {9, 15}, {13}}",False,,,,False,FlipSYTNotFound
5069,"{{1, 4, 6, 13, 15}, {2, 5, 8, 14}, {3, 7, 12}, {9, 11}, {10}}","{{1, 2, 4, 5, 6}, {3, 7, 9, 13}, {8, 11, 14}, {10, 15}, {12}}",False,,,,False,FlipSYTNotFound
5202,"{{1, 4, 5, 8, 12}, {2, 6, 9, 10}, {3, 7, 15}, {11, 14}, {13}}","{{1, 2, 3, 9, 13}, {4, 5, 7, 14}, {6, 10, 12}, {8, 15}, {11}}",False,,,,False,FlipSYTNotFound
5250,"{{1, 4, 5, 7, 13}, {2, 6, 8, 14}, {3, 9, 15}, {10, 11}, {12}}","{{1, 4, 6, 12, 13}, {2, 5, 10, 14}, {3, 7, 11}, {8, 15}, {9}}",False,,,,False,FlipSYTNotFound
5296,"{{1, 3, 7, 13, 15}, {2, 5, 10, 14}, {4, 6, 12}, {8, 9}, {11}}","{{1, 2, 4, 5, 8}, {3, 6, 7, 12}, {9, 10, 14}, {11, 15}, {13}}",False,,,,False,FlipSYTNotFound
5300,"{{1, 4, 5, 9, 12}, {2, 6, 8, 10}, {3, 7, 15}, {11, 14}, {13}}","{{1, 2, 3, 9, 13}, {4, 5, 8, 14}, {6, 10, 12}, {7, 15}, {11}}",False,,,,False,FlipSYTNotFound
5354,"{{1, 4, 5, 7, 12}, {2, 6, 9, 10}, {3, 8, 15}, {11, 14}, {13}}","{{1, 2, 3, 8, 13}, {4, 5, 7, 14}, {6, 10, 12}, {9, 15}, {11}}",False,,,,False,FlipSYTNotFound
5358,"{{1, 4, 5, 6, 7}, {2, 8, 10, 11}, {3, 12, 14}, {9, 15}, {13}}","{{1, 3, 7, 12, 13}, {2, 4, 8, 14}, {5, 6, 11}, {9, 10}, {15}}",False,,,,False,FlipSYTNotFound
5384,"{{1, 3, 6, 13, 15}, {2, 5, 9, 14}, {4, 7, 12}, {8, 10}, {11}}","{{1, 2, 4, 5, 8}, {3, 6, 9, 12}, {7, 11, 14}, {10, 15}, {13}}",False,,,,False,FlipSYTNotFound
5593,"{{1, 6, 8, 10, 13}, {2, 7, 11, 15}, {3, 9, 14}, {4, 12}, {5}}","{{1, 2, 4, 9, 11}, {3, 5, 7, 12}, {6, 8, 13}, {10, 14}, {15}}",False,,,,False,FlipSYTNotFound
5626,"{{1, 3, 4, 5, 11}, {2, 7, 9, 15}, {6, 8, 12}, {10, 14}, {13}}","{{1, 2, 3, 10, 14}, {4, 6, 8, 13}, {5, 7, 15}, {9, 12}, {11}}",False,,,,False,FlipSYTNotFound
5631,"{{1, 3, 10, 11, 12}, {2, 5, 13, 14}, {4, 7, 15}, {6, 8}, {9}}","{{1, 3, 6, 7, 10}, {2, 5, 8, 12}, {4, 9, 14}, {11, 15}, {13}}",False,,,,False,FlipSYTNotFound
5712,"{{1, 3, 8, 13, 15}, {2, 5, 9, 14}, {4, 6, 12}, {7, 10}, {11}}","{{1, 2, 4, 5, 9}, {3, 6, 10, 12}, {7, 11, 14}, {8, 15}, {13}}",False,,,,False,FlipSYTNotFound
5801,"{{1, 3, 10, 11, 12}, {2, 5, 13, 14}, {4, 6, 15}, {7, 8}, {9}}","{{1, 3, 6, 7, 9}, {2, 5, 8, 12}, {4, 10, 14}, {11, 15}, {13}}",False,,,,False,FlipSYTNotFound
5803,"{{1, 3, 5, 10, 13}, {2, 6, 11, 15}, {4, 8, 14}, {7, 12}, {9}}","{{1, 2, 4, 7, 14}, {3, 5, 8, 9}, {6, 10, 12}, {11, 13}, {15}}",False,,,,False,FlipSYTNotFound
5826,"{{1, 6, 9, 11, 12}, {2, 7, 13, 14}, {3, 8, 15}, {4, 10}, {5}}","{{1, 3, 6, 8, 11}, {2, 5, 7, 12}, {4, 9, 13}, {10, 14}, {15}}",False,,,,False,FlipSYTNotFound
5837,"{{1, 4, 7, 13, 15}, {2, 6, 9, 14}, {3, 8, 12}, {5, 10}, {11}}","{{1, 2, 4, 5, 11}, {3, 6, 8, 13}, {7, 10, 14}, {9, 15}, {12}}",False,,,,False,FlipSYTNotFound
5838,"{{1, 4, 5, 6, 8}, {2, 7, 10, 11}, {3, 12, 14}, {9, 15}, {13}}","{{1, 3, 7, 12, 13}, {2, 4, 9, 14}, {5, 6, 11}, {8, 10}, {15}}",False,,,,False,FlipSYTNotFound
5873,"{{1, 3, 6, 13, 15}, {2, 5, 10, 14}, {4, 7, 12}, {8, 9}, {11}}","{{1, 2, 4, 5, 8}, {3, 6, 7, 12}, {9, 11, 14}, {10, 15}, {13}}",False,,,,False,FlipSYTNotFound
5921,"{{1, 3, 8, 13, 15}, {2, 5, 9, 14}, {4, 7, 12}, {6, 10}, {11}}","{{1, 2, 4, 5, 10}, {3, 6, 9, 12}, {7, 11, 14}, {8, 15}, {13}}",False,,,,False,FlipSYTNotFound
5942,"{{1, 3, 7, 13, 15}, {2, 5, 9, 14}, {4, 8, 12}, {6, 10}, {11}}","{{1, 2, 4, 5, 10}, {3, 6, 8, 12}, {7, 11, 14}, {9, 15}, {13}}",False,,,,False,FlipSYTNotFound
5955,"{{1, 3, 7, 13, 15}, {2, 5, 9, 14}, {4, 6, 12}, {8, 10}, {11}}","{{1, 2, 4, 5, 8}, {3, 6, 10, 12}, {7, 11, 14}, {9, 15}, {13}}",False,,,,False,FlipSYTNotFound
6047,"{{1, 2, 5, 10, 12}, {3, 4, 9, 14}, {6, 8, 11}, {7, 13}, {15}}","{{1, 3, 7, 8, 9}, {2, 5, 10, 13}, {4, 12, 15}, {6, 14}, {11}}",False,,,,False,FlipSYTNotFound
6049,"{{1, 3, 10, 11, 12}, {2, 5, 13, 14}, {4, 6, 15}, {7, 9}, {8}}","{{1, 3, 6, 7, 8}, {2, 5, 9, 12}, {4, 10, 14}, {11, 15}, {13}}",False,,,,False,FlipSYTNotFound
6122,"{{1, 2, 5, 11, 12}, {3, 4, 7, 14}, {6, 8, 9}, {10, 13}, {15}}","{{1, 3, 6, 8, 10}, {2, 5, 7, 13}, {4, 12, 15}, {9, 14}, {11}}",False,,,,False,FlipSYTNotFound
6144,"{{1, 4, 9, 11, 12}, {2, 5, 13, 14}, {3, 8, 15}, {6, 10}, {7}}","{{1, 3, 6, 8, 9}, {2, 5, 7, 10}, {4, 11, 13}, {12, 14}, {15}}",False,,,,False,FlipSYTNotFound
6146,"{{1, 5, 8, 10, 13}, {2, 6, 11, 15}, {3, 7, 14}, {4, 12}, {9}}","{{1, 2, 4, 7, 12}, {3, 5, 8, 9}, {6, 10, 13}, {11, 14}, {15}}",False,,,,False,FlipSYTNotFound
6148,"{{1, 2, 4, 5, 12}, {3, 7, 9, 10}, {6, 8, 15}, {11, 14}, {13}}","{{1, 2, 3, 8, 10}, {4, 5, 7, 15}, {6, 12, 13}, {9, 14}, {11}}",True,20,20,1.28529803362408515525E-1,False,DistanceAboveTolerance
6231,"{{1, 2, 3, 13, 15}, {4, 7, 9, 14}, {5, 8, 12}, {6, 10}, {11}}","{{1, 2, 4, 5, 10}, {3, 6, 8, 11}, {7, 12, 15}, {9, 14}, {13}}",False,,,,False,FlipSYTNotFound
6249,"{{1, 3, 7, 13, 15}, {2, 6, 9, 14}, {4, 8, 12}, {5, 10}, {11}}","{{1, 2, 4, 5, 11}, {3, 6, 8, 12}, {7, 10, 14}, {9, 15}, {13}}",False,,,,False,FlipSYTNotFound
6275,"{{1, 4, 6, 13, 15}, {2, 5, 10, 14}, {3, 7, 12}, {8, 9}, {11}}","{{1, 2, 4, 5, 8}, {3, 6, 7, 13}, {9, 11, 14}, {10, 15}, {12}}",False,,,,False,FlipSYTNotFound
6295,"{{1, 6, 8, 9, 13}, {2, 7, 11, 15}, {3, 10, 14}, {4, 12}, {5}}","{{1, 2, 4, 9, 11}, {3, 5, 6, 12}, {7, 8, 13}, {10, 14}, {15}}",False,,,,False,FlipSYTNotFound
6312,"{{1, 4, 7, 10, 13}, {2, 6, 11, 15}, {3, 9, 14}, {5, 12}, {8}}","{{1, 2, 4, 8, 11}, {3, 5, 7, 10}, {6, 9, 13}, {12, 14}, {15}}",False,,,,False,FlipSYTNotFound
6323,"{{1, 3, 5, 10, 13}, {2, 4, 11, 15}, {6, 7, 14}, {8, 12}, {9}}","{{1, 2, 4, 7, 14}, {3, 5, 8, 10}, {6, 9, 12}, {11, 15}, {13}}",False,,,,False,FlipSYTNotFound
6396,"{{1, 3, 7, 13, 15}, {2, 6, 8, 14}, {4, 9, 12}, {5, 10}, {11}}","{{1, 2, 4, 5, 11}, {3, 6, 10, 12}, {7, 13, 14}, {8, 15}, {9}}",False,,,,False,FlipSYTNotFound
6427,"{{1, 3, 6, 13, 15}, {2, 5, 9, 14}, {4, 8, 12}, {7, 10}, {11}}","{{1, 2, 4, 5, 9}, {3, 6, 8, 12}, {7, 11, 14}, {10, 15}, {13}}",False,,,,False,FlipSYTNotFound
6490,"{{1, 3, 9, 11, 12}, {2, 5, 13, 14}, {4, 6, 15}, {7, 8}, {10}}","{{1, 3, 6, 8, 9}, {2, 5, 7, 12}, {4, 10, 14}, {11, 15}, {13}}",False,,,,False,FlipSYTNotFound
6597,"{{1, 2, 5, 13, 15}, {3, 6, 8, 14}, {4, 7, 12}, {9, 10}, {11}}","{{1, 2, 4, 5, 7}, {3, 6, 9, 12}, {8, 13, 15}, {10, 14}, {11}}",False,,,,False,FlipSYTNotFound
6599,"{{1, 3, 5, 11, 12}, {2, 4, 13, 14}, {6, 7, 15}, {8, 10}, {9}}","{{1, 3, 6, 7, 14}, {2, 5, 8, 10}, {4, 9, 12}, {11, 15}, {13}}",False,,,,False,FlipSYTNotFound
6653,"{{1, 3, 6, 11, 12}, {2, 5, 13, 14}, {4, 9, 15}, {7, 10}, {8}}","{{1, 3, 6, 8, 12}, {2, 5, 7, 9}, {4, 10, 11}, {13, 14}, {15}}",False,,,,False,FlipSYTNotFound
6672,"{{1, 4, 7, 11, 12}, {2, 6, 13, 14}, {3, 8, 15}, {5, 10}, {9}}","{{1, 3, 6, 7, 11}, {2, 5, 8, 10}, {4, 9, 13}, {12, 14}, {15}}",False,,,,False,FlipSYTNotFound
6733,"{{1, 3, 5, 9, 13}, {2, 6, 11, 15}, {4, 10, 14}, {7, 12}, {8}}","{{1, 2, 4, 8, 14}, {3, 5, 6, 9}, {7, 10, 12}, {11, 13}, {15}}",False,,,,False,FlipSYTNotFound
6742,"{{1, 3, 5, 11, 12}, {2, 6, 13, 14}, {4, 8, 15}, {7, 10}, {9}}","{{1, 3, 6, 7, 14}, {2, 5, 8, 9}, {4, 10, 12}, {11, 13}, {15}}",False,,,,False,FlipSYTNotFound
6752,"{{1, 4, 5, 8, 12}, {2, 6, 7, 9}, {3, 10, 15}, {11, 14}, {13}}","{{1, 2, 3, 10, 13}, {4, 5, 9, 14}, {6, 11, 12}, {7, 15}, {8}}",False,,,,False,FlipSYTNotFound
6822,"{{1, 4, 7, 10, 12}, {2, 5, 8, 14}, {3, 9, 11}, {6, 13}, {15}}","{{1, 3, 7, 10, 13}, {2, 5, 8, 11}, {4, 12, 14}, {6, 15}, {9}}",False,,,,False,FlipSYTNotFound
6831,"{{1, 3, 9, 11, 12}, {2, 5, 13, 14}, {4, 7, 15}, {6, 8}, {10}}","{{1, 3, 6, 8, 10}, {2, 5, 7, 12}, {4, 9, 14}, {11, 15}, {13}}",False,,,,False,FlipSYTNotFound
6875,"{{1, 3, 6, 10, 12}, {2, 5, 7, 14}, {4, 9, 11}, {8, 13}, {15}}","{{1, 3, 7, 8, 12}, {2, 5, 9, 11}, {4, 13, 14}, {6, 15}, {10}}",False,,,,False,FlipSYTNotFound
6896,"{{1, 3, 5, 7, 9}, {2, 4, 8, 11}, {6, 12, 14}, {10, 15}, {13}}","{{1, 3, 6, 12, 14}, {2, 4, 10, 15}, {5, 8, 11}, {7, 9}, {13}}",False,,,,False,FlipSYTNotFound
6991,"{{1, 4, 7, 9, 13}, {2, 6, 11, 15}, {3, 10, 14}, {5, 12}, {8}}","{{1, 2, 4, 8, 11}, {3, 5, 6, 10}, {7, 9, 13}, {12, 14}, {15}}",False,,,,False,FlipSYTNotFound
7006,"{{1, 3, 6, 13, 15}, {2, 5, 8, 14}, {4, 7, 12}, {9, 10}, {11}}","{{1, 2, 4, 5, 7}, {3, 6, 9, 12}, {8, 11, 14}, {10, 15}, {13}}",False,,,,False,FlipSYTNotFound
7051,"{{1, 3, 4, 11, 12}, {2, 7, 13, 14}, {5, 8, 15}, {6, 9}, {10}}","{{1, 3, 6, 10, 14}, {2, 5, 7, 11}, {4, 8, 13}, {9, 15}, {12}}",False,,,,False,FlipSYTNotFound
7129,"{{1, 3, 7, 13, 15}, {2, 5, 8, 14}, {4, 6, 12}, {9, 10}, {11}}","{{1, 2, 4, 5, 7}, {3, 6, 10, 12}, {8, 11, 14}, {9, 15}, {13}}",False,,,,False,FlipSYTNotFound
7209,"{{1, 4, 9, 10, 12}, {2, 5, 13, 14}, {3, 8, 15}, {6, 11}, {7}}","{{1, 3, 5, 8, 9}, {2, 6, 7, 10}, {4, 11, 13}, {12, 14}, {15}}",False,,,,False,FlipSYTNotFound
7248,"{{1, 3, 5, 8, 13}, {2, 7, 11, 15}, {4, 10, 14}, {6, 12}, {9}}","{{1, 2, 4, 7, 14}, {3, 5, 6, 10}, {8, 9, 12}, {11, 13}, {15}}",False,,,,False,FlipSYTNotFound
7275,"{{1, 4, 8, 11, 12}, {2, 5, 13, 14}, {3, 7, 15}, {6, 9}, {10}}","{{1, 3, 6, 9, 10}, {2, 5, 7, 13}, {4, 8, 14}, {11, 15}, {12}}",False,,,,False,FlipSYTNotFound
7298,"{{1, 3, 6, 10, 12}, {2, 7, 8, 14}, {4, 9, 11}, {5, 13}, {15}}","{{1, 3, 7, 9, 11}, {2, 5, 8, 12}, {4, 13, 14}, {6, 15}, {10}}",False,,,,False,FlipSYTNotFound
7312,"{{1, 3, 7, 11, 12}, {2, 4, 13, 14}, {5, 8, 15}, {6, 9}, {10}}","{{1, 3, 6, 10, 14}, {2, 5, 7, 11}, {4, 8, 12}, {9, 15}, {13}}",False,,,,False,FlipSYTNotFound
7447,"{{1, 4, 5, 7, 15}, {2, 6, 10, 12}, {3, 11, 13}, {8, 14}, {9}}","{{1, 2, 5, 7, 13}, {3, 6, 8, 14}, {4, 10, 12}, {9, 11}, {15}}",False,,,,False,FlipSYTNotFound
7533,"{{1, 5, 8, 13, 15}, {2, 6, 10, 14}, {3, 9, 11}, {4, 12}, {7}}","{{1, 2, 4, 7, 9}, {3, 5, 10, 12}, {6, 11, 13}, {8, 14}, {15}}",False,,,,False,FlipSYTNotFound
7837,"{{1, 6, 9, 10, 12}, {2, 7, 13, 14}, {3, 8, 15}, {4, 11}, {5}}","{{1, 3, 5, 8, 11}, {2, 6, 7, 12}, {4, 9, 13}, {10, 14}, {15}}",False,,,,False,FlipSYTNotFound
7919,"{{1, 2, 5, 8, 10}, {3, 6, 11, 15}, {4, 7, 12}, {9, 14}, {13}}","{{1, 2, 3, 12, 15}, {4, 7, 9, 13}, {5, 8, 14}, {6, 10}, {11}}",False,,,,False,FlipSYTNotFound
7939,"{{1, 3, 7, 10, 11}, {2, 4, 8, 12}, {5, 9, 15}, {6, 14}, {13}}","{{1, 2, 3, 10, 14}, {4, 6, 7, 15}, {5, 8, 11}, {9, 12}, {13}}",False,,,,False,FlipSYTNotFound
7945,"{{1, 2, 3, 7, 13}, {4, 5, 11, 15}, {6, 10, 14}, {8, 12}, {9}}","{{1, 2, 4, 7, 15}, {3, 5, 6, 8}, {9, 10, 12}, {11, 14}, {13}}",False,,,,False,FlipSYTNotFound
8016,"{{1, 3, 5, 9, 12}, {2, 6, 10, 14}, {4, 8, 11}, {7, 13}, {15}}","{{1, 3, 8, 9, 14}, {2, 5, 10, 12}, {4, 11, 13}, {6, 15}, {7}}",False,,,,False,FlipSYTNotFound
8044,"{{1, 3, 8, 11, 12}, {2, 5, 13, 14}, {4, 7, 15}, {6, 9}, {10}}","{{1, 3, 6, 9, 10}, {2, 5, 7, 12}, {4, 8, 14}, {11, 15}, {13}}",False,,,,False,FlipSYTNotFound
8199,"{{1, 3, 4, 9, 12}, {2, 7, 10, 14}, {5, 8, 11}, {6, 13}, {15}}","{{1, 3, 8, 10, 14}, {2, 5, 9, 11}, {4, 12, 13}, {6, 15}, {7}}",False,,,,False,FlipSYTNotFound
8318,"{{1, 6, 8, 10, 12}, {2, 7, 13, 14}, {3, 9, 15}, {4, 11}, {5}}","{{1, 3, 5, 9, 11}, {2, 6, 7, 12}, {4, 8, 13}, {10, 14}, {15}}",False,,,,False,FlipSYTNotFound
8358,"{{1, 2, 5, 10, 11}, {3, 6, 9, 12}, {4, 7, 15}, {8, 14}, {13}}","{{1, 2, 3, 8, 12}, {4, 6, 7, 15}, {5, 9, 13}, {10, 14}, {11}}",False,,,,False,FlipSYTNotFound
8438,"{{1, 3, 5, 10, 12}, {2, 6, 13, 14}, {4, 9, 15}, {7, 11}, {8}}","{{1, 3, 5, 8, 14}, {2, 6, 7, 9}, {4, 10, 12}, {11, 13}, {15}}",False,,,,False,FlipSYTNotFound
8531,"{{1, 2, 3, 6, 10}, {4, 5, 7, 9}, {8, 12, 14}, {11, 15}, {13}}","{{1, 3, 5, 11, 12}, {2, 4, 8, 15}, {6, 7, 14}, {9, 13}, {10}}",False,,,,False,FlipSYTNotFound
8551,"{{1, 4, 5, 10, 11}, {2, 6, 8, 12}, {3, 7, 15}, {9, 14}, {13}}","{{1, 2, 3, 9, 13}, {4, 6, 7, 14}, {5, 8, 12}, {10, 15}, {11}}",False,,,,False,FlipSYTNotFound
8582,"{{1, 3, 5, 10, 12}, {2, 6, 13, 14}, {4, 8, 15}, {7, 11}, {9}}","{{1, 3, 5, 7, 14}, {2, 6, 8, 9}, {4, 10, 12}, {11, 13}, {15}}",False,,,,False,FlipSYTNotFound
8668,"{{1, 3, 4, 6, 12}, {2, 7, 10, 14}, {5, 9, 11}, {8, 13}, {15}}","{{1, 3, 7, 8, 14}, {2, 5, 9, 11}, {4, 12, 13}, {6, 15}, {10}}",False,,,,False,FlipSYTNotFound
8753,"{{1, 2, 4, 13, 15}, {3, 5, 10, 14}, {6, 7, 11}, {8, 12}, {9}}","{{1, 2, 4, 7, 10}, {3, 5, 8, 13}, {6, 9, 15}, {11, 14}, {12}}",False,,,,False,FlipSYTNotFound
8763,"{{1, 4, 5, 6, 7}, {2, 8, 9, 10}, {3, 12, 14}, {11, 15}, {13}}","{{1, 3, 5, 12, 13}, {2, 4, 8, 14}, {6, 7, 11}, {9, 10}, {15}}",False,,,,False,FlipSYTNotFound
8839,"{{1, 5, 8, 9, 13}, {2, 6, 11, 15}, {3, 7, 14}, {4, 12}, {10}}","{{1, 2, 4, 6, 12}, {3, 5, 8, 9}, {7, 10, 13}, {11, 14}, {15}}",False,,,,False,FlipSYTNotFound
8973,"{{1, 3, 4, 6, 12}, {2, 5, 10, 14}, {7, 9, 11}, {8, 13}, {15}}","{{1, 3, 7, 8, 14}, {2, 5, 9, 13}, {4, 11, 15}, {6, 12}, {10}}",False,,,,False,FlipSYTNotFound
9240,"{{1, 3, 5, 8, 13}, {2, 6, 11, 15}, {4, 9, 14}, {7, 12}, {10}}","{{1, 2, 4, 6, 14}, {3, 5, 7, 9}, {8, 10, 12}, {11, 13}, {15}}",False,,,,False,FlipSYTNotFound
9357,"{{1, 4, 8, 9, 13}, {2, 6, 11, 15}, {3, 7, 14}, {5, 12}, {10}}","{{1, 2, 4, 6, 11}, {3, 5, 8, 9}, {7, 10, 13}, {12, 14}, {15}}",False,,,,False,FlipSYTNotFound
9586,"{{1, 3, 6, 8, 11}, {2, 4, 10, 12}, {5, 7, 15}, {9, 14}, {13}}","{{1, 2, 3, 11, 14}, {4, 6, 7, 12}, {5, 8, 9}, {10, 15}, {13}}",False,,,,False,FlipSYTNotFound
9724,"{{1, 2, 6, 7, 13}, {3, 5, 8, 14}, {4, 9, 11}, {10, 15}, {12}}","{{1, 4, 6, 11, 12}, {2, 5, 10, 13}, {3, 7, 15}, {8, 14}, {9}}",False,,,,False,FlipSYTNotFound
9947,"{{1, 3, 7, 8, 11}, {2, 4, 10, 12}, {5, 6, 15}, {9, 14}, {13}}","{{1, 2, 3, 10, 11}, {4, 6, 7, 14}, {5, 8, 9}, {12, 15}, {13}}",False,,,,False,FlipSYTNotFound
10177,"{{1, 2, 3, 5, 6}, {4, 8, 11, 15}, {7, 9, 12}, {10, 14}, {13}}","{{1, 2, 3, 9, 15}, {4, 6, 12, 14}, {5, 7, 13}, {8, 11}, {10}}",False,,,,False,FlipSYTNotFound
10429,"{{1, 3, 5, 9, 12}, {2, 6, 8, 14}, {4, 10, 11}, {7, 13}, {15}}","{{1, 3, 6, 9, 12}, {2, 5, 8, 10}, {4, 13, 14}, {7, 15}, {11}}",False,,,,False,FlipSYTNotFound
10445,"{{1, 3, 6, 9, 12}, {2, 5, 7, 14}, {4, 10, 11}, {8, 13}, {15}}","{{1, 3, 6, 8, 12}, {2, 5, 9, 11}, {4, 13, 14}, {7, 15}, {10}}",False,,,,False,FlipSYTNotFound
10502,"{{1, 2, 5, 7, 13}, {3, 6, 8, 14}, {4, 9, 10}, {11, 15}, {12}}","{{1, 4, 7, 12, 15}, {2, 5, 10, 13}, {3, 6, 14}, {8, 11}, {9}}",False,,,,False,FlipSYTNotFound
10546,"{{1, 3, 5, 9, 12}, {2, 6, 13, 14}, {4, 8, 15}, {7, 11}, {10}}","{{1, 3, 5, 6, 14}, {2, 7, 8, 9}, {4, 10, 12}, {11, 13}, {15}}",False,,,,False,FlipSYTNotFound
10569,"{{1, 3, 4, 6, 12}, {2, 7, 9, 14}, {5, 10, 11}, {8, 13}, {15}}","{{1, 3, 6, 8, 14}, {2, 5, 9, 11}, {4, 12, 13}, {7, 15}, {10}}",False,,,,False,FlipSYTNotFound
10687,"{{1, 2, 4, 10, 13}, {3, 5, 6, 14}, {7, 8, 9}, {11, 15}, {12}}","{{1, 4, 7, 8, 9}, {2, 5, 11, 13}, {3, 6, 15}, {10, 14}, {12}}",False,,,,False,FlipSYTNotFound
10699,"{{1, 3, 4, 7, 12}, {2, 6, 13, 14}, {5, 10, 15}, {8, 11}, {9}}","{{1, 3, 5, 7, 14}, {2, 6, 8, 11}, {4, 9, 10}, {12, 13}, {15}}",False,,,,False,FlipSYTNotFound
10819,"{{1, 4, 6, 7, 11}, {2, 5, 9, 12}, {3, 10, 15}, {8, 14}, {13}}","{{1, 2, 3, 11, 13}, {4, 6, 8, 14}, {5, 7, 10}, {9, 12}, {15}}",False,,,,False,FlipSYTNotFound
10916,"{{1, 2, 3, 4, 11}, {5, 6, 9, 10}, {7, 8, 14}, {12, 15}, {13}}","{{1, 3, 7, 8, 9}, {2, 4, 11, 15}, {5, 6, 14}, {10, 13}, {12}}",False,,,,False,FlipSYTNotFound
11259,"{{1, 4, 8, 9, 13}, {2, 6, 10, 15}, {3, 11, 14}, {5, 12}, {7}}","{{1, 2, 4, 9, 11}, {3, 5, 8, 10}, {6, 12, 13}, {7, 14}, {15}}",False,,,,False,FlipSYTNotFound
11570,"{{1, 3, 4, 6, 12}, {2, 8, 9, 14}, {5, 10, 11}, {7, 13}, {15}}","{{1, 3, 6, 9, 14}, {2, 5, 8, 11}, {4, 12, 13}, {7, 15}, {10}}",False,,,,False,FlipSYTNotFound
11596,"{{1, 3, 6, 9, 13}, {2, 8, 10, 15}, {4, 11, 14}, {5, 12}, {7}}","{{1, 2, 4, 9, 14}, {3, 5, 8, 11}, {6, 10, 12}, {7, 13}, {15}}",False,,,,False,FlipSYTNotFound
11688,"{{1, 3, 6, 7, 11}, {2, 4, 8, 9}, {5, 10, 14}, {12, 15}, {13}}","{{1, 3, 8, 11, 14}, {2, 4, 12, 15}, {5, 6, 13}, {7, 10}, {9}}",False,,,,False,FlipSYTNotFound
11722,"{{1, 3, 6, 9, 12}, {2, 5, 13, 14}, {4, 7, 15}, {8, 11}, {10}}","{{1, 3, 5, 6, 12}, {2, 7, 8, 11}, {4, 9, 14}, {10, 15}, {13}}",False,,,,False,FlipSYTNotFound
11940,"{{1, 4, 5, 9, 11}, {2, 6, 8, 12}, {3, 7, 15}, {10, 14}, {13}}","{{1, 2, 3, 9, 13}, {4, 6, 8, 14}, {5, 7, 12}, {10, 15}, {11}}",False,,,,False,FlipSYTNotFound
11998,"{{1, 2, 6, 9, 12}, {3, 4, 8, 14}, {5, 7, 11}, {10, 13}, {15}}","{{1, 3, 6, 9, 11}, {2, 5, 8, 13}, {4, 12, 15}, {7, 14}, {10}}",False,,,,False,FlipSYTNotFound
12224,"{{1, 5, 6, 7, 13}, {2, 9, 10, 15}, {3, 11, 14}, {4, 12}, {8}}","{{1, 2, 4, 8, 12}, {3, 5, 7, 11}, {6, 10, 13}, {9, 14}, {15}}",False,,,,False,FlipSYTNotFound
12245,"{{1, 3, 5, 7, 15}, {2, 6, 10, 12}, {4, 9, 13}, {8, 14}, {11}}","{{1, 2, 5, 7, 8}, {3, 6, 12, 14}, {4, 10, 13}, {9, 11}, {15}}",False,,,,False,FlipSYTNotFound
12465,"{{1, 3, 8, 10, 12}, {2, 5, 13, 14}, {4, 7, 15}, {6, 9}, {11}}","{{1, 3, 5, 9, 10}, {2, 6, 7, 12}, {4, 8, 14}, {11, 15}, {13}}",False,,,,False,FlipSYTNotFound
12591,"{{1, 2, 3, 7, 9}, {4, 5, 10, 15}, {6, 11, 12}, {8, 14}, {13}}","{{1, 2, 3, 8, 15}, {4, 5, 10, 12}, {6, 9, 14}, {7, 11}, {13}}",False,,,,False,FlipSYTNotFound
12800,"{{1, 3, 4, 10, 12}, {2, 7, 13, 14}, {5, 8, 15}, {6, 9}, {11}}","{{1, 3, 5, 10, 14}, {2, 6, 7, 11}, {4, 8, 13}, {9, 15}, {12}}",False,,,,False,FlipSYTNotFound
12880,"{{1, 2, 5, 13, 15}, {3, 4, 7, 14}, {6, 8, 10}, {9, 12}, {11}}","{{1, 2, 4, 5, 10}, {3, 6, 7, 13}, {8, 12, 15}, {9, 14}, {11}}",False,,,,False,FlipSYTNotFound
12976,"{{1, 3, 8, 9, 12}, {2, 5, 13, 14}, {4, 7, 15}, {6, 10}, {11}}","{{1, 3, 5, 9, 10}, {2, 6, 8, 12}, {4, 7, 14}, {11, 15}, {13}}",False,,,,False,FlipSYTNotFound
13034,"{{1, 5, 8, 11, 12}, {2, 6, 10, 14}, {3, 9, 13}, {4, 15}, {7}}","{{1, 3, 6, 7, 9}, {2, 5, 10, 12}, {4, 11, 13}, {8, 14}, {15}}",False,,,,False,FlipSYTNotFound
13130,"{{1, 3, 9, 10, 12}, {2, 5, 13, 14}, {4, 7, 15}, {6, 8}, {11}}","{{1, 3, 5, 8, 10}, {2, 6, 7, 12}, {4, 9, 14}, {11, 15}, {13}}",False,,,,False,FlipSYTNotFound
13235,"{{1, 3, 9, 10, 12}, {2, 5, 13, 14}, {4, 6, 15}, {7, 8}, {11}}","{{1, 3, 5, 8, 9}, {2, 6, 7, 12}, {4, 10, 14}, {11, 15}, {13}}",False,,,,False,FlipSYTNotFound
13255,"{{1, 2, 7, 9, 15}, {3, 5, 8, 12}, {4, 10, 13}, {6, 14}, {11}}","{{1, 2, 5, 10, 12}, {3, 6, 11, 15}, {4, 8, 13}, {7, 9}, {14}}",False,,,,False,FlipSYTNotFound
13269,"{{1, 4, 8, 9, 12}, {2, 5, 13, 14}, {3, 7, 15}, {6, 10}, {11}}","{{1, 3, 5, 9, 10}, {2, 6, 8, 13}, {4, 7, 14}, {11, 15}, {12}}",False,,,,False,FlipSYTNotFound
13303,"{{1, 3, 7, 9, 15}, {2, 4, 8, 12}, {5, 10, 13}, {6, 14}, {11}}","{{1, 2, 5, 10, 14}, {3, 6, 11, 15}, {4, 8, 12}, {7, 9}, {13}}",False,,,,False,FlipSYTNotFound
13453,"{{1, 2, 5, 7, 15}, {3, 8, 9, 12}, {4, 10, 13}, {6, 14}, {11}}","{{1, 2, 5, 8, 10}, {3, 6, 12, 15}, {4, 7, 13}, {9, 11}, {14}}",False,,,,False,FlipSYTNotFound
13484,"{{1, 2, 4, 11, 12}, {3, 5, 10, 14}, {6, 7, 13}, {8, 15}, {9}}","{{1, 3, 6, 7, 10}, {2, 5, 8, 13}, {4, 9, 15}, {11, 14}, {12}}",False,,,,False,FlipSYTNotFound
13532,"{{1, 3, 8, 13, 15}, {2, 5, 10, 14}, {4, 7, 11}, {6, 9}, {12}}","{{1, 2, 4, 7, 10}, {3, 5, 9, 12}, {6, 11, 14}, {8, 15}, {13}}",False,,,,False,FlipSYTNotFound
13560,"{{1, 3, 8, 13, 15}, {2, 5, 10, 14}, {4, 6, 11}, {7, 9}, {12}}","{{1, 2, 4, 7, 9}, {3, 5, 10, 12}, {6, 11, 14}, {8, 15}, {13}}",False,,,,False,FlipSYTNotFound
13646,"{{1, 3, 6, 13, 15}, {2, 5, 10, 14}, {4, 8, 11}, {7, 9}, {12}}","{{1, 2, 4, 7, 9}, {3, 5, 8, 12}, {6, 11, 14}, {10, 15}, {13}}",False,,,,False,FlipSYTNotFound
13700,"{{1, 4, 6, 13, 15}, {2, 5, 10, 14}, {3, 8, 11}, {7, 9}, {12}}","{{1, 2, 4, 7, 9}, {3, 5, 8, 13}, {6, 11, 14}, {10, 15}, {12}}",False,,,,False,FlipSYTNotFound
13726,"{{1, 3, 9, 13, 15}, {2, 5, 10, 14}, {4, 6, 11}, {7, 8}, {12}}","{{1, 2, 4, 8, 9}, {3, 5, 10, 12}, {6, 11, 14}, {7, 15}, {13}}",False,,,,False,FlipSYTNotFound
13872,"{{1, 2, 4, 9, 12}, {3, 6, 8, 14}, {5, 7, 10}, {11, 13}, {15}}","{{1, 3, 5, 9, 11}, {2, 6, 8, 13}, {4, 10, 15}, {7, 14}, {12}}",False,,,,False,FlipSYTNotFound
13881,"{{1, 3, 5, 8, 12}, {2, 4, 7, 14}, {6, 9, 10}, {11, 13}, {15}}","{{1, 3, 5, 10, 14}, {2, 6, 7, 12}, {4, 9, 15}, {8, 13}, {11}}",False,,,,False,FlipSYTNotFound
13961,"{{1, 3, 8, 9, 12}, {2, 6, 13, 14}, {4, 7, 15}, {5, 10}, {11}}","{{1, 3, 5, 9, 11}, {2, 6, 8, 12}, {4, 7, 14}, {10, 15}, {13}}",False,,,,False,FlipSYTNotFound
13962,"{{1, 3, 9, 13, 15}, {2, 5, 10, 14}, {4, 7, 11}, {6, 8}, {12}}","{{1, 2, 4, 8, 10}, {3, 5, 9, 12}, {6, 11, 14}, {7, 15}, {13}}",False,,,,False,FlipSYTNotFound
14033,"{{1, 3, 4, 9, 12}, {2, 7, 13, 14}, {5, 8, 15}, {6, 10}, {11}}","{{1, 3, 5, 10, 14}, {2, 6, 8, 11}, {4, 7, 13}, {9, 15}, {12}}",False,,,,False,FlipSYTNotFound
14036,"{{1, 3, 6, 9, 10}, {2, 4, 11, 12}, {5, 7, 15}, {8, 14}, {13}}","{{1, 2, 3, 11, 14}, {4, 5, 8, 12}, {6, 7, 9}, {10, 15}, {13}}",False,,,,False,FlipSYTNotFound
14115,"{{1, 3, 5, 13, 15}, {2, 6, 10, 14}, {4, 8, 11}, {7, 9}, {12}}","{{1, 2, 4, 7, 9}, {3, 5, 8, 12}, {6, 13, 14}, {10, 15}, {11}}",False,,,,False,FlipSYTNotFound
14167,"{{1, 3, 5, 9, 10}, {2, 7, 11, 12}, {4, 8, 15}, {6, 14}, {13}}","{{1, 2, 3, 10, 14}, {4, 5, 8, 12}, {6, 7, 9}, {11, 13}, {15}}",False,,,,False,FlipSYTNotFound
14184,"{{1, 3, 8, 13, 15}, {2, 5, 9, 14}, {4, 7, 11}, {6, 10}, {12}}","{{1, 2, 4, 6, 10}, {3, 5, 9, 12}, {7, 11, 14}, {8, 15}, {13}}",False,,,,False,FlipSYTNotFound
14232,"{{1, 3, 6, 13, 15}, {2, 5, 10, 14}, {4, 7, 11}, {8, 9}, {12}}","{{1, 2, 4, 7, 8}, {3, 5, 9, 12}, {6, 11, 14}, {10, 15}, {13}}",False,,,,False,FlipSYTNotFound
14293,"{{1, 3, 7, 13, 15}, {2, 5, 9, 14}, {4, 8, 11}, {6, 10}, {12}}","{{1, 2, 4, 6, 10}, {3, 5, 8, 12}, {7, 11, 14}, {9, 15}, {13}}",False,,,,False,FlipSYTNotFound
14364,"{{1, 2, 7, 8, 12}, {3, 4, 9, 14}, {5, 6, 10}, {11, 13}, {15}}","{{1, 3, 5, 10, 11}, {2, 6, 9, 13}, {4, 12, 15}, {7, 14}, {8}}",False,,,,False,FlipSYTNotFound
14503,"{{1, 3, 7, 13, 15}, {2, 5, 10, 14}, {4, 8, 11}, {6, 9}, {12}}","{{1, 2, 4, 7, 10}, {3, 5, 8, 12}, {6, 11, 14}, {9, 15}, {13}}",False,,,,False,FlipSYTNotFound
14538,"{{1, 3, 7, 13, 15}, {2, 5, 10, 14}, {4, 6, 11}, {8, 9}, {12}}","{{1, 2, 4, 7, 8}, {3, 5, 10, 12}, {6, 11, 14}, {9, 15}, {13}}",False,,,,False,FlipSYTNotFound
14563,"{{1, 4, 8, 13, 15}, {2, 5, 9, 14}, {3, 7, 11}, {6, 10}, {12}}","{{1, 2, 4, 6, 10}, {3, 5, 9, 13}, {7, 11, 14}, {8, 15}, {12}}",False,,,,False,FlipSYTNotFound
14588,"{{1, 3, 4, 8, 12}, {2, 6, 13, 14}, {5, 9, 15}, {7, 10}, {11}}","{{1, 3, 5, 9, 14}, {2, 6, 10, 11}, {4, 7, 13}, {8, 15}, {12}}",False,,,,False,FlipSYTNotFound
14650,"{{1, 3, 5, 7, 8}, {2, 4, 10, 11}, {6, 9, 14}, {12, 15}, {13}}","{{1, 3, 7, 10, 14}, {2, 4, 11, 12}, {5, 6, 15}, {8, 9}, {13}}",False,,,,False,FlipSYTNotFound
14745,"{{1, 3, 6, 13, 15}, {2, 5, 8, 14}, {4, 7, 11}, {9, 10}, {12}}","{{1, 2, 4, 6, 7}, {3, 5, 9, 12}, {8, 11, 14}, {10, 15}, {13}}",False,,,,False,FlipSYTNotFound
14789,"{{1, 3, 6, 13, 15}, {2, 5, 9, 14}, {4, 8, 11}, {7, 10}, {12}}","{{1, 2, 4, 6, 9}, {3, 5, 8, 12}, {7, 11, 14}, {10, 15}, {13}}",False,,,,False,FlipSYTNotFound
14826,"{{1, 3, 5, 7, 12}, {2, 6, 13, 14}, {4, 9, 15}, {8, 10}, {11}}","{{1, 3, 5, 8, 14}, {2, 6, 10, 12}, {4, 7, 13}, {9, 15}, {11}}",False,,,,False,FlipSYTNotFound
14867,"{{1, 2, 4, 7, 8}, {3, 5, 10, 11}, {6, 9, 14}, {12, 15}, {13}}","{{1, 3, 7, 10, 15}, {2, 4, 11, 13}, {5, 6, 14}, {8, 9}, {12}}",False,,,,False,FlipSYTNotFound
14871,"{{1, 3, 8, 13, 15}, {2, 5, 9, 14}, {4, 6, 11}, {7, 10}, {12}}","{{1, 2, 4, 6, 9}, {3, 5, 10, 12}, {7, 11, 14}, {8, 15}, {13}}",False,,,,False,FlipSYTNotFound
14896,"{{1, 2, 6, 10, 11}, {3, 5, 9, 14}, {4, 8, 12}, {7, 13}, {15}}","{{1, 3, 7, 8, 9}, {2, 6, 11, 12}, {4, 13, 15}, {5, 14}, {10}}",False,,,,False,FlipSYTNotFound
14981,"{{1, 3, 7, 13, 15}, {2, 5, 8, 14}, {4, 6, 11}, {9, 10}, {12}}","{{1, 2, 4, 6, 7}, {3, 5, 10, 12}, {8, 11, 14}, {9, 15}, {13}}",False,,,,False,FlipSYTNotFound
14991,"{{1, 3, 7, 13, 15}, {2, 5, 9, 14}, {4, 6, 11}, {8, 10}, {12}}","{{1, 2, 4, 6, 8}, {3, 5, 10, 12}, {7, 11, 14}, {9, 15}, {13}}",False,,,,False,FlipSYTNotFound
15053,"{{1, 4, 8, 10, 13}, {2, 5, 9, 15}, {3, 7, 14}, {6, 12}, {11}}","{{1, 2, 4, 5, 10}, {3, 6, 7, 9}, {8, 11, 13}, {12, 14}, {15}}",False,,,,False,FlipSYTNotFound
15091,"{{1, 5, 8, 10, 13}, {2, 6, 9, 15}, {3, 7, 14}, {4, 12}, {11}}","{{1, 2, 4, 5, 12}, {3, 6, 7, 9}, {8, 10, 13}, {11, 14}, {15}}",False,,,,False,FlipSYTNotFound
15204,"{{1, 2, 5, 10, 11}, {3, 4, 9, 14}, {6, 8, 12}, {7, 13}, {15}}","{{1, 3, 7, 8, 9}, {2, 6, 10, 13}, {4, 12, 15}, {5, 14}, {11}}",False,,,,False,FlipSYTNotFound
15334,"{{1, 3, 6, 13, 15}, {2, 5, 9, 14}, {4, 7, 11}, {8, 10}, {12}}","{{1, 2, 4, 6, 8}, {3, 5, 9, 12}, {7, 11, 14}, {10, 15}, {13}}",False,,,,False,FlipSYTNotFound
15375,"{{1, 3, 6, 8, 10}, {2, 4, 11, 12}, {5, 7, 15}, {9, 14}, {13}}","{{1, 2, 3, 11, 14}, {4, 5, 7, 12}, {6, 8, 9}, {10, 15}, {13}}",False,,,,False,FlipSYTNotFound
15462,"{{1, 2, 5, 13, 15}, {3, 6, 8, 14}, {4, 7, 11}, {9, 10}, {12}}","{{1, 2, 4, 6, 7}, {3, 5, 9, 12}, {8, 13, 15}, {10, 14}, {11}}",False,,,,False,FlipSYTNotFound
15473,"{{1, 4, 6, 13, 15}, {2, 5, 8, 14}, {3, 7, 11}, {9, 10}, {12}}","{{1, 2, 4, 6, 7}, {3, 5, 9, 13}, {8, 11, 14}, {10, 15}, {12}}",False,,,,False,FlipSYTNotFound
15493,"{{1, 5, 8, 13, 15}, {2, 6, 9, 14}, {3, 7, 10}, {4, 11}, {12}}","{{1, 2, 4, 9, 12}, {3, 5, 10, 13}, {6, 11, 14}, {7, 15}, {8}}",False,,,,False,FlipSYTNotFound
15500,"{{1, 2, 3, 7, 8}, {4, 5, 6, 15}, {9, 11, 12}, {10, 14}, {13}}","{{1, 2, 3, 6, 12}, {4, 5, 10, 11}, {7, 9, 15}, {8, 14}, {13}}",True,20,20,3.49306628783940296115E-1,False,DistanceAboveTolerance
15570,"{{1, 3, 6, 10, 11}, {2, 5, 7, 14}, {4, 9, 12}, {8, 13}, {15}}","{{1, 3, 7, 8, 12}, {2, 6, 9, 11}, {4, 13, 14}, {5, 15}, {10}}",False,,,,False,FlipSYTNotFound
15716,"{{1, 4, 6, 13, 15}, {2, 5, 9, 14}, {3, 7, 11}, {8, 10}, {12}}","{{1, 2, 4, 6, 8}, {3, 5, 9, 13}, {7, 11, 14}, {10, 15}, {12}}",False,,,,False,FlipSYTNotFound
15758,"{{1, 2, 6, 10, 13}, {3, 4, 7, 15}, {5, 9, 14}, {8, 12}, {11}}","{{1, 2, 4, 5, 13}, {3, 6, 7, 8}, {9, 11, 15}, {10, 12}, {14}}",False,,,,False,FlipSYTNotFound
15877,"{{1, 6, 9, 10, 11}, {2, 7, 13, 14}, {3, 8, 15}, {4, 12}, {5}}","{{1, 3, 4, 8, 11}, {2, 6, 7, 12}, {5, 9, 13}, {10, 14}, {15}}",False,,,,False,FlipSYTNotFound
15894,"{{1, 3, 5, 10, 11}, {2, 6, 13, 14}, {4, 9, 15}, {7, 12}, {8}}","{{1, 3, 4, 8, 14}, {2, 6, 7, 9}, {5, 10, 12}, {11, 13}, {15}}",False,,,,False,FlipSYTNotFound
16081,"{{1, 3, 6, 10, 11}, {2, 7, 8, 14}, {4, 9, 12}, {5, 13}, {15}}","{{1, 3, 7, 9, 11}, {2, 6, 8, 12}, {4, 13, 14}, {5, 15}, {10}}",False,,,,False,FlipSYTNotFound
16172,"{{1, 2, 4, 10, 11}, {3, 7, 9, 14}, {5, 8, 12}, {6, 13}, {15}}","{{1, 3, 7, 8, 10}, {2, 6, 9, 11}, {4, 13, 15}, {5, 14}, {12}}",False,,,,False,FlipSYTNotFound
16205,"{{1, 4, 7, 10, 12}, {2, 6, 11, 14}, {3, 9, 13}, {5, 15}, {8}}","{{1, 3, 7, 8, 11}, {2, 5, 9, 10}, {4, 12, 13}, {6, 14}, {15}}",False,,,,False,FlipSYTNotFound
16599,"{{1, 2, 5, 13, 15}, {3, 4, 9, 14}, {6, 8, 10}, {7, 11}, {12}}","{{1, 2, 4, 8, 9}, {3, 5, 10, 13}, {6, 12, 15}, {7, 14}, {11}}",False,,,,False,FlipSYTNotFound
16624,"{{1, 3, 4, 10, 15}, {2, 8, 9, 11}, {5, 12, 13}, {6, 14}, {7}}","{{1, 2, 4, 8, 9}, {3, 7, 10, 14}, {5, 11, 13}, {6, 12}, {15}}",False,,,,False,FlipSYTNotFound
16654,"{{1, 3, 4, 13, 15}, {2, 6, 9, 14}, {5, 8, 10}, {7, 11}, {12}}","{{1, 2, 4, 8, 9}, {3, 5, 10, 11}, {6, 13, 14}, {7, 15}, {12}}",False,,,,False,FlipSYTNotFound
16723,"{{1, 3, 5, 10, 11}, {2, 6, 13, 14}, {4, 8, 15}, {7, 12}, {9}}","{{1, 3, 4, 7, 14}, {2, 6, 8, 9}, {5, 10, 12}, {11, 13}, {15}}",False,,,,False,FlipSYTNotFound
16726,"{{1, 3, 6, 10, 12}, {2, 7, 11, 14}, {4, 9, 13}, {5, 15}, {8}}","{{1, 3, 7, 8, 14}, {2, 5, 9, 11}, {4, 10, 12}, {6, 13}, {15}}",False,,,,False,FlipSYTNotFound
16764,"{{1, 3, 7, 13, 15}, {2, 6, 8, 14}, {4, 9, 10}, {5, 11}, {12}}","{{1, 2, 4, 7, 11}, {3, 5, 10, 12}, {6, 13, 14}, {8, 15}, {9}}",False,,,,False,FlipSYTNotFound
16841,"{{1, 3, 4, 5, 10}, {2, 6, 8, 9}, {7, 11, 14}, {12, 15}, {13}}","{{1, 3, 8, 9, 14}, {2, 4, 10, 15}, {5, 7, 13}, {6, 12}, {11}}",False,,,,False,FlipSYTNotFound
16945,"{{1, 3, 5, 9, 13}, {2, 6, 10, 15}, {4, 8, 14}, {7, 12}, {11}}","{{1, 2, 4, 5, 14}, {3, 6, 8, 9}, {7, 10, 12}, {11, 13}, {15}}",False,,,,False,FlipSYTNotFound
17110,"{{1, 5, 8, 9, 13}, {2, 6, 10, 15}, {3, 7, 14}, {4, 12}, {11}}","{{1, 2, 4, 5, 12}, {3, 6, 8, 9}, {7, 10, 13}, {11, 14}, {15}}",False,,,,False,FlipSYTNotFound
17253,"{{1, 3, 6, 8, 9}, {2, 4, 11, 12}, {5, 7, 15}, {10, 14}, {13}}","{{1, 2, 3, 11, 14}, {4, 5, 6, 12}, {7, 8, 9}, {10, 15}, {13}}",False,,,,False,FlipSYTNotFound
17355,"{{1, 3, 5, 8, 13}, {2, 7, 10, 15}, {4, 9, 14}, {6, 12}, {11}}","{{1, 2, 4, 5, 14}, {3, 6, 7, 10}, {8, 9, 12}, {11, 13}, {15}}",False,,,,False,FlipSYTNotFound
17485,"{{1, 3, 4, 5, 8}, {2, 7, 10, 15}, {6, 9, 12}, {11, 14}, {13}}","{{1, 2, 3, 10, 14}, {4, 5, 12, 13}, {6, 7, 15}, {8, 9}, {11}}",False,,,,False,FlipSYTNotFound
17540,"{{1, 3, 6, 9, 12}, {2, 8, 11, 14}, {4, 10, 13}, {5, 15}, {7}}","{{1, 3, 6, 9, 14}, {2, 5, 8, 11}, {4, 10, 12}, {7, 13}, {15}}",False,,,,False,FlipSYTNotFound
17619,"{{1, 2, 5, 8, 11}, {3, 7, 13, 14}, {4, 10, 15}, {6, 12}, {9}}","{{1, 3, 4, 7, 15}, {2, 6, 9, 10}, {5, 8, 12}, {11, 13}, {14}}",False,,,,False,FlipSYTNotFound
17663,"{{1, 3, 10, 12, 15}, {2, 5, 11, 14}, {4, 6, 13}, {7, 8}, {9}}","{{1, 2, 3, 7, 9}, {4, 5, 8, 12}, {6, 10, 14}, {11, 15}, {13}}",False,,,,False,FlipSYTNotFound
17694,"{{1, 3, 10, 12, 15}, {2, 5, 11, 14}, {4, 6, 13}, {7, 9}, {8}}","{{1, 2, 3, 7, 8}, {4, 5, 9, 12}, {6, 10, 14}, {11, 15}, {13}}",False,,,,False,FlipSYTNotFound
17713,"{{1, 3, 5, 7, 11}, {2, 9, 13, 14}, {4, 10, 15}, {6, 12}, {8}}","{{1, 3, 4, 8, 14}, {2, 6, 10, 12}, {5, 7, 11}, {9, 13}, {15}}",False,,,,False,FlipSYTNotFound
17780,"{{1, 6, 10, 12, 15}, {2, 7, 11, 14}, {3, 8, 13}, {4, 9}, {5}}","{{1, 2, 3, 7, 11}, {4, 5, 8, 12}, {6, 9, 13}, {10, 14}, {15}}",False,,,,False,FlipSYTNotFound
17791,"{{1, 3, 4, 6, 9}, {2, 5, 8, 15}, {7, 10, 12}, {11, 14}, {13}}","{{1, 2, 3, 9, 14}, {4, 5, 11, 13}, {6, 8, 15}, {7, 12}, {10}}",False,,,,False,FlipSYTNotFound
17958,"{{1, 5, 9, 12, 15}, {2, 7, 11, 14}, {3, 8, 13}, {4, 10}, {6}}","{{1, 2, 3, 6, 10}, {4, 5, 8, 12}, {7, 9, 13}, {11, 14}, {15}}",False,,,,False,FlipSYTNotFound
17959,"{{1, 3, 7, 8, 11}, {2, 5, 13, 14}, {4, 10, 15}, {6, 12}, {9}}","{{1, 3, 4, 7, 12}, {2, 6, 9, 10}, {5, 8, 11}, {13, 14}, {15}}",False,,,,False,FlipSYTNotFound
18095,"{{1, 5, 6, 9, 12}, {2, 8, 11, 14}, {3, 10, 13}, {4, 15}, {7}}","{{1, 3, 6, 9, 12}, {2, 5, 8, 11}, {4, 10, 13}, {7, 14}, {15}}",False,,,,False,FlipSYTNotFound
18178,"{{1, 3, 10, 12, 15}, {2, 5, 11, 14}, {4, 7, 13}, {6, 8}, {9}}","{{1, 2, 3, 7, 10}, {4, 5, 8, 12}, {6, 9, 14}, {11, 15}, {13}}",False,,,,False,FlipSYTNotFound
18234,"{{1, 6, 9, 12, 15}, {2, 7, 11, 14}, {3, 8, 13}, {4, 10}, {5}}","{{1, 2, 3, 6, 11}, {4, 5, 8, 12}, {7, 9, 13}, {10, 14}, {15}}",False,,,,False,FlipSYTNotFound
18263,"{{1, 5, 6, 8, 12}, {2, 9, 11, 14}, {3, 10, 13}, {4, 15}, {7}}","{{1, 3, 6, 9, 12}, {2, 5, 7, 11}, {4, 10, 13}, {8, 14}, {15}}",False,,,,False,FlipSYTNotFound
18428,"{{1, 3, 4, 6, 11}, {2, 7, 10, 14}, {5, 9, 12}, {8, 13}, {15}}","{{1, 3, 7, 8, 14}, {2, 6, 9, 11}, {4, 12, 13}, {5, 15}, {10}}",False,,,,False,FlipSYTNotFound
18459,"{{1, 3, 9, 12, 15}, {2, 5, 11, 14}, {4, 6, 13}, {7, 10}, {8}}","{{1, 2, 3, 6, 8}, {4, 5, 9, 12}, {7, 10, 14}, {11, 15}, {13}}",False,,,,False,FlipSYTNotFound
18477,"{{1, 4, 7, 9, 12}, {2, 6, 11, 14}, {3, 10, 13}, {5, 15}, {8}}","{{1, 3, 6, 8, 11}, {2, 5, 9, 10}, {4, 12, 13}, {7, 14}, {15}}",False,,,,False,FlipSYTNotFound
18488,"{{1, 6, 8, 12, 15}, {2, 7, 11, 14}, {3, 9, 13}, {4, 10}, {5}}","{{1, 2, 3, 6, 11}, {4, 5, 7, 12}, {8, 9, 13}, {10, 14}, {15}}",False,,,,False,FlipSYTNotFound
18535,"{{1, 3, 6, 12, 15}, {2, 5, 11, 14}, {4, 7, 13}, {8, 10}, {9}}","{{1, 2, 3, 6, 7}, {4, 5, 8, 12}, {9, 11, 14}, {10, 15}, {13}}",False,,,,False,FlipSYTNotFound
18578,"{{1, 3, 6, 9, 11}, {2, 7, 8, 14}, {4, 10, 12}, {5, 13}, {15}}","{{1, 3, 6, 9, 11}, {2, 7, 8, 12}, {4, 13, 14}, {5, 15}, {10}}",False,,,,False,FlipSYTNotFound
18599,"{{1, 3, 8, 12, 15}, {2, 5, 11, 14}, {4, 6, 13}, {7, 10}, {9}}","{{1, 2, 3, 6, 7}, {4, 5, 9, 12}, {8, 10, 14}, {11, 15}, {13}}",False,,,,False,FlipSYTNotFound
18708,"{{1, 3, 7, 12, 15}, {2, 5, 11, 14}, {4, 6, 13}, {8, 10}, {9}}","{{1, 2, 3, 6, 7}, {4, 5, 8, 12}, {9, 10, 14}, {11, 15}, {13}}",False,,,,False,FlipSYTNotFound
19107,"{{1, 4, 6, 7, 13}, {2, 5, 10, 15}, {3, 8, 14}, {9, 12}, {11}}","{{1, 2, 4, 5, 13}, {3, 6, 7, 11}, {8, 10, 14}, {9, 15}, {12}}",False,,,,False,FlipSYTNotFound
19252,"{{1, 4, 6, 12, 15}, {2, 5, 11, 14}, {3, 7, 13}, {8, 10}, {9}}","{{1, 2, 3, 6, 7}, {4, 5, 8, 13}, {9, 11, 14}, {10, 15}, {12}}",False,,,,False,FlipSYTNotFound
19262,"{{1, 3, 8, 12, 15}, {2, 5, 11, 14}, {4, 6, 13}, {7, 9}, {10}}","{{1, 2, 3, 6, 9}, {4, 5, 7, 12}, {8, 10, 14}, {11, 15}, {13}}",False,,,,False,FlipSYTNotFound
19343,"{{1, 3, 7, 12, 15}, {2, 5, 11, 14}, {4, 8, 13}, {6, 9}, {10}}","{{1, 2, 3, 6, 10}, {4, 5, 7, 12}, {8, 11, 14}, {9, 15}, {13}}",False,,,,False,FlipSYTNotFound
19346,"{{1, 3, 8, 12, 15}, {2, 5, 11, 14}, {4, 7, 13}, {6, 9}, {10}}","{{1, 2, 3, 6, 10}, {4, 5, 7, 12}, {8, 9, 14}, {11, 15}, {13}}",False,,,,False,FlipSYTNotFound
19372,"{{1, 3, 4, 6, 11}, {2, 8, 13, 14}, {5, 9, 15}, {7, 12}, {10}}","{{1, 3, 4, 6, 14}, {2, 7, 9, 13}, {5, 8, 11}, {10, 12}, {15}}",False,,,,False,FlipSYTNotFound
19382,"{{1, 4, 6, 7, 10}, {2, 5, 9, 12}, {3, 11, 15}, {8, 14}, {13}}","{{1, 2, 3, 11, 13}, {4, 5, 8, 14}, {6, 7, 10}, {9, 12}, {15}}",False,,,,False,FlipSYTNotFound
19385,"{{1, 3, 5, 6, 15}, {2, 7, 10, 11}, {4, 12, 13}, {8, 14}, {9}}","{{1, 2, 4, 7, 12}, {3, 6, 8, 14}, {5, 9, 13}, {10, 11}, {15}}",False,,,,False,FlipSYTNotFound
19468,"{{1, 5, 8, 9, 11}, {2, 6, 13, 14}, {3, 7, 15}, {4, 12}, {10}}","{{1, 3, 4, 6, 12}, {2, 7, 8, 9}, {5, 10, 13}, {11, 14}, {15}}",False,,,,False,FlipSYTNotFound
19583,"{{1, 3, 6, 7, 13}, {2, 8, 9, 15}, {4, 10, 14}, {5, 12}, {11}}","{{1, 2, 4, 5, 14}, {3, 6, 8, 11}, {7, 10, 12}, {9, 13}, {15}}",False,,,,False,FlipSYTNotFound
19597,"{{1, 3, 7, 12, 15}, {2, 6, 11, 14}, {4, 8, 13}, {5, 10}, {9}}","{{1, 2, 3, 6, 7}, {4, 5, 8, 11}, {9, 10, 12}, {13, 14}, {15}}",False,,,,False,FlipSYTNotFound
19630,"{{1, 2, 4, 9, 11}, {3, 6, 8, 15}, {5, 7, 10}, {12, 14}, {13}}","{{1, 2, 3, 9, 11}, {4, 6, 8, 13}, {5, 10, 15}, {7, 14}, {12}}",False,,,,False,FlipSYTNotFound
19634,"{{1, 5, 6, 8, 13}, {2, 7, 9, 15}, {3, 10, 14}, {4, 12}, {11}}","{{1, 2, 4, 5, 12}, {3, 6, 9, 11}, {7, 10, 13}, {8, 14}, {15}}",False,,,,False,FlipSYTNotFound
19661,"{{1, 3, 9, 12, 15}, {2, 5, 11, 14}, {4, 7, 13}, {6, 8}, {10}}","{{1, 2, 3, 6, 10}, {4, 5, 8, 12}, {7, 9, 14}, {11, 15}, {13}}",False,,,,False,FlipSYTNotFound
19667,"{{1, 3, 9, 12, 15}, {2, 5, 11, 14}, {4, 6, 13}, {7, 8}, {10}}","{{1, 2, 3, 6, 9}, {4, 5, 8, 12}, {7, 10, 14}, {11, 15}, {13}}",False,,,,False,FlipSYTNotFound
19676,"{{1, 3, 4, 6, 11}, {2, 7, 9, 14}, {5, 10, 12}, {8, 13}, {15}}","{{1, 3, 6, 8, 14}, {2, 7, 9, 11}, {4, 12, 13}, {5, 15}, {10}}",False,,,,False,FlipSYTNotFound
19825,"{{1, 3, 6, 12, 15}, {2, 5, 11, 14}, {4, 7, 13}, {8, 9}, {10}}","{{1, 2, 3, 6, 8}, {4, 5, 7, 12}, {9, 11, 14}, {10, 15}, {13}}",False,,,,False,FlipSYTNotFound
19844,"{{1, 6, 9, 12, 15}, {2, 7, 10, 14}, {3, 8, 13}, {4, 11}, {5}}","{{1, 2, 3, 5, 11}, {4, 6, 8, 12}, {7, 9, 13}, {10, 14}, {15}}",False,,,,False,FlipSYTNotFound
19900,"{{1, 2, 3, 5, 13}, {4, 6, 9, 15}, {7, 10, 14}, {8, 12}, {11}}","{{1, 2, 4, 5, 15}, {3, 6, 8, 12}, {7, 9, 14}, {10, 13}, {11}}",False,,,,False,FlipSYTNotFound
20026,"{{1, 2, 4, 11, 13}, {3, 5, 6, 12}, {7, 9, 10}, {8, 15}, {14}}","{{1, 2, 6, 7, 8}, {3, 4, 11, 13}, {5, 9, 15}, {10, 14}, {12}}",False,,,,False,FlipSYTNotFound
20030,"{{1, 3, 7, 12, 15}, {2, 5, 11, 14}, {4, 6, 13}, {8, 9}, {10}}","{{1, 2, 3, 6, 8}, {4, 5, 7, 12}, {9, 10, 14}, {11, 15}, {13}}",False,,,,False,FlipSYTNotFound
20031,"{{1, 2, 4, 11, 13}, {3, 5, 6, 12}, {7, 8, 10}, {9, 15}, {14}}","{{1, 2, 6, 7, 9}, {3, 4, 11, 13}, {5, 8, 15}, {10, 14}, {12}}",False,,,,False,FlipSYTNotFound
20082,"{{1, 4, 6, 12, 15}, {2, 5, 11, 14}, {3, 7, 13}, {8, 9}, {10}}","{{1, 2, 3, 6, 8}, {4, 5, 7, 13}, {9, 11, 14}, {10, 15}, {12}}",False,,,,False,FlipSYTNotFound
20106,"{{1, 3, 6, 12, 15}, {2, 5, 11, 14}, {4, 8, 13}, {7, 9}, {10}}","{{1, 2, 3, 6, 9}, {4, 5, 7, 12}, {8, 11, 14}, {10, 15}, {13}}",False,,,,False,FlipSYTNotFound
20110,"{{1, 6, 8, 9, 10}, {2, 7, 13, 14}, {3, 11, 15}, {4, 12}, {5}}","{{1, 3, 4, 9, 11}, {2, 5, 8, 12}, {6, 7, 13}, {10, 14}, {15}}",False,,,,False,FlipSYTNotFound
20216,"{{1, 2, 3, 4, 11}, {5, 6, 7, 14}, {8, 10, 12}, {9, 13}, {15}}","{{1, 3, 6, 7, 15}, {2, 8, 10, 11}, {4, 9, 14}, {5, 13}, {12}}",False,,,,False,FlipSYTNotFound
20624,"{{1, 3, 4, 9, 13}, {2, 5, 8, 15}, {6, 7, 14}, {10, 12}, {11}}","{{1, 2, 4, 5, 10}, {3, 6, 8, 9}, {7, 13, 14}, {11, 15}, {12}}",False,,,,False,FlipSYTNotFound
20717,"{{1, 4, 6, 7, 9}, {2, 5, 10, 12}, {3, 11, 15}, {8, 14}, {13}}","{{1, 2, 3, 11, 13}, {4, 5, 8, 14}, {6, 9, 10}, {7, 12}, {15}}",False,,,,False,FlipSYTNotFound
20800,"{{1, 3, 4, 9, 10}, {2, 5, 7, 15}, {6, 8, 11}, {12, 14}, {13}}","{{1, 2, 3, 10, 14}, {4, 7, 8, 11}, {5, 9, 15}, {6, 13}, {12}}",False,,,,False,FlipSYTNotFound
20806,"{{1, 2, 3, 5, 11}, {4, 6, 13, 14}, {7, 8, 15}, {9, 12}, {10}}","{{1, 3, 4, 6, 15}, {2, 7, 9, 14}, {5, 8, 12}, {10, 13}, {11}}",False,,,,False,FlipSYTNotFound
20945,"{{1, 2, 4, 11, 13}, {3, 5, 6, 12}, {7, 8, 9}, {10, 15}, {14}}","{{1, 2, 6, 8, 9}, {3, 4, 11, 13}, {5, 7, 15}, {10, 14}, {12}}",False,,,,False,FlipSYTNotFound
20955,"{{1, 4, 5, 6, 9}, {2, 7, 10, 12}, {3, 11, 15}, {8, 14}, {13}}","{{1, 2, 3, 12, 13}, {4, 5, 8, 14}, {6, 9, 11}, {7, 10}, {15}}",False,,,,False,FlipSYTNotFound
20982,"{{1, 6, 8, 12, 15}, {2, 7, 10, 14}, {3, 9, 13}, {4, 11}, {5}}","{{1, 2, 3, 5, 11}, {4, 6, 7, 12}, {8, 9, 13}, {10, 14}, {15}}",False,,,,False,FlipSYTNotFound
21042,"{{1, 3, 7, 12, 15}, {2, 6, 11, 14}, {4, 8, 13}, {5, 9}, {10}}","{{1, 2, 3, 6, 11}, {4, 5, 7, 12}, {8, 10, 14}, {9, 15}, {13}}",False,,,,False,FlipSYTNotFound
21101,"{{1, 3, 8, 12, 15}, {2, 5, 10, 14}, {4, 6, 13}, {7, 11}, {9}}","{{1, 2, 3, 5, 7}, {4, 6, 9, 12}, {8, 10, 14}, {11, 15}, {13}}",False,,,,False,FlipSYTNotFound
21266,"{{1, 3, 9, 12, 15}, {2, 5, 10, 14}, {4, 6, 13}, {7, 11}, {8}}","{{1, 2, 3, 5, 8}, {4, 6, 9, 12}, {7, 10, 14}, {11, 15}, {13}}",False,,,,False,FlipSYTNotFound
21293,"{{1, 3, 4, 8, 13}, {2, 5, 9, 15}, {6, 7, 14}, {10, 12}, {11}}","{{1, 2, 4, 5, 14}, {3, 6, 9, 10}, {7, 11, 13}, {8, 15}, {12}}",False,,,,False,FlipSYTNotFound
21374,"{{1, 3, 7, 12, 15}, {2, 5, 10, 14}, {4, 6, 13}, {8, 11}, {9}}","{{1, 2, 3, 5, 7}, {4, 6, 8, 12}, {9, 10, 14}, {11, 15}, {13}}",False,,,,False,FlipSYTNotFound
21392,"{{1, 3, 4, 7, 8}, {2, 5, 10, 12}, {6, 11, 15}, {9, 14}, {13}}","{{1, 2, 3, 13, 14}, {4, 5, 7, 15}, {6, 9, 10}, {8, 11}, {12}}",False,,,,False,FlipSYTNotFound
21468,"{{1, 2, 4, 10, 13}, {3, 5, 6, 12}, {7, 9, 11}, {8, 15}, {14}}","{{1, 2, 5, 7, 8}, {3, 4, 11, 13}, {6, 9, 15}, {10, 14}, {12}}",False,,,,False,FlipSYTNotFound
21579,"{{1, 4, 6, 12, 15}, {2, 5, 10, 14}, {3, 7, 13}, {8, 11}, {9}}","{{1, 2, 3, 5, 7}, {4, 6, 8, 13}, {9, 11, 14}, {10, 15}, {12}}",False,,,,False,FlipSYTNotFound
21640,"{{1, 2, 4, 12, 15}, {3, 5, 10, 14}, {6, 8, 13}, {7, 11}, {9}}","{{1, 2, 3, 5, 7}, {4, 6, 8, 9}, {10, 13, 15}, {11, 14}, {12}}",False,,,,False,FlipSYTNotFound
21660,"{{1, 3, 6, 12, 15}, {2, 5, 10, 14}, {4, 7, 13}, {8, 11}, {9}}","{{1, 2, 3, 5, 7}, {4, 6, 8, 12}, {9, 11, 14}, {10, 15}, {13}}",False,,,,False,FlipSYTNotFound
22018,"{{1, 4, 5, 6, 7}, {2, 8, 10, 12}, {3, 11, 15}, {9, 14}, {13}}","{{1, 2, 3, 12, 13}, {4, 5, 7, 14}, {6, 8, 11}, {9, 10}, {15}}",False,,,,False,FlipSYTNotFound
22067,"{{1, 4, 6, 7, 8}, {2, 5, 9, 12}, {3, 11, 15}, {10, 14}, {13}}","{{1, 2, 3, 11, 13}, {4, 5, 6, 14}, {7, 9, 10}, {8, 12}, {15}}",False,,,,False,FlipSYTNotFound
22265,"{{1, 3, 5, 8, 10}, {2, 6, 11, 14}, {4, 9, 12}, {7, 13}, {15}}","{{1, 3, 7, 9, 14}, {2, 8, 10, 12}, {4, 11, 13}, {5, 15}, {6}}",False,,,,False,FlipSYTNotFound
22293,"{{1, 3, 8, 11, 13}, {2, 5, 10, 15}, {4, 7, 14}, {6, 9}, {12}}","{{1, 2, 4, 7, 10}, {3, 5, 6, 12}, {8, 9, 14}, {11, 15}, {13}}",False,,,,False,FlipSYTNotFound
22472,"{{1, 3, 4, 5, 6}, {2, 8, 9, 12}, {7, 11, 15}, {10, 14}, {13}}","{{1, 2, 3, 9, 14}, {4, 5, 6, 13}, {7, 8, 12}, {10, 11}, {15}}",False,,,,False,FlipSYTNotFound
22511,"{{1, 3, 7, 11, 13}, {2, 5, 10, 15}, {4, 8, 14}, {6, 9}, {12}}","{{1, 2, 4, 7, 10}, {3, 5, 6, 12}, {8, 11, 14}, {9, 15}, {13}}",False,,,,False,FlipSYTNotFound
22515,"{{1, 2, 4, 10, 13}, {3, 5, 6, 12}, {7, 8, 11}, {9, 15}, {14}}","{{1, 2, 5, 7, 9}, {3, 4, 11, 13}, {6, 8, 15}, {10, 14}, {12}}",False,,,,False,FlipSYTNotFound
22534,"{{1, 3, 9, 11, 13}, {2, 5, 10, 15}, {4, 7, 14}, {6, 8}, {12}}","{{1, 2, 4, 8, 10}, {3, 5, 6, 12}, {7, 9, 14}, {11, 15}, {13}}",False,,,,False,FlipSYTNotFound
22560,"{{1, 3, 4, 5, 9}, {2, 6, 8, 12}, {7, 11, 15}, {10, 14}, {13}}","{{1, 2, 3, 13, 14}, {4, 5, 6, 15}, {7, 8, 9}, {10, 12}, {11}}",False,,,,False,FlipSYTNotFound
22564,"{{1, 4, 5, 6, 7}, {2, 8, 9, 12}, {3, 11, 15}, {10, 14}, {13}}","{{1, 2, 3, 12, 13}, {4, 5, 6, 14}, {7, 8, 11}, {9, 10}, {15}}",False,,,,False,FlipSYTNotFound
22809,"{{1, 3, 6, 12, 15}, {2, 5, 9, 14}, {4, 7, 13}, {8, 11}, {10}}","{{1, 2, 3, 5, 6}, {4, 7, 8, 12}, {9, 11, 14}, {10, 15}, {13}}",False,,,,False,FlipSYTNotFound
22859,"{{1, 3, 8, 12, 15}, {2, 5, 9, 14}, {4, 6, 13}, {7, 11}, {10}}","{{1, 2, 3, 5, 6}, {4, 7, 9, 12}, {8, 10, 14}, {11, 15}, {13}}",False,,,,False,FlipSYTNotFound
22909,"{{1, 3, 6, 11, 13}, {2, 5, 10, 15}, {4, 7, 14}, {8, 9}, {12}}","{{1, 2, 4, 7, 8}, {3, 5, 6, 12}, {9, 11, 14}, {10, 15}, {13}}",False,,,,False,FlipSYTNotFound
22966,"{{1, 3, 9, 11, 13}, {2, 5, 10, 15}, {4, 6, 14}, {7, 8}, {12}}","{{1, 2, 4, 8, 9}, {3, 5, 6, 12}, {7, 10, 14}, {11, 15}, {13}}",False,,,,False,FlipSYTNotFound
23040,"{{1, 4, 5, 9, 10}, {2, 6, 8, 12}, {3, 7, 15}, {11, 14}, {13}}","{{1, 2, 3, 9, 13}, {4, 5, 8, 14}, {6, 7, 12}, {10, 15}, {11}}",False,,,,False,FlipSYTNotFound
23111,"{{1, 3, 7, 12, 15}, {2, 5, 9, 14}, {4, 6, 13}, {8, 11}, {10}}","{{1, 2, 3, 5, 6}, {4, 7, 8, 12}, {9, 10, 14}, {11, 15}, {13}}",False,,,,False,FlipSYTNotFound
23156,"{{1, 3, 8, 11, 13}, {2, 5, 10, 15}, {4, 6, 14}, {7, 9}, {12}}","{{1, 2, 4, 7, 9}, {3, 5, 6, 12}, {8, 10, 14}, {11, 15}, {13}}",False,,,,False,FlipSYTNotFound
23198,"{{1, 4, 8, 9, 12}, {2, 6, 10, 14}, {3, 11, 13}, {5, 15}, {7}}","{{1, 3, 5, 9, 11}, {2, 6, 8, 10}, {4, 12, 13}, {7, 14}, {15}}",False,,,,False,FlipSYTNotFound
23285,"{{1, 4, 6, 11, 13}, {2, 5, 10, 15}, {3, 7, 14}, {8, 9}, {12}}","{{1, 2, 4, 7, 8}, {3, 5, 6, 13}, {9, 11, 14}, {10, 15}, {12}}",False,,,,False,FlipSYTNotFound
23339,"{{1, 3, 6, 9, 12}, {2, 8, 10, 14}, {4, 11, 13}, {5, 15}, {7}}","{{1, 3, 5, 9, 14}, {2, 6, 8, 11}, {4, 10, 12}, {7, 13}, {15}}",False,,,,False,FlipSYTNotFound
23343,"{{1, 4, 6, 12, 15}, {2, 5, 9, 14}, {3, 7, 13}, {8, 11}, {10}}","{{1, 2, 3, 5, 6}, {4, 7, 8, 13}, {9, 11, 14}, {10, 15}, {12}}",False,,,,False,FlipSYTNotFound
23367,"{{1, 3, 7, 11, 13}, {2, 5, 9, 15}, {4, 8, 14}, {6, 10}, {12}}","{{1, 2, 4, 8, 10}, {3, 5, 6, 12}, {7, 11, 14}, {9, 15}, {13}}",False,,,,False,FlipSYTNotFound
23371,"{{1, 3, 8, 11, 13}, {2, 5, 9, 15}, {4, 7, 14}, {6, 10}, {12}}","{{1, 2, 4, 9, 10}, {3, 5, 6, 12}, {7, 11, 14}, {8, 15}, {13}}",False,,,,False,FlipSYTNotFound
23373,"{{1, 3, 7, 11, 13}, {2, 5, 10, 15}, {4, 6, 14}, {8, 9}, {12}}","{{1, 2, 4, 7, 8}, {3, 5, 6, 12}, {9, 10, 14}, {11, 15}, {13}}",False,,,,False,FlipSYTNotFound
23479,"{{1, 3, 6, 11, 13}, {2, 5, 10, 15}, {4, 8, 14}, {7, 9}, {12}}","{{1, 2, 4, 7, 9}, {3, 5, 6, 12}, {8, 11, 14}, {10, 15}, {13}}",False,,,,False,FlipSYTNotFound
23665,"{{1, 2, 3, 5, 6}, {4, 7, 10, 15}, {8, 9, 11}, {12, 14}, {13}}","{{1, 2, 3, 8, 15}, {4, 7, 12, 14}, {5, 9, 13}, {6, 11}, {10}}",False,,,,False,FlipSYTNotFound
23736,"{{1, 3, 7, 11, 13}, {2, 6, 10, 15}, {4, 8, 14}, {5, 9}, {12}}","{{1, 2, 4, 7, 11}, {3, 5, 6, 12}, {8, 10, 14}, {9, 15}, {13}}",False,,,,False,FlipSYTNotFound
23824,"{{1, 2, 5, 7, 8}, {3, 6, 13, 14}, {4, 11, 15}, {9, 12}, {10}}","{{1, 3, 4, 6, 15}, {2, 5, 7, 12}, {8, 9, 10}, {11, 13}, {14}}",False,,,,False,FlipSYTNotFound
23827,"{{1, 3, 6, 8, 12}, {2, 9, 10, 14}, {4, 11, 13}, {5, 15}, {7}}","{{1, 3, 5, 9, 14}, {2, 6, 7, 11}, {4, 10, 12}, {8, 13}, {15}}",False,,,,False,FlipSYTNotFound
23848,"{{1, 3, 6, 11, 13}, {2, 5, 9, 15}, {4, 8, 14}, {7, 10}, {12}}","{{1, 2, 4, 8, 9}, {3, 5, 6, 12}, {7, 11, 14}, {10, 15}, {13}}",False,,,,False,FlipSYTNotFound
23960,"{{1, 3, 9, 12, 13}, {2, 5, 10, 15}, {4, 6, 11}, {7, 8}, {14}}","{{1, 2, 5, 8, 9}, {3, 4, 10, 12}, {6, 11, 14}, {7, 15}, {13}}",False,,,,False,FlipSYTNotFound
23965,"{{1, 3, 5, 8, 9}, {2, 4, 10, 12}, {6, 7, 15}, {11, 14}, {13}}","{{1, 2, 3, 10, 14}, {4, 5, 9, 12}, {6, 8, 11}, {7, 15}, {13}}",False,,,,False,FlipSYTNotFound
23987,"{{1, 3, 6, 12, 15}, {2, 5, 8, 14}, {4, 7, 13}, {9, 11}, {10}}","{{1, 2, 3, 5, 6}, {4, 7, 9, 12}, {8, 11, 14}, {10, 15}, {13}}",False,,,,False,FlipSYTNotFound
24007,"{{1, 2, 5, 12, 15}, {3, 6, 8, 14}, {4, 7, 13}, {9, 11}, {10}}","{{1, 2, 3, 5, 6}, {4, 7, 9, 12}, {8, 13, 15}, {10, 14}, {11}}",False,,,,False,FlipSYTNotFound
24019,"{{1, 3, 8, 11, 13}, {2, 4, 9, 15}, {5, 6, 14}, {7, 10}, {12}}","{{1, 2, 4, 9, 11}, {3, 5, 6, 10}, {7, 12, 14}, {8, 15}, {13}}",False,,,,False,FlipSYTNotFound
24129,"{{1, 2, 4, 12, 15}, {3, 6, 9, 14}, {5, 7, 13}, {8, 11}, {10}}","{{1, 2, 3, 5, 6}, {4, 7, 8, 11}, {9, 13, 15}, {10, 14}, {12}}",False,,,,False,FlipSYTNotFound
24170,"{{1, 3, 7, 12, 15}, {2, 6, 10, 14}, {4, 8, 13}, {5, 9}, {11}}","{{1, 2, 3, 5, 11}, {4, 6, 7, 12}, {8, 10, 14}, {9, 15}, {13}}",False,,,,False,FlipSYTNotFound
24182,"{{1, 3, 6, 11, 13}, {2, 5, 8, 15}, {4, 9, 14}, {7, 10}, {12}}","{{1, 2, 4, 9, 12}, {3, 5, 6, 11}, {7, 13, 14}, {8, 15}, {10}}",False,,,,False,FlipSYTNotFound
24188,"{{1, 3, 9, 10, 13}, {2, 5, 11, 15}, {4, 6, 14}, {7, 8}, {12}}","{{1, 2, 4, 8, 9}, {3, 5, 7, 12}, {6, 10, 14}, {11, 15}, {13}}",False,,,,False,FlipSYTNotFound
24260,"{{1, 3, 8, 12, 13}, {2, 5, 10, 15}, {4, 7, 11}, {6, 9}, {14}}","{{1, 2, 5, 7, 10}, {3, 4, 9, 12}, {6, 11, 14}, {8, 15}, {13}}",False,,,,False,FlipSYTNotFound
24296,"{{1, 3, 8, 12, 13}, {2, 5, 10, 15}, {4, 6, 11}, {7, 9}, {14}}","{{1, 2, 5, 7, 9}, {3, 4, 10, 12}, {6, 11, 14}, {8, 15}, {13}}",False,,,,False,FlipSYTNotFound
24351,"{{1, 3, 8, 12, 15}, {2, 5, 10, 14}, {4, 6, 13}, {7, 9}, {11}}","{{1, 2, 3, 5, 9}, {4, 6, 7, 12}, {8, 10, 14}, {11, 15}, {13}}",False,,,,False,FlipSYTNotFound
24366,"{{1, 3, 9, 12, 15}, {2, 5, 10, 14}, {4, 7, 13}, {6, 8}, {11}}","{{1, 2, 3, 5, 10}, {4, 6, 8, 12}, {7, 9, 14}, {11, 15}, {13}}",False,,,,False,FlipSYTNotFound
24387,"{{1, 3, 7, 12, 15}, {2, 5, 8, 14}, {4, 6, 13}, {9, 11}, {10}}","{{1, 2, 3, 5, 6}, {4, 7, 10, 12}, {8, 11, 14}, {9, 15}, {13}}",False,,,,False,FlipSYTNotFound
24473,"{{1, 3, 5, 7, 15}, {2, 4, 6, 9}, {8, 12, 13}, {10, 14}, {11}}","{{1, 2, 4, 5, 14}, {3, 6, 12, 15}, {7, 8, 13}, {9, 10}, {11}}",False,,,,False,FlipSYTNotFound
24535,"{{1, 3, 8, 12, 15}, {2, 5, 10, 14}, {4, 7, 13}, {6, 9}, {11}}","{{1, 2, 3, 5, 10}, {4, 6, 7, 12}, {8, 9, 14}, {11, 15}, {13}}",False,,,,False,FlipSYTNotFound
24544,"{{1, 3, 5, 9, 10}, {2, 6, 13, 14}, {4, 8, 15}, {7, 12}, {11}}","{{1, 3, 4, 5, 14}, {2, 7, 8, 9}, {6, 10, 12}, {11, 13}, {15}}",False,,,,False,FlipSYTNotFound
24612,"{{1, 3, 9, 10, 13}, {2, 5, 11, 15}, {4, 7, 14}, {6, 8}, {12}}","{{1, 2, 4, 8, 10}, {3, 5, 7, 12}, {6, 9, 14}, {11, 15}, {13}}",False,,,,False,FlipSYTNotFound
24621,"{{1, 3, 8, 10, 13}, {2, 5, 11, 15}, {4, 7, 14}, {6, 9}, {12}}","{{1, 2, 4, 9, 10}, {3, 5, 7, 12}, {6, 8, 14}, {11, 15}, {13}}",False,,,,False,FlipSYTNotFound
24674,"{{1, 4, 6, 12, 15}, {2, 5, 8, 14}, {3, 7, 13}, {9, 11}, {10}}","{{1, 2, 3, 5, 6}, {4, 7, 9, 13}, {8, 11, 14}, {10, 15}, {12}}",False,,,,False,FlipSYTNotFound
24712,"{{1, 2, 3, 6, 15}, {4, 5, 7, 9}, {8, 12, 13}, {10, 14}, {11}}","{{1, 2, 4, 5, 12}, {3, 6, 11, 15}, {7, 8, 14}, {9, 13}, {10}}",False,,,,False,FlipSYTNotFound
24717,"{{1, 4, 8, 10, 13}, {2, 5, 11, 15}, {3, 7, 14}, {6, 9}, {12}}","{{1, 2, 4, 9, 10}, {3, 5, 7, 13}, {6, 8, 14}, {11, 15}, {12}}",False,,,,False,FlipSYTNotFound
24752,"{{1, 3, 8, 12, 15}, {2, 5, 9, 14}, {4, 6, 13}, {7, 10}, {11}}","{{1, 2, 3, 5, 9}, {4, 6, 10, 12}, {7, 11, 14}, {8, 15}, {13}}",False,,,,False,FlipSYTNotFound
24774,"{{1, 3, 7, 12, 15}, {2, 5, 9, 14}, {4, 8, 13}, {6, 10}, {11}}","{{1, 2, 3, 5, 10}, {4, 6, 8, 12}, {7, 11, 14}, {9, 15}, {13}}",False,,,,False,FlipSYTNotFound
24832,"{{1, 3, 9, 12, 15}, {2, 5, 10, 14}, {4, 6, 13}, {7, 8}, {11}}","{{1, 2, 3, 5, 9}, {4, 6, 8, 12}, {7, 10, 14}, {11, 15}, {13}}",False,,,,False,FlipSYTNotFound
24838,"{{1, 3, 8, 12, 13}, {2, 5, 9, 15}, {4, 7, 11}, {6, 10}, {14}}","{{1, 2, 5, 6, 10}, {3, 4, 9, 12}, {7, 11, 14}, {8, 15}, {13}}",False,,,,False,FlipSYTNotFound
24840,"{{1, 3, 6, 12, 15}, {2, 5, 10, 14}, {4, 7, 13}, {8, 9}, {11}}","{{1, 2, 3, 5, 8}, {4, 6, 7, 12}, {9, 11, 14}, {10, 15}, {13}}",False,,,,False,FlipSYTNotFound
24867,"{{1, 3, 7, 12, 15}, {2, 5, 9, 14}, {4, 6, 13}, {8, 10}, {11}}","{{1, 2, 3, 5, 8}, {4, 6, 10, 12}, {7, 11, 14}, {9, 15}, {13}}",False,,,,False,FlipSYTNotFound
24874,"{{1, 3, 4, 10, 13}, {2, 7, 11, 15}, {5, 8, 14}, {6, 9}, {12}}","{{1, 2, 4, 10, 14}, {3, 5, 7, 11}, {6, 8, 13}, {9, 15}, {12}}",False,,,,False,FlipSYTNotFound
24885,"{{1, 3, 7, 12, 15}, {2, 5, 10, 14}, {4, 8, 13}, {6, 9}, {11}}","{{1, 2, 3, 5, 10}, {4, 6, 7, 12}, {8, 11, 14}, {9, 15}, {13}}",False,,,,False,FlipSYTNotFound
24888,"{{1, 3, 5, 9, 10}, {2, 7, 13, 14}, {4, 8, 15}, {6, 12}, {11}}","{{1, 3, 4, 5, 14}, {2, 7, 8, 10}, {6, 9, 12}, {11, 13}, {15}}",False,,,,False,FlipSYTNotFound
25105,"{{1, 4, 6, 12, 15}, {2, 5, 9, 14}, {3, 7, 13}, {8, 10}, {11}}","{{1, 2, 3, 5, 8}, {4, 6, 9, 13}, {7, 11, 14}, {10, 15}, {12}}",False,,,,False,FlipSYTNotFound
25108,"{{1, 3, 7, 12, 13}, {2, 5, 10, 15}, {4, 8, 11}, {6, 9}, {14}}","{{1, 2, 5, 7, 10}, {3, 4, 8, 12}, {6, 11, 14}, {9, 15}, {13}}",False,,,,False,FlipSYTNotFound
25112,"{{1, 3, 7, 12, 13}, {2, 5, 10, 15}, {4, 6, 11}, {8, 9}, {14}}","{{1, 2, 5, 7, 8}, {3, 4, 10, 12}, {6, 11, 14}, {9, 15}, {13}}",False,,,,False,FlipSYTNotFound
25168,"{{1, 3, 5, 7, 13}, {2, 6, 8, 12}, {4, 10, 11}, {9, 15}, {14}}","{{1, 2, 5, 6, 7}, {3, 4, 12, 14}, {8, 10, 13}, {9, 11}, {15}}",False,,,,False,FlipSYTNotFound
25175,"{{1, 3, 8, 12, 15}, {2, 5, 9, 14}, {4, 7, 13}, {6, 10}, {11}}","{{1, 2, 3, 5, 10}, {4, 6, 9, 12}, {7, 11, 14}, {8, 15}, {13}}",False,,,,False,FlipSYTNotFound
25296,"{{1, 3, 7, 12, 15}, {2, 5, 10, 14}, {4, 6, 13}, {8, 9}, {11}}","{{1, 2, 3, 5, 8}, {4, 6, 7, 12}, {9, 10, 14}, {11, 15}, {13}}",False,,,,False,FlipSYTNotFound
25318,"{{1, 3, 7, 12, 15}, {2, 6, 9, 14}, {4, 8, 13}, {5, 10}, {11}}","{{1, 2, 3, 5, 11}, {4, 6, 8, 12}, {7, 10, 14}, {9, 15}, {13}}",False,,,,False,FlipSYTNotFound
25341,"{{1, 3, 7, 12, 15}, {2, 6, 8, 14}, {4, 9, 13}, {5, 10}, {11}}","{{1, 2, 3, 5, 11}, {4, 6, 10, 12}, {7, 13, 14}, {8, 15}, {9}}",False,,,,False,FlipSYTNotFound
25347,"{{1, 3, 6, 12, 15}, {2, 5, 9, 14}, {4, 7, 13}, {8, 10}, {11}}","{{1, 2, 3, 5, 8}, {4, 6, 9, 12}, {7, 11, 14}, {10, 15}, {13}}",False,,,,False,FlipSYTNotFound
25348,"{{1, 3, 6, 12, 15}, {2, 5, 10, 14}, {4, 8, 13}, {7, 9}, {11}}","{{1, 2, 3, 5, 9}, {4, 6, 7, 12}, {8, 11, 14}, {10, 15}, {13}}",False,,,,False,FlipSYTNotFound
25357,"{{1, 4, 6, 12, 15}, {2, 5, 10, 14}, {3, 7, 13}, {8, 9}, {11}}","{{1, 2, 3, 5, 8}, {4, 6, 7, 13}, {9, 11, 14}, {10, 15}, {12}}",False,,,,False,FlipSYTNotFound
25359,"{{1, 3, 6, 12, 15}, {2, 5, 9, 14}, {4, 8, 13}, {7, 10}, {11}}","{{1, 2, 3, 5, 9}, {4, 6, 8, 12}, {7, 11, 14}, {10, 15}, {13}}",False,,,,False,FlipSYTNotFound
25389,"{{1, 2, 5, 12, 13}, {3, 6, 10, 15}, {4, 7, 11}, {8, 9}, {14}}","{{1, 2, 5, 7, 8}, {3, 4, 9, 12}, {6, 13, 15}, {10, 14}, {11}}",False,,,,False,FlipSYTNotFound
25397,"{{1, 3, 9, 12, 13}, {2, 5, 10, 15}, {4, 7, 11}, {6, 8}, {14}}","{{1, 2, 5, 8, 10}, {3, 4, 9, 12}, {6, 11, 14}, {7, 15}, {13}}",False,,,,False,FlipSYTNotFound
25415,"{{1, 2, 4, 7, 13}, {3, 5, 6, 12}, {8, 10, 11}, {9, 15}, {14}}","{{1, 2, 5, 6, 7}, {3, 4, 11, 13}, {8, 10, 15}, {9, 14}, {12}}",False,,,,False,FlipSYTNotFound
25437,"{{1, 3, 4, 9, 10}, {2, 6, 13, 14}, {5, 8, 15}, {7, 12}, {11}}","{{1, 3, 4, 5, 14}, {2, 7, 8, 9}, {6, 10, 11}, {12, 13}, {15}}",False,,,,False,FlipSYTNotFound
25442,"{{1, 3, 6, 12, 13}, {2, 5, 10, 15}, {4, 8, 11}, {7, 9}, {14}}","{{1, 2, 5, 7, 9}, {3, 4, 8, 12}, {6, 11, 14}, {10, 15}, {13}}",False,,,,False,FlipSYTNotFound
25486,"{{1, 2, 4, 9, 13}, {3, 6, 7, 12}, {5, 8, 11}, {10, 15}, {14}}","{{1, 2, 5, 6, 11}, {3, 4, 10, 13}, {7, 8, 15}, {9, 14}, {12}}",False,,,,False,FlipSYTNotFound
25490,"{{1, 4, 5, 12, 13}, {2, 6, 10, 15}, {3, 8, 11}, {7, 9}, {14}}","{{1, 2, 5, 7, 9}, {3, 4, 8, 13}, {6, 12, 14}, {10, 15}, {11}}",False,,,,False,FlipSYTNotFound
25531,"{{1, 3, 6, 12, 13}, {2, 5, 10, 15}, {4, 7, 11}, {8, 9}, {14}}","{{1, 2, 5, 7, 8}, {3, 4, 9, 12}, {6, 11, 14}, {10, 15}, {13}}",False,,,,False,FlipSYTNotFound
25578,"{{1, 3, 7, 12, 13}, {2, 5, 9, 15}, {4, 6, 11}, {8, 10}, {14}}","{{1, 2, 5, 6, 8}, {3, 4, 10, 12}, {7, 11, 14}, {9, 15}, {13}}",False,,,,False,FlipSYTNotFound
25590,"{{1, 4, 5, 8, 9}, {2, 6, 7, 12}, {3, 10, 15}, {11, 14}, {13}}","{{1, 2, 3, 10, 13}, {4, 5, 9, 14}, {6, 8, 12}, {7, 15}, {11}}",False,,,,False,FlipSYTNotFound
25657,"{{1, 3, 8, 12, 13}, {2, 5, 9, 15}, {4, 6, 11}, {7, 10}, {14}}","{{1, 2, 5, 6, 9}, {3, 4, 10, 12}, {7, 11, 14}, {8, 15}, {13}}",False,,,,False,FlipSYTNotFound
25675,"{{1, 3, 7, 12, 13}, {2, 5, 9, 15}, {4, 8, 11}, {6, 10}, {14}}","{{1, 2, 5, 6, 10}, {3, 4, 8, 12}, {7, 11, 14}, {9, 15}, {13}}",False,,,,False,FlipSYTNotFound
25699,"{{1, 3, 8, 9, 13}, {2, 5, 11, 15}, {4, 7, 14}, {6, 10}, {12}}","{{1, 2, 4, 9, 10}, {3, 5, 6, 12}, {7, 8, 14}, {11, 15}, {13}}",False,,,,False,FlipSYTNotFound
25767,"{{1, 2, 3, 9, 10}, {4, 5, 13, 14}, {6, 7, 15}, {8, 12}, {11}}","{{1, 3, 4, 5, 15}, {2, 7, 8, 10}, {6, 9, 12}, {11, 14}, {13}}",False,,,,False,FlipSYTNotFound
25889,"{{1, 3, 6, 12, 13}, {2, 5, 9, 15}, {4, 8, 11}, {7, 10}, {14}}","{{1, 2, 5, 6, 9}, {3, 4, 8, 12}, {7, 11, 14}, {10, 15}, {13}}",False,,,,False,FlipSYTNotFound
26050,"{{1, 3, 5, 9, 13}, {2, 4, 11, 15}, {6, 7, 14}, {8, 10}, {12}}","{{1, 2, 4, 8, 14}, {3, 5, 6, 10}, {7, 9, 12}, {11, 15}, {13}}",False,,,,False,FlipSYTNotFound
26098,"{{1, 3, 6, 12, 13}, {2, 5, 9, 15}, {4, 7, 11}, {8, 10}, {14}}","{{1, 2, 5, 6, 8}, {3, 4, 9, 12}, {7, 11, 14}, {10, 15}, {13}}",False,,,,False,FlipSYTNotFound
26107,"{{1, 3, 10, 11, 15}, {2, 5, 12, 14}, {4, 6, 13}, {7, 9}, {8}}","{{1, 2, 3, 7, 8}, {4, 6, 9, 12}, {5, 10, 14}, {11, 15}, {13}}",False,,,,False,FlipSYTNotFound
26110,"{{1, 2, 3, 5, 6}, {4, 7, 11, 14}, {8, 9, 12}, {10, 13}, {15}}","{{1, 3, 6, 8, 15}, {2, 7, 12, 14}, {4, 9, 13}, {5, 11}, {10}}",False,,,,False,FlipSYTNotFound
26111,"{{1, 3, 4, 9, 13}, {2, 7, 11, 15}, {5, 8, 14}, {6, 10}, {12}}","{{1, 2, 4, 10, 14}, {3, 5, 6, 11}, {7, 8, 13}, {9, 15}, {12}}",False,,,,False,FlipSYTNotFound
26198,"{{1, 2, 3, 4, 10}, {5, 6, 13, 14}, {7, 9, 15}, {8, 12}, {11}}","{{1, 3, 4, 5, 15}, {2, 7, 8, 14}, {6, 9, 11}, {10, 13}, {12}}",False,,,,False,FlipSYTNotFound
26203,"{{1, 3, 6, 12, 15}, {2, 5, 8, 14}, {4, 7, 13}, {9, 10}, {11}}","{{1, 2, 3, 5, 7}, {4, 6, 9, 12}, {8, 11, 14}, {10, 15}, {13}}",False,,,,False,FlipSYTNotFound
26214,"{{1, 3, 7, 12, 15}, {2, 5, 8, 14}, {4, 6, 13}, {9, 10}, {11}}","{{1, 2, 3, 5, 7}, {4, 6, 10, 12}, {8, 11, 14}, {9, 15}, {13}}",False,,,,False,FlipSYTNotFound
26333,"{{1, 4, 6, 12, 13}, {2, 5, 8, 15}, {3, 7, 11}, {9, 10}, {14}}","{{1, 2, 5, 6, 7}, {3, 4, 9, 13}, {8, 11, 14}, {10, 15}, {12}}",False,,,,False,FlipSYTNotFound
26379,"{{1, 3, 7, 12, 13}, {2, 6, 8, 15}, {4, 9, 11}, {5, 10}, {14}}","{{1, 2, 5, 6, 11}, {3, 4, 10, 12}, {7, 13, 14}, {8, 15}, {9}}",False,,,,False,FlipSYTNotFound
26392,"{{1, 4, 5, 6, 8}, {2, 7, 9, 12}, {3, 10, 15}, {11, 14}, {13}}","{{1, 2, 3, 12, 13}, {4, 5, 9, 14}, {6, 10, 11}, {7, 15}, {8}}",False,,,,False,FlipSYTNotFound
26414,"{{1, 4, 10, 11, 15}, {2, 5, 12, 14}, {3, 8, 13}, {6, 9}, {7}}","{{1, 2, 3, 7, 9}, {4, 6, 8, 10}, {5, 11, 13}, {12, 14}, {15}}",False,,,,False,FlipSYTNotFound
26453,"{{1, 2, 4, 9, 13}, {3, 5, 6, 12}, {7, 8, 11}, {10, 15}, {14}}","{{1, 2, 5, 6, 9}, {3, 4, 11, 13}, {7, 8, 15}, {10, 14}, {12}}",False,,,,False,FlipSYTNotFound
26477,"{{1, 3, 6, 9, 10}, {2, 5, 7, 14}, {4, 11, 12}, {8, 13}, {15}}","{{1, 3, 5, 8, 12}, {2, 7, 9, 11}, {4, 13, 14}, {6, 15}, {10}}",False,,,,False,FlipSYTNotFound
26480,"{{1, 6, 10, 11, 15}, {2, 7, 12, 14}, {3, 8, 13}, {4, 9}, {5}}","{{1, 2, 3, 7, 11}, {4, 6, 8, 12}, {5, 9, 13}, {10, 14}, {15}}",False,,,,False,FlipSYTNotFound
26503,"{{1, 2, 3, 5, 10}, {4, 6, 13, 14}, {7, 8, 15}, {9, 12}, {11}}","{{1, 3, 4, 5, 15}, {2, 7, 9, 14}, {6, 8, 12}, {10, 13}, {11}}",False,,,,False,FlipSYTNotFound
26511,"{{1, 2, 5, 12, 15}, {3, 6, 8, 14}, {4, 7, 13}, {9, 10}, {11}}","{{1, 2, 3, 5, 7}, {4, 6, 9, 12}, {8, 13, 15}, {10, 14}, {11}}",False,,,,False,FlipSYTNotFound
26535,"{{1, 6, 9, 11, 15}, {2, 7, 12, 14}, {3, 8, 13}, {4, 10}, {5}}","{{1, 2, 3, 6, 11}, {4, 7, 8, 12}, {5, 9, 13}, {10, 14}, {15}}",False,,,,False,FlipSYTNotFound
26574,"{{1, 3, 4, 8, 13}, {2, 7, 11, 15}, {5, 9, 14}, {6, 10}, {12}}","{{1, 2, 4, 10, 14}, {3, 5, 6, 11}, {7, 9, 13}, {8, 15}, {12}}",False,,,,False,FlipSYTNotFound
26604,"{{1, 3, 4, 6, 13}, {2, 8, 11, 15}, {5, 9, 14}, {7, 10}, {12}}","{{1, 2, 4, 9, 14}, {3, 5, 6, 11}, {7, 12, 13}, {8, 15}, {10}}",False,,,,False,FlipSYTNotFound
26670,"{{1, 6, 8, 11, 15}, {2, 7, 12, 14}, {3, 9, 13}, {4, 10}, {5}}","{{1, 2, 3, 6, 11}, {4, 7, 9, 12}, {5, 8, 13}, {10, 14}, {15}}",False,,,,False,FlipSYTNotFound
26672,"{{1, 3, 7, 12, 13}, {2, 5, 8, 15}, {4, 6, 11}, {9, 10}, {14}}","{{1, 2, 5, 6, 7}, {3, 4, 10, 12}, {8, 11, 14}, {9, 15}, {13}}",False,,,,False,FlipSYTNotFound
26677,"{{1, 4, 9, 11, 15}, {2, 5, 12, 14}, {3, 8, 13}, {6, 10}, {7}}","{{1, 2, 3, 6, 9}, {4, 7, 8, 10}, {5, 11, 13}, {12, 14}, {15}}",False,,,,False,FlipSYTNotFound
26706,"{{1, 2, 5, 12, 13}, {3, 6, 8, 15}, {4, 7, 11}, {9, 10}, {14}}","{{1, 2, 5, 6, 7}, {3, 4, 9, 12}, {8, 13, 15}, {10, 14}, {11}}",False,,,,False,FlipSYTNotFound
26742,"{{1, 3, 4, 12, 13}, {2, 6, 9, 15}, {5, 8, 10}, {7, 11}, {14}}","{{1, 2, 5, 8, 9}, {3, 4, 10, 11}, {6, 13, 14}, {7, 15}, {12}}",False,,,,False,FlipSYTNotFound
26776,"{{1, 2, 4, 10, 12}, {3, 5, 9, 14}, {6, 7, 13}, {8, 15}, {11}}","{{1, 3, 5, 8, 10}, {2, 6, 7, 13}, {4, 9, 15}, {11, 14}, {12}}",False,,,,False,FlipSYTNotFound
26863,"{{1, 2, 4, 10, 13}, {3, 5, 6, 12}, {7, 8, 9}, {11, 15}, {14}}","{{1, 2, 5, 8, 9}, {3, 4, 11, 13}, {6, 7, 15}, {10, 14}, {12}}",False,,,,False,FlipSYTNotFound
26965,"{{1, 2, 4, 8, 13}, {3, 5, 6, 12}, {7, 9, 11}, {10, 15}, {14}}","{{1, 2, 5, 6, 9}, {3, 4, 11, 13}, {7, 10, 15}, {8, 14}, {12}}",False,,,,False,FlipSYTNotFound
27096,"{{1, 2, 5, 9, 11}, {3, 4, 8, 10}, {6, 12, 15}, {7, 14}, {13}}","{{1, 2, 3, 9, 13}, {4, 6, 8, 15}, {5, 10, 12}, {7, 11}, {14}}",False,,,,False,FlipSYTNotFound
27211,"{{1, 2, 4, 7, 13}, {3, 5, 6, 12}, {8, 9, 11}, {10, 15}, {14}}","{{1, 2, 5, 6, 8}, {3, 4, 11, 13}, {7, 10, 15}, {9, 14}, {12}}",False,,,,False,FlipSYTNotFound
27233,"{{1, 3, 6, 12, 13}, {2, 5, 8, 15}, {4, 7, 11}, {9, 10}, {14}}","{{1, 2, 5, 6, 7}, {3, 4, 9, 12}, {8, 11, 14}, {10, 15}, {13}}",False,,,,False,FlipSYTNotFound
27235,"{{1, 3, 10, 11, 15}, {2, 5, 12, 14}, {4, 7, 13}, {6, 8}, {9}}","{{1, 2, 3, 7, 10}, {4, 6, 8, 12}, {5, 9, 14}, {11, 15}, {13}}",False,,,,False,FlipSYTNotFound
27273,"{{1, 3, 4, 6, 10}, {2, 8, 9, 14}, {5, 11, 12}, {7, 13}, {15}}","{{1, 3, 5, 9, 14}, {2, 7, 8, 11}, {4, 12, 13}, {6, 15}, {10}}",False,,,,False,FlipSYTNotFound
27340,"{{1, 3, 10, 11, 15}, {2, 5, 12, 14}, {4, 6, 13}, {7, 8}, {9}}","{{1, 2, 3, 7, 9}, {4, 6, 8, 12}, {5, 10, 14}, {11, 15}, {13}}",False,,,,False,FlipSYTNotFound
27361,"{{1, 3, 6, 7, 9}, {2, 8, 13, 14}, {4, 10, 15}, {5, 12}, {11}}","{{1, 3, 4, 5, 14}, {2, 6, 10, 11}, {7, 8, 12}, {9, 13}, {15}}",False,,,,False,FlipSYTNotFound
27409,"{{1, 3, 9, 11, 15}, {2, 5, 12, 14}, {4, 6, 13}, {7, 10}, {8}}","{{1, 2, 3, 6, 8}, {4, 7, 9, 12}, {5, 10, 14}, {11, 15}, {13}}",False,,,,False,FlipSYTNotFound
27444,"{{1, 3, 4, 6, 10}, {2, 7, 9, 14}, {5, 11, 12}, {8, 13}, {15}}","{{1, 3, 5, 8, 14}, {2, 7, 9, 11}, {4, 12, 13}, {6, 15}, {10}}",False,,,,False,FlipSYTNotFound
27454,"{{1, 3, 4, 6, 10}, {2, 7, 8, 14}, {5, 11, 12}, {9, 13}, {15}}","{{1, 3, 5, 7, 14}, {2, 8, 9, 11}, {4, 12, 13}, {6, 15}, {10}}",False,,,,False,FlipSYTNotFound
27473,"{{1, 2, 3, 4, 8}, {5, 6, 13, 14}, {7, 10, 15}, {9, 12}, {11}}","{{1, 3, 4, 5, 15}, {2, 6, 7, 14}, {8, 9, 11}, {10, 13}, {12}}",False,,,,False,FlipSYTNotFound
27542,"{{1, 3, 8, 11, 15}, {2, 5, 12, 14}, {4, 6, 13}, {7, 10}, {9}}","{{1, 2, 3, 6, 7}, {4, 8, 9, 12}, {5, 10, 14}, {11, 15}, {13}}",False,,,,False,FlipSYTNotFound
27871,"{{1, 3, 5, 7, 15}, {2, 6, 10, 11}, {4, 9, 13}, {8, 14}, {12}}","{{1, 2, 4, 7, 8}, {3, 6, 12, 14}, {5, 10, 13}, {9, 11}, {15}}",False,,,,False,FlipSYTNotFound
27896,"{{1, 3, 8, 11, 15}, {2, 5, 12, 14}, {4, 6, 13}, {7, 9}, {10}}","{{1, 2, 3, 6, 9}, {4, 7, 10, 12}, {5, 8, 14}, {11, 15}, {13}}",False,,,,False,FlipSYTNotFound
28041,"{{1, 3, 7, 10, 13}, {2, 5, 9, 15}, {4, 8, 14}, {6, 11}, {12}}","{{1, 2, 4, 8, 10}, {3, 5, 7, 12}, {6, 11, 14}, {9, 15}, {13}}",False,,,,False,FlipSYTNotFound
28115,"{{1, 2, 5, 12, 13}, {3, 4, 8, 15}, {6, 7, 10}, {9, 11}, {14}}","{{1, 2, 5, 7, 10}, {3, 4, 9, 13}, {6, 12, 15}, {8, 14}, {11}}",False,,,,False,FlipSYTNotFound
28118,"{{1, 2, 3, 7, 8}, {4, 6, 13, 14}, {5, 10, 15}, {9, 12}, {11}}","{{1, 3, 4, 5, 15}, {2, 6, 7, 11}, {8, 9, 10}, {12, 14}, {13}}",False,,,,False,FlipSYTNotFound
28182,"{{1, 3, 8, 11, 15}, {2, 5, 12, 14}, {4, 7, 13}, {6, 9}, {10}}","{{1, 2, 3, 6, 10}, {4, 7, 9, 12}, {5, 8, 14}, {11, 15}, {13}}",False,,,,False,FlipSYTNotFound
28204,"{{1, 3, 7, 12, 13}, {2, 6, 8, 15}, {4, 9, 10}, {5, 11}, {14}}","{{1, 2, 5, 7, 11}, {3, 4, 10, 12}, {6, 13, 14}, {8, 15}, {9}}",False,,,,False,FlipSYTNotFound
28245,"{{1, 2, 4, 5, 13}, {3, 6, 9, 12}, {7, 8, 10}, {11, 15}, {14}}","{{1, 2, 5, 8, 9}, {3, 4, 13, 15}, {6, 10, 14}, {7, 12}, {11}}",False,,,,False,FlipSYTNotFound
28248,"{{1, 3, 4, 8, 15}, {2, 6, 10, 11}, {5, 7, 13}, {9, 14}, {12}}","{{1, 2, 4, 7, 11}, {3, 6, 13, 14}, {5, 9, 15}, {8, 10}, {12}}",False,,,,False,FlipSYTNotFound
28376,"{{1, 3, 8, 10, 13}, {2, 4, 9, 15}, {5, 6, 14}, {7, 11}, {12}}","{{1, 2, 4, 9, 11}, {3, 5, 7, 10}, {6, 12, 14}, {8, 15}, {13}}",False,,,,False,FlipSYTNotFound
28407,"{{1, 4, 6, 11, 15}, {2, 5, 12, 14}, {3, 8, 13}, {7, 9}, {10}}","{{1, 2, 3, 6, 9}, {4, 7, 11, 13}, {5, 8, 14}, {10, 15}, {12}}",False,,,,False,FlipSYTNotFound
28497,"{{1, 2, 3, 6, 11}, {4, 5, 7, 10}, {8, 12, 15}, {9, 14}, {13}}","{{1, 2, 3, 11, 12}, {4, 6, 7, 15}, {5, 8, 14}, {9, 13}, {10}}",False,,,,False,FlipSYTNotFound
28515,"{{1, 3, 7, 11, 15}, {2, 5, 12, 14}, {4, 6, 13}, {8, 10}, {9}}","{{1, 2, 3, 6, 7}, {4, 8, 10, 12}, {5, 9, 14}, {11, 15}, {13}}",False,,,,False,FlipSYTNotFound
28536,"{{1, 6, 8, 10, 15}, {2, 7, 12, 14}, {3, 9, 13}, {4, 11}, {5}}","{{1, 2, 3, 5, 11}, {4, 7, 9, 12}, {6, 8, 13}, {10, 14}, {15}}",False,,,,False,FlipSYTNotFound
28550,"{{1, 4, 5, 8, 11}, {2, 6, 7, 10}, {3, 12, 15}, {9, 14}, {13}}","{{1, 2, 3, 10, 13}, {4, 6, 7, 14}, {5, 9, 12}, {8, 11}, {15}}",False,,,,False,FlipSYTNotFound
28671,"{{1, 3, 9, 11, 15}, {2, 5, 12, 14}, {4, 7, 13}, {6, 8}, {10}}","{{1, 2, 3, 6, 10}, {4, 7, 8, 12}, {5, 9, 14}, {11, 15}, {13}}",False,,,,False,FlipSYTNotFound
28672,"{{1, 3, 6, 10, 13}, {2, 5, 9, 15}, {4, 8, 14}, {7, 11}, {12}}","{{1, 2, 4, 8, 9}, {3, 5, 7, 12}, {6, 11, 14}, {10, 15}, {13}}",False,,,,False,FlipSYTNotFound
28733,"{{1, 3, 6, 11, 15}, {2, 5, 12, 14}, {4, 7, 13}, {8, 10}, {9}}","{{1, 2, 3, 6, 7}, {4, 8, 11, 12}, {5, 9, 14}, {10, 15}, {13}}",False,,,,False,FlipSYTNotFound
28746,"{{1, 3, 5, 8, 12}, {2, 7, 10, 14}, {4, 9, 13}, {6, 15}, {11}}","{{1, 3, 5, 10, 14}, {2, 6, 7, 12}, {4, 9, 13}, {8, 11}, {15}}",False,,,,False,FlipSYTNotFound
28798,"{{1, 3, 6, 10, 13}, {2, 5, 8, 15}, {4, 9, 14}, {7, 11}, {12}}","{{1, 2, 4, 9, 12}, {3, 5, 7, 11}, {6, 13, 14}, {8, 15}, {10}}",False,,,,False,FlipSYTNotFound
28800,"{{1, 3, 8, 10, 13}, {2, 5, 9, 15}, {4, 7, 14}, {6, 11}, {12}}","{{1, 2, 4, 9, 10}, {3, 5, 7, 12}, {6, 11, 14}, {8, 15}, {13}}",False,,,,False,FlipSYTNotFound
28817,"{{1, 3, 9, 11, 15}, {2, 5, 12, 14}, {4, 6, 13}, {7, 8}, {10}}","{{1, 2, 3, 6, 9}, {4, 7, 8, 12}, {5, 10, 14}, {11, 15}, {13}}",False,,,,False,FlipSYTNotFound
28949,"{{1, 3, 6, 11, 13}, {2, 5, 10, 15}, {4, 8, 12}, {7, 9}, {14}}","{{1, 2, 6, 7, 9}, {3, 4, 8, 12}, {5, 11, 14}, {10, 15}, {13}}",False,,,,False,FlipSYTNotFound
28964,"{{1, 6, 9, 10, 15}, {2, 7, 12, 14}, {3, 8, 13}, {4, 11}, {5}}","{{1, 2, 3, 5, 11}, {4, 7, 8, 12}, {6, 9, 13}, {10, 14}, {15}}",False,,,,False,FlipSYTNotFound
28995,"{{1, 3, 9, 11, 13}, {2, 5, 10, 15}, {4, 7, 12}, {6, 8}, {14}}","{{1, 2, 6, 8, 10}, {3, 4, 9, 12}, {5, 11, 14}, {7, 15}, {13}}",False,,,,False,FlipSYTNotFound
29024,"{{1, 3, 7, 11, 15}, {2, 5, 12, 14}, {4, 6, 13}, {8, 9}, {10}}","{{1, 2, 3, 6, 8}, {4, 7, 10, 12}, {5, 9, 14}, {11, 15}, {13}}",False,,,,False,FlipSYTNotFound
29053,"{{1, 2, 4, 7, 13}, {3, 5, 6, 12}, {8, 9, 10}, {11, 15}, {14}}","{{1, 2, 5, 7, 8}, {3, 4, 11, 13}, {6, 10, 15}, {9, 14}, {12}}",False,,,,False,FlipSYTNotFound
29063,"{{1, 4, 8, 11, 13}, {2, 6, 10, 15}, {3, 7, 12}, {5, 9}, {14}}","{{1, 2, 6, 7, 11}, {3, 4, 9, 13}, {5, 10, 14}, {8, 15}, {12}}",False,,,,False,FlipSYTNotFound
29090,"{{1, 2, 3, 10, 13}, {4, 6, 9, 11}, {5, 8, 12}, {7, 15}, {14}}","{{1, 2, 7, 8, 9}, {3, 4, 11, 15}, {5, 10, 14}, {6, 12}, {13}}",False,,,,False,FlipSYTNotFound
29140,"{{1, 3, 5, 6, 7}, {2, 8, 10, 14}, {4, 11, 12}, {9, 13}, {15}}","{{1, 3, 5, 7, 14}, {2, 8, 11, 12}, {4, 10, 13}, {6, 15}, {9}}",False,,,,False,FlipSYTNotFound
29171,"{{1, 3, 4, 10, 13}, {2, 5, 8, 15}, {6, 7, 14}, {9, 11}, {12}}","{{1, 2, 4, 7, 10}, {3, 5, 8, 9}, {6, 13, 14}, {11, 15}, {12}}",False,,,,False,FlipSYTNotFound
29172,"{{1, 3, 8, 11, 13}, {2, 5, 10, 15}, {4, 7, 12}, {6, 9}, {14}}","{{1, 2, 6, 7, 10}, {3, 4, 9, 12}, {5, 11, 14}, {8, 15}, {13}}",False,,,,False,FlipSYTNotFound
29208,"{{1, 3, 9, 10, 15}, {2, 5, 12, 14}, {4, 6, 13}, {7, 11}, {8}}","{{1, 2, 3, 5, 8}, {4, 7, 9, 12}, {6, 10, 14}, {11, 15}, {13}}",False,,,,False,FlipSYTNotFound
29280,"{{1, 3, 4, 9, 13}, {2, 7, 10, 15}, {5, 8, 14}, {6, 11}, {12}}","{{1, 2, 4, 10, 14}, {3, 5, 8, 11}, {6, 9, 13}, {7, 15}, {12}}",False,,,,False,FlipSYTNotFound
29327,"{{1, 3, 9, 10, 11}, {2, 5, 13, 14}, {4, 7, 15}, {6, 8}, {12}}","{{1, 3, 4, 8, 10}, {2, 6, 7, 12}, {5, 9, 14}, {11, 15}, {13}}",False,,,,False,FlipSYTNotFound
29377,"{{1, 3, 8, 10, 15}, {2, 5, 12, 14}, {4, 6, 13}, {7, 11}, {9}}","{{1, 2, 3, 5, 7}, {4, 8, 9, 12}, {6, 10, 14}, {11, 15}, {13}}",False,,,,False,FlipSYTNotFound
29416,"{{1, 3, 8, 11, 13}, {2, 5, 10, 15}, {4, 6, 12}, {7, 9}, {14}}","{{1, 2, 6, 7, 9}, {3, 4, 10, 12}, {5, 11, 14}, {8, 15}, {13}}",False,,,,False,FlipSYTNotFound
29424,"{{1, 3, 5, 6, 15}, {2, 8, 9, 11}, {4, 10, 13}, {7, 14}, {12}}","{{1, 2, 4, 8, 9}, {3, 6, 12, 14}, {5, 7, 13}, {10, 11}, {15}}",False,,,,False,FlipSYTNotFound
29531,"{{1, 3, 8, 9, 13}, {2, 5, 10, 15}, {4, 7, 14}, {6, 11}, {12}}","{{1, 2, 4, 9, 10}, {3, 5, 8, 12}, {6, 11, 14}, {7, 15}, {13}}",False,,,,False,FlipSYTNotFound
29545,"{{1, 3, 9, 11, 13}, {2, 5, 10, 15}, {4, 6, 12}, {7, 8}, {14}}","{{1, 2, 6, 8, 9}, {3, 4, 10, 12}, {5, 11, 14}, {7, 15}, {13}}",False,,,,False,FlipSYTNotFound
29556,"{{1, 3, 7, 10, 11}, {2, 4, 13, 14}, {5, 8, 15}, {6, 9}, {12}}","{{1, 3, 4, 10, 14}, {2, 6, 7, 11}, {5, 8, 12}, {9, 15}, {13}}",False,,,,False,FlipSYTNotFound
29572,"{{1, 2, 6, 7, 9}, {3, 5, 8, 14}, {4, 11, 12}, {10, 13}, {15}}","{{1, 3, 5, 6, 12}, {2, 8, 10, 11}, {4, 13, 15}, {7, 14}, {9}}",False,,,,False,FlipSYTNotFound
29639,"{{1, 4, 5, 9, 10}, {2, 6, 7, 11}, {3, 12, 15}, {8, 14}, {13}}","{{1, 2, 3, 10, 13}, {4, 7, 8, 14}, {5, 9, 12}, {6, 11}, {15}}",False,,,,False,FlipSYTNotFound
29668,"{{1, 2, 3, 6, 11}, {4, 5, 7, 9}, {8, 12, 15}, {10, 14}, {13}}","{{1, 2, 3, 11, 12}, {4, 6, 8, 15}, {5, 7, 14}, {9, 13}, {10}}",False,,,,False,FlipSYTNotFound
29683,"{{1, 3, 4, 10, 11}, {2, 7, 13, 14}, {5, 8, 15}, {6, 9}, {12}}","{{1, 3, 4, 10, 14}, {2, 6, 7, 11}, {5, 8, 13}, {9, 15}, {12}}",False,,,,False,FlipSYTNotFound
29694,"{{1, 3, 8, 10, 11}, {2, 5, 13, 14}, {4, 7, 15}, {6, 9}, {12}}","{{1, 3, 4, 9, 10}, {2, 6, 7, 12}, {5, 8, 14}, {11, 15}, {13}}",False,,,,False,FlipSYTNotFound
29702,"{{1, 3, 7, 11, 13}, {2, 5, 10, 15}, {4, 6, 12}, {8, 9}, {14}}","{{1, 2, 6, 7, 8}, {3, 4, 10, 12}, {5, 11, 14}, {9, 15}, {13}}",False,,,,False,FlipSYTNotFound
29711,"{{1, 4, 8, 9, 11}, {2, 5, 13, 14}, {3, 7, 15}, {6, 10}, {12}}","{{1, 3, 4, 9, 10}, {2, 6, 8, 13}, {5, 7, 14}, {11, 15}, {12}}",False,,,,False,FlipSYTNotFound
29755,"{{1, 3, 8, 11, 13}, {2, 5, 9, 15}, {4, 7, 12}, {6, 10}, {14}}","{{1, 2, 6, 9, 10}, {3, 4, 7, 12}, {5, 11, 14}, {8, 15}, {13}}",False,,,,False,FlipSYTNotFound
29756,"{{1, 3, 7, 11, 13}, {2, 5, 10, 15}, {4, 8, 12}, {6, 9}, {14}}","{{1, 2, 6, 7, 10}, {3, 4, 8, 12}, {5, 11, 14}, {9, 15}, {13}}",False,,,,False,FlipSYTNotFound
29795,"{{1, 3, 9, 10, 11}, {2, 5, 13, 14}, {4, 6, 15}, {7, 8}, {12}}","{{1, 3, 4, 8, 9}, {2, 6, 7, 12}, {5, 10, 14}, {11, 15}, {13}}",False,,,,False,FlipSYTNotFound
29799,"{{1, 3, 6, 11, 13}, {2, 5, 10, 15}, {4, 7, 12}, {8, 9}, {14}}","{{1, 2, 6, 7, 8}, {3, 4, 9, 12}, {5, 11, 14}, {10, 15}, {13}}",False,,,,False,FlipSYTNotFound
29805,"{{1, 3, 6, 11, 13}, {2, 5, 9, 15}, {4, 8, 12}, {7, 10}, {14}}","{{1, 2, 6, 8, 9}, {3, 4, 7, 12}, {5, 11, 14}, {10, 15}, {13}}",False,,,,False,FlipSYTNotFound
29835,"{{1, 4, 8, 10, 11}, {2, 5, 13, 14}, {3, 7, 15}, {6, 9}, {12}}","{{1, 3, 4, 9, 10}, {2, 6, 7, 13}, {5, 8, 14}, {11, 15}, {12}}",False,,,,False,FlipSYTNotFound
29882,"{{1, 2, 3, 5, 15}, {4, 6, 7, 11}, {8, 10, 13}, {9, 14}, {12}}","{{1, 2, 4, 7, 12}, {3, 6, 10, 15}, {5, 8, 14}, {9, 13}, {11}}",False,,,,False,FlipSYTNotFound
29926,"{{1, 4, 5, 8, 10}, {2, 6, 9, 11}, {3, 12, 15}, {7, 14}, {13}}","{{1, 2, 3, 12, 13}, {4, 7, 9, 14}, {5, 8, 10}, {6, 11}, {15}}",False,,,,False,FlipSYTNotFound
29980,"{{1, 3, 8, 9, 11}, {2, 6, 13, 14}, {4, 7, 15}, {5, 10}, {12}}","{{1, 3, 4, 9, 11}, {2, 6, 8, 12}, {5, 7, 14}, {10, 15}, {13}}",False,,,,False,FlipSYTNotFound
29986,"{{1, 3, 6, 11, 13}, {2, 5, 8, 15}, {4, 9, 12}, {7, 10}, {14}}","{{1, 2, 6, 9, 12}, {3, 4, 7, 11}, {5, 13, 14}, {8, 15}, {10}}",False,,,,False,FlipSYTNotFound
30127,"{{1, 3, 7, 9, 13}, {2, 4, 10, 15}, {5, 6, 14}, {8, 11}, {12}}","{{1, 2, 4, 8, 11}, {3, 5, 9, 10}, {6, 12, 14}, {7, 15}, {13}}",False,,,,False,FlipSYTNotFound
30183,"{{1, 4, 8, 11, 13}, {2, 6, 9, 15}, {3, 7, 12}, {5, 10}, {14}}","{{1, 2, 6, 9, 11}, {3, 4, 7, 13}, {5, 10, 14}, {8, 15}, {12}}",False,,,,False,FlipSYTNotFound
30245,"{{1, 4, 8, 9, 13}, {2, 6, 10, 15}, {3, 7, 14}, {5, 11}, {12}}","{{1, 2, 4, 9, 11}, {3, 5, 8, 13}, {6, 10, 14}, {7, 15}, {12}}",False,,,,False,FlipSYTNotFound
30262,"{{1, 3, 7, 10, 15}, {2, 5, 12, 14}, {4, 6, 13}, {8, 11}, {9}}","{{1, 2, 3, 5, 7}, {4, 8, 10, 12}, {6, 9, 14}, {11, 15}, {13}}",False,,,,False,FlipSYTNotFound
30263,"{{1, 3, 4, 9, 13}, {2, 5, 10, 15}, {6, 7, 14}, {8, 11}, {12}}","{{1, 2, 4, 8, 14}, {3, 5, 9, 10}, {6, 11, 13}, {7, 15}, {12}}",False,,,,False,FlipSYTNotFound
30267,"{{1, 3, 8, 9, 13}, {2, 4, 10, 15}, {5, 6, 14}, {7, 11}, {12}}","{{1, 2, 4, 9, 11}, {3, 5, 8, 10}, {6, 12, 14}, {7, 15}, {13}}",False,,,,False,FlipSYTNotFound
30272,"{{1, 3, 5, 9, 13}, {2, 4, 10, 15}, {6, 8, 14}, {7, 11}, {12}}","{{1, 2, 4, 9, 14}, {3, 5, 8, 10}, {6, 11, 12}, {7, 15}, {13}}",False,,,,False,FlipSYTNotFound
30273,"{{1, 3, 5, 8, 13}, {2, 4, 10, 15}, {6, 9, 14}, {7, 11}, {12}}","{{1, 2, 4, 9, 14}, {3, 5, 7, 10}, {6, 11, 12}, {8, 15}, {13}}",False,,,,False,FlipSYTNotFound
30299,"{{1, 3, 5, 9, 13}, {2, 7, 10, 15}, {4, 8, 14}, {6, 11}, {12}}","{{1, 2, 4, 10, 14}, {3, 5, 8, 12}, {6, 9, 13}, {7, 15}, {11}}",True,20,20,1.37454804647519638057E-1,False,DistanceAboveTolerance
30300,"{{1, 3, 4, 8, 13}, {2, 7, 10, 15}, {5, 9, 14}, {6, 11}, {12}}","{{1, 2, 4, 10, 14}, {3, 5, 7, 11}, {6, 9, 13}, {8, 15}, {12}}",False,,,,False,FlipSYTNotFound
30424,"{{1, 3, 8, 9, 11}, {2, 5, 13, 14}, {4, 7, 15}, {6, 10}, {12}}","{{1, 3, 4, 9, 10}, {2, 6, 8, 12}, {5, 7, 14}, {11, 15}, {13}}",False,,,,False,FlipSYTNotFound
30442,"{{1, 2, 5, 9, 10}, {3, 4, 8, 11}, {6, 12, 15}, {7, 14}, {13}}","{{1, 2, 3, 9, 13}, {4, 7, 8, 15}, {5, 10, 12}, {6, 11}, {14}}",False,,,,False,FlipSYTNotFound
30461,"{{1, 3, 7, 11, 13}, {2, 5, 9, 15}, {4, 8, 12}, {6, 10}, {14}}","{{1, 2, 6, 8, 10}, {3, 4, 7, 12}, {5, 11, 14}, {9, 15}, {13}}",False,,,,False,FlipSYTNotFound
30559,"{{1, 4, 6, 7, 10}, {2, 5, 9, 11}, {3, 12, 15}, {8, 14}, {13}}","{{1, 2, 3, 11, 13}, {4, 7, 8, 14}, {5, 9, 10}, {6, 12}, {15}}",False,,,,False,FlipSYTNotFound
30599,"{{1, 3, 8, 9, 11}, {2, 5, 13, 15}, {4, 7, 14}, {6, 10}, {12}}","{{1, 2, 4, 9, 10}, {3, 6, 8, 12}, {5, 7, 14}, {11, 15}, {13}}",False,,,,False,FlipSYTNotFound
30646,"{{1, 4, 8, 9, 11}, {2, 5, 13, 15}, {3, 7, 14}, {6, 10}, {12}}","{{1, 2, 4, 9, 10}, {3, 6, 8, 13}, {5, 7, 14}, {11, 15}, {12}}",False,,,,False,FlipSYTNotFound
30708,"{{1, 3, 9, 10, 12}, {2, 5, 11, 13}, {4, 6, 15}, {7, 8}, {14}}","{{1, 2, 7, 8, 9}, {3, 5, 10, 12}, {4, 6, 14}, {11, 15}, {13}}",False,,,,False,FlipSYTNotFound
30710,"{{1, 3, 8, 10, 12}, {2, 5, 11, 13}, {4, 7, 15}, {6, 9}, {14}}","{{1, 2, 7, 9, 10}, {3, 5, 8, 12}, {4, 6, 14}, {11, 15}, {13}}",False,,,,False,FlipSYTNotFound
30719,"{{1, 3, 6, 10, 15}, {2, 5, 12, 14}, {4, 7, 13}, {8, 11}, {9}}","{{1, 2, 3, 5, 7}, {4, 8, 11, 12}, {6, 9, 14}, {10, 15}, {13}}",False,,,,False,FlipSYTNotFound
30729,"{{1, 6, 8, 9, 15}, {2, 7, 12, 14}, {3, 10, 13}, {4, 11}, {5}}","{{1, 2, 3, 5, 11}, {4, 6, 9, 12}, {7, 8, 13}, {10, 14}, {15}}",False,,,,False,FlipSYTNotFound
30791,"{{1, 4, 8, 10, 12}, {2, 5, 11, 13}, {3, 7, 15}, {6, 9}, {14}}","{{1, 2, 7, 9, 10}, {3, 5, 8, 13}, {4, 6, 14}, {11, 15}, {12}}",False,,,,False,FlipSYTNotFound
30797,"{{1, 5, 8, 9, 12}, {2, 6, 11, 15}, {3, 7, 14}, {4, 13}, {10}}","{{1, 2, 3, 6, 12}, {4, 5, 8, 9}, {7, 10, 13}, {11, 14}, {15}}",False,,,,False,FlipSYTNotFound
30804,"{{1, 3, 4, 8, 11}, {2, 5, 9, 15}, {6, 7, 13}, {10, 12}, {14}}","{{1, 2, 4, 6, 14}, {3, 7, 9, 10}, {5, 11, 13}, {8, 15}, {12}}",False,,,,False,FlipSYTNotFound
30805,"{{1, 3, 8, 10, 12}, {2, 6, 11, 13}, {4, 7, 15}, {5, 9}, {14}}","{{1, 2, 7, 9, 11}, {3, 5, 8, 12}, {4, 6, 14}, {10, 15}, {13}}",False,,,,False,FlipSYTNotFound
30839,"{{1, 4, 8, 9, 11}, {2, 6, 10, 14}, {3, 12, 13}, {5, 15}, {7}}","{{1, 3, 4, 9, 11}, {2, 6, 8, 10}, {5, 12, 13}, {7, 14}, {15}}",False,,,,False,FlipSYTNotFound
30912,"{{1, 4, 8, 10, 12}, {2, 5, 9, 15}, {3, 7, 14}, {6, 13}, {11}}","{{1, 2, 3, 5, 10}, {4, 6, 7, 9}, {8, 11, 13}, {12, 14}, {15}}",False,,,,False,FlipSYTNotFound
30938,"{{1, 4, 5, 8, 11}, {2, 6, 10, 14}, {3, 12, 15}, {7, 13}, {9}}","{{1, 3, 7, 12, 13}, {2, 4, 9, 14}, {5, 6, 10}, {8, 11}, {15}}",False,,,,False,FlipSYTNotFound
30943,"{{1, 3, 4, 10, 12}, {2, 7, 11, 13}, {5, 8, 15}, {6, 9}, {14}}","{{1, 2, 7, 10, 14}, {3, 5, 8, 11}, {4, 6, 13}, {9, 15}, {12}}",False,,,,False,FlipSYTNotFound
31011,"{{1, 5, 8, 10, 12}, {2, 6, 9, 15}, {3, 7, 14}, {4, 13}, {11}}","{{1, 2, 3, 5, 12}, {4, 6, 7, 9}, {8, 10, 13}, {11, 14}, {15}}",False,,,,False,FlipSYTNotFound
31037,"{{1, 3, 4, 8, 11}, {2, 6, 10, 14}, {5, 12, 15}, {7, 13}, {9}}","{{1, 3, 7, 11, 14}, {2, 4, 9, 13}, {5, 6, 10}, {8, 12}, {15}}",False,,,,False,FlipSYTNotFound
31065,"{{1, 3, 7, 9, 15}, {2, 5, 10, 13}, {4, 6, 12}, {8, 11}, {14}}","{{1, 2, 4, 5, 8}, {3, 9, 10, 12}, {6, 11, 14}, {7, 15}, {13}}",False,,,,False,FlipSYTNotFound
31118,"{{1, 5, 7, 10, 12}, {2, 6, 9, 15}, {3, 8, 14}, {4, 13}, {11}}","{{1, 2, 3, 5, 12}, {4, 6, 7, 8}, {9, 10, 13}, {11, 14}, {15}}",False,,,,False,FlipSYTNotFound
31207,"{{1, 4, 5, 8, 12}, {2, 6, 10, 13}, {3, 7, 15}, {9, 11}, {14}}","{{1, 2, 7, 12, 13}, {3, 5, 9, 14}, {4, 6, 10}, {8, 15}, {11}}",False,,,,False,FlipSYTNotFound
31300,"{{1, 4, 6, 7, 9}, {2, 5, 11, 14}, {3, 12, 15}, {8, 13}, {10}}","{{1, 3, 6, 11, 13}, {2, 4, 8, 14}, {5, 9, 10}, {7, 12}, {15}}",False,,,,False,FlipSYTNotFound
31314,"{{1, 4, 5, 6, 9}, {2, 7, 11, 14}, {3, 12, 15}, {8, 13}, {10}}","{{1, 3, 6, 12, 13}, {2, 4, 8, 14}, {5, 9, 11}, {7, 10}, {15}}",False,,,,False,FlipSYTNotFound
31340,"{{1, 2, 4, 6, 10}, {3, 5, 11, 14}, {7, 9, 13}, {8, 15}, {12}}","{{1, 3, 4, 8, 15}, {2, 7, 11, 13}, {5, 9, 14}, {6, 10}, {12}}",False,,,,False,FlipSYTNotFound
31350,"{{1, 2, 5, 8, 9}, {3, 6, 11, 13}, {4, 7, 12}, {10, 15}, {14}}","{{1, 2, 6, 12, 15}, {3, 4, 9, 13}, {5, 8, 14}, {7, 10}, {11}}",False,,,,False,FlipSYTNotFound
31564,"{{1, 2, 6, 7, 15}, {3, 8, 10, 14}, {4, 9, 13}, {5, 12}, {11}}","{{1, 2, 3, 4, 5}, {6, 7, 11, 15}, {8, 10, 12}, {9, 13}, {14}}",False,,,,False,FlipSYTNotFound
31659,"{{1, 3, 6, 8, 15}, {2, 5, 10, 14}, {4, 7, 13}, {9, 12}, {11}}","{{1, 2, 3, 4, 5}, {6, 7, 11, 12}, {8, 9, 14}, {10, 15}, {13}}",False,,,,False,FlipSYTNotFound
31788,"{{1, 3, 7, 8, 15}, {2, 5, 10, 14}, {4, 6, 13}, {9, 12}, {11}}","{{1, 2, 3, 4, 5}, {6, 7, 10, 12}, {8, 9, 14}, {11, 15}, {13}}",False,,,,False,FlipSYTNotFound
31849,"{{1, 2, 4, 7, 15}, {3, 5, 6, 13}, {8, 10, 11}, {9, 12}, {14}}","{{1, 2, 4, 6, 7}, {3, 8, 11, 13}, {5, 10, 15}, {9, 14}, {12}}",False,,,,False,FlipSYTNotFound
32153,"{{1, 3, 6, 9, 10}, {2, 5, 7, 15}, {4, 11, 13}, {8, 12}, {14}}","{{1, 2, 4, 8, 12}, {3, 7, 9, 11}, {5, 13, 14}, {6, 15}, {10}}",False,,,,False,FlipSYTNotFound
32233,"{{1, 2, 3, 10, 12}, {4, 5, 6, 13}, {7, 9, 14}, {8, 11}, {15}}","{{1, 5, 7, 8, 12}, {2, 6, 9, 15}, {3, 10, 11}, {4, 14}, {13}}",False,,,,False,FlipSYTNotFound
32286,"{{1, 4, 5, 10, 12}, {2, 6, 9, 13}, {3, 7, 14}, {8, 11}, {15}}","{{1, 5, 7, 8, 13}, {2, 6, 9, 14}, {3, 10, 12}, {4, 15}, {11}}",False,,,,False,FlipSYTNotFound
32344,"{{1, 4, 5, 6, 8}, {2, 7, 11, 14}, {3, 12, 15}, {9, 13}, {10}}","{{1, 3, 6, 12, 13}, {2, 4, 7, 14}, {5, 9, 11}, {8, 10}, {15}}",False,,,,False,FlipSYTNotFound
32384,"{{1, 3, 5, 7, 15}, {2, 6, 9, 14}, {4, 10, 13}, {8, 12}, {11}}","{{1, 2, 3, 4, 5}, {6, 8, 12, 14}, {7, 10, 13}, {9, 11}, {15}}",False,,,,False,FlipSYTNotFound
32395,"{{1, 2, 5, 7, 9}, {3, 4, 10, 14}, {6, 11, 13}, {8, 15}, {12}}","{{1, 3, 4, 8, 13}, {2, 5, 10, 12}, {6, 9, 15}, {7, 11}, {14}}",False,,,,False,FlipSYTNotFound
32562,"{{1, 3, 5, 8, 15}, {2, 6, 9, 14}, {4, 10, 13}, {7, 12}, {11}}","{{1, 2, 3, 4, 5}, {6, 9, 12, 14}, {7, 10, 13}, {8, 11}, {15}}",False,,,,False,FlipSYTNotFound
32711,"{{1, 3, 4, 6, 10}, {2, 7, 9, 15}, {5, 11, 13}, {8, 12}, {14}}","{{1, 2, 4, 8, 14}, {3, 7, 9, 11}, {5, 12, 13}, {6, 15}, {10}}",False,,,,False,FlipSYTNotFound
32802,"{{1, 4, 6, 7, 8}, {2, 5, 11, 14}, {3, 12, 15}, {9, 13}, {10}}","{{1, 3, 6, 11, 13}, {2, 4, 7, 14}, {5, 9, 10}, {8, 12}, {15}}",False,,,,False,FlipSYTNotFound
32925,"{{1, 3, 5, 7, 15}, {2, 6, 8, 14}, {4, 10, 13}, {9, 12}, {11}}","{{1, 2, 3, 4, 5}, {6, 7, 12, 14}, {8, 10, 13}, {9, 11}, {15}}",False,,,,False,FlipSYTNotFound
33077,"{{1, 2, 6, 8, 12}, {3, 5, 7, 15}, {4, 9, 14}, {10, 13}, {11}}","{{1, 2, 3, 5, 12}, {4, 6, 9, 11}, {7, 13, 15}, {8, 14}, {10}}",False,,,,False,FlipSYTNotFound
33156,"{{1, 5, 9, 10, 11}, {2, 6, 12, 15}, {3, 7, 14}, {4, 13}, {8}}","{{1, 2, 3, 8, 12}, {4, 6, 7, 9}, {5, 10, 13}, {11, 14}, {15}}",False,,,,False,FlipSYTNotFound
33227,"{{1, 4, 5, 10, 12}, {2, 6, 8, 13}, {3, 7, 14}, {9, 11}, {15}}","{{1, 5, 7, 9, 13}, {2, 6, 8, 14}, {3, 10, 12}, {4, 15}, {11}}",False,,,,False,FlipSYTNotFound
33386,"{{1, 3, 4, 8, 12}, {2, 6, 10, 13}, {5, 9, 14}, {7, 11}, {15}}","{{1, 5, 7, 9, 14}, {2, 6, 10, 11}, {3, 8, 13}, {4, 15}, {12}}",False,,,,False,FlipSYTNotFound
33392,"{{1, 4, 6, 7, 10}, {2, 5, 9, 14}, {3, 12, 15}, {8, 13}, {11}}","{{1, 3, 5, 11, 13}, {2, 4, 8, 14}, {6, 7, 10}, {9, 12}, {15}}",False,,,,False,FlipSYTNotFound
33406,"{{1, 4, 7, 10, 11}, {2, 6, 12, 15}, {3, 9, 14}, {5, 13}, {8}}","{{1, 2, 3, 8, 11}, {4, 6, 7, 10}, {5, 9, 13}, {12, 14}, {15}}",False,,,,False,FlipSYTNotFound
33557,"{{1, 3, 4, 7, 10}, {2, 5, 8, 14}, {6, 12, 15}, {9, 13}, {11}}","{{1, 3, 5, 13, 14}, {2, 4, 7, 15}, {6, 8, 10}, {9, 11}, {12}}",False,,,,False,FlipSYTNotFound
33622,"{{1, 3, 6, 8, 10}, {2, 5, 7, 15}, {4, 11, 13}, {9, 12}, {14}}","{{1, 2, 4, 7, 12}, {3, 8, 9, 11}, {5, 13, 14}, {6, 15}, {10}}",False,,,,False,FlipSYTNotFound
33694,"{{1, 3, 7, 8, 15}, {2, 5, 9, 14}, {4, 6, 13}, {10, 12}, {11}}","{{1, 2, 3, 4, 5}, {6, 9, 10, 12}, {7, 11, 14}, {8, 15}, {13}}",False,,,,False,FlipSYTNotFound
33717,"{{1, 4, 9, 10, 11}, {2, 5, 12, 15}, {3, 8, 14}, {6, 13}, {7}}","{{1, 2, 3, 8, 9}, {4, 6, 7, 10}, {5, 11, 13}, {12, 14}, {15}}",False,,,,False,FlipSYTNotFound
33726,"{{1, 3, 7, 9, 15}, {2, 5, 8, 14}, {4, 6, 13}, {10, 12}, {11}}","{{1, 2, 3, 4, 5}, {6, 8, 10, 12}, {7, 11, 14}, {9, 15}, {13}}",False,,,,False,FlipSYTNotFound
33760,"{{1, 3, 4, 7, 12}, {2, 6, 10, 13}, {5, 9, 14}, {8, 11}, {15}}","{{1, 5, 7, 8, 14}, {2, 6, 10, 11}, {3, 9, 13}, {4, 15}, {12}}",False,,,,False,FlipSYTNotFound
33821,"{{1, 3, 4, 8, 12}, {2, 7, 10, 13}, {5, 9, 14}, {6, 11}, {15}}","{{1, 5, 7, 10, 14}, {2, 6, 9, 11}, {3, 8, 13}, {4, 15}, {12}}",False,,,,False,FlipSYTNotFound
34138,"{{1, 3, 8, 9, 11}, {2, 5, 12, 15}, {4, 10, 14}, {6, 13}, {7}}","{{1, 2, 3, 9, 12}, {4, 6, 8, 10}, {5, 7, 11}, {13, 14}, {15}}",False,,,,False,FlipSYTNotFound
34239,"{{1, 2, 3, 4, 15}, {5, 6, 7, 14}, {8, 10, 13}, {9, 12}, {11}}","{{1, 2, 3, 4, 5}, {6, 7, 11, 15}, {8, 10, 14}, {9, 13}, {12}}",False,,,,False,FlipSYTNotFound
34318,"{{1, 4, 5, 8, 9}, {2, 6, 10, 14}, {3, 12, 15}, {7, 13}, {11}}","{{1, 3, 5, 12, 13}, {2, 4, 9, 14}, {6, 8, 10}, {7, 11}, {15}}",False,,,,False,FlipSYTNotFound
34350,"{{1, 2, 4, 5, 15}, {3, 7, 9, 14}, {6, 8, 13}, {10, 12}, {11}}","{{1, 2, 3, 4, 5}, {6, 8, 10, 15}, {7, 12, 13}, {9, 14}, {11}}",False,,,,False,FlipSYTNotFound
34353,"{{1, 3, 5, 8, 10}, {2, 4, 9, 14}, {6, 7, 13}, {11, 15}, {12}}","{{1, 3, 4, 10, 14}, {2, 5, 9, 12}, {6, 7, 15}, {8, 11}, {13}}",False,,,,False,FlipSYTNotFound
34393,"{{1, 4, 5, 9, 12}, {2, 6, 8, 13}, {3, 7, 15}, {10, 11}, {14}}","{{1, 2, 6, 9, 13}, {3, 5, 8, 14}, {4, 7, 12}, {10, 15}, {11}}",False,,,,False,FlipSYTNotFound
34444,"{{1, 3, 6, 9, 15}, {2, 5, 8, 14}, {4, 7, 13}, {10, 12}, {11}}","{{1, 2, 3, 4, 5}, {6, 8, 9, 12}, {7, 11, 14}, {10, 15}, {13}}",False,,,,False,FlipSYTNotFound
34489,"{{1, 3, 4, 9, 12}, {2, 6, 10, 13}, {5, 8, 14}, {7, 11}, {15}}","{{1, 5, 8, 9, 14}, {2, 6, 10, 11}, {3, 7, 13}, {4, 15}, {12}}",False,,,,False,FlipSYTNotFound
34514,"{{1, 4, 6, 9, 15}, {2, 5, 7, 14}, {3, 8, 13}, {10, 12}, {11}}","{{1, 2, 3, 4, 5}, {6, 8, 11, 13}, {7, 12, 14}, {9, 15}, {10}}",False,,,,False,FlipSYTNotFound
34646,"{{1, 2, 5, 9, 15}, {3, 6, 8, 14}, {4, 7, 13}, {10, 12}, {11}}","{{1, 2, 3, 4, 5}, {6, 8, 9, 12}, {7, 13, 15}, {10, 14}, {11}}",False,,,,False,FlipSYTNotFound
34647,"{{1, 4, 6, 9, 15}, {2, 5, 8, 14}, {3, 7, 13}, {10, 12}, {11}}","{{1, 2, 3, 4, 5}, {6, 8, 9, 13}, {7, 11, 14}, {10, 15}, {12}}",False,,,,False,FlipSYTNotFound
34653,"{{1, 3, 5, 10, 11}, {2, 6, 12, 15}, {4, 9, 14}, {7, 13}, {8}}","{{1, 2, 3, 8, 14}, {4, 6, 7, 9}, {5, 10, 12}, {11, 13}, {15}}",False,,,,False,FlipSYTNotFound
34686,"{{1, 2, 4, 7, 15}, {3, 5, 6, 14}, {8, 10, 13}, {9, 12}, {11}}","{{1, 2, 3, 4, 5}, {6, 7, 11, 13}, {8, 10, 15}, {9, 14}, {12}}",False,,,,False,FlipSYTNotFound
34704,"{{1, 4, 6, 7, 15}, {2, 5, 9, 14}, {3, 8, 13}, {10, 12}, {11}}","{{1, 2, 3, 4, 5}, {6, 8, 11, 13}, {7, 10, 14}, {9, 15}, {12}}",False,,,,False,FlipSYTNotFound
34932,"{{1, 3, 6, 8, 9}, {2, 5, 7, 15}, {4, 11, 13}, {10, 12}, {14}}","{{1, 2, 4, 6, 12}, {3, 8, 9, 11}, {5, 13, 14}, {7, 15}, {10}}",False,,,,False,FlipSYTNotFound
34987,"{{1, 3, 5, 8, 12}, {2, 4, 10, 13}, {6, 7, 14}, {9, 11}, {15}}","{{1, 5, 7, 10, 14}, {2, 6, 9, 12}, {3, 8, 11}, {4, 15}, {13}}",False,,,,False,FlipSYTNotFound
35027,"{{1, 4, 8, 10, 11}, {2, 5, 12, 13}, {3, 7, 15}, {6, 9}, {14}}","{{1, 2, 7, 9, 10}, {3, 4, 8, 13}, {5, 6, 14}, {11, 15}, {12}}",False,,,,False,FlipSYTNotFound
35107,"{{1, 4, 5, 6, 9}, {2, 7, 10, 14}, {3, 12, 15}, {8, 13}, {11}}","{{1, 3, 5, 12, 13}, {2, 4, 8, 14}, {6, 9, 11}, {7, 10}, {15}}",False,,,,False,FlipSYTNotFound
35113,"{{1, 3, 8, 11, 15}, {2, 5, 10, 12}, {4, 7, 13}, {6, 9}, {14}}","{{1, 2, 6, 7, 10}, {3, 8, 9, 12}, {4, 11, 14}, {5, 15}, {13}}",False,,,,False,FlipSYTNotFound
35150,"{{1, 2, 3, 8, 9}, {4, 5, 7, 13}, {6, 10, 12}, {11, 15}, {14}}","{{1, 2, 5, 10, 12}, {3, 4, 9, 11}, {6, 8, 15}, {7, 14}, {13}}",False,,,,False,FlipSYTNotFound
35171,"{{1, 4, 5, 6, 8}, {2, 7, 10, 14}, {3, 12, 15}, {9, 13}, {11}}","{{1, 3, 5, 12, 13}, {2, 4, 7, 14}, {6, 9, 11}, {8, 10}, {15}}",False,,,,False,FlipSYTNotFound
35196,"{{1, 2, 4, 8, 15}, {3, 5, 6, 13}, {7, 9, 10}, {11, 12}, {14}}","{{1, 2, 4, 5, 9}, {3, 7, 11, 13}, {6, 10, 15}, {8, 14}, {12}}",False,,,,False,FlipSYTNotFound
35240,"{{1, 3, 9, 10, 11}, {2, 5, 12, 13}, {4, 7, 15}, {6, 8}, {14}}","{{1, 2, 7, 8, 10}, {3, 4, 9, 12}, {5, 6, 14}, {11, 15}, {13}}",False,,,,False,FlipSYTNotFound
35287,"{{1, 3, 8, 10, 11}, {2, 5, 12, 13}, {4, 7, 15}, {6, 9}, {14}}","{{1, 2, 7, 9, 10}, {3, 4, 8, 12}, {5, 6, 14}, {11, 15}, {13}}",False,,,,False,FlipSYTNotFound
35317,"{{1, 3, 8, 10, 11}, {2, 6, 12, 13}, {4, 7, 15}, {5, 9}, {14}}","{{1, 2, 7, 9, 11}, {3, 4, 8, 12}, {5, 6, 14}, {10, 15}, {13}}",False,,,,False,FlipSYTNotFound
35356,"{{1, 2, 4, 7, 15}, {3, 5, 6, 13}, {8, 9, 10}, {11, 12}, {14}}","{{1, 2, 4, 5, 8}, {3, 7, 11, 13}, {6, 10, 15}, {9, 14}, {12}}",False,,,,False,FlipSYTNotFound
35406,"{{1, 3, 9, 11, 15}, {2, 5, 10, 12}, {4, 6, 13}, {7, 8}, {14}}","{{1, 2, 6, 8, 9}, {3, 7, 10, 12}, {4, 11, 14}, {5, 15}, {13}}",False,,,,False,FlipSYTNotFound
35521,"{{1, 3, 9, 10, 11}, {2, 5, 12, 13}, {4, 6, 15}, {7, 8}, {14}}","{{1, 2, 7, 8, 9}, {3, 4, 10, 12}, {5, 6, 14}, {11, 15}, {13}}",False,,,,False,FlipSYTNotFound
35534,"{{1, 2, 4, 10, 11}, {3, 5, 12, 13}, {6, 7, 15}, {8, 9}, {14}}","{{1, 2, 7, 8, 15}, {3, 4, 9, 10}, {5, 6, 13}, {11, 14}, {12}}",False,,,,False,FlipSYTNotFound
35553,"{{1, 3, 8, 11, 15}, {2, 5, 10, 14}, {4, 6, 13}, {7, 9}, {12}}","{{1, 2, 3, 4, 9}, {5, 6, 7, 12}, {8, 10, 14}, {11, 15}, {13}}",False,,,,False,FlipSYTNotFound
35656,"{{1, 4, 9, 10, 11}, {2, 5, 12, 13}, {3, 7, 15}, {6, 8}, {14}}","{{1, 2, 7, 8, 10}, {3, 4, 9, 13}, {5, 6, 14}, {11, 15}, {12}}",False,,,,False,FlipSYTNotFound
35666,"{{1, 2, 4, 8, 15}, {3, 5, 6, 14}, {7, 9, 13}, {10, 12}, {11}}","{{1, 2, 3, 4, 5}, {6, 9, 11, 13}, {7, 10, 15}, {8, 14}, {12}}",False,,,,False,FlipSYTNotFound
35717,"{{1, 4, 8, 9, 11}, {2, 5, 12, 13}, {3, 7, 15}, {6, 10}, {14}}","{{1, 2, 6, 9, 10}, {3, 4, 8, 13}, {5, 7, 14}, {11, 15}, {12}}",False,,,,False,FlipSYTNotFound
35801,"{{1, 3, 8, 11, 15}, {2, 5, 10, 12}, {4, 6, 13}, {7, 9}, {14}}","{{1, 2, 6, 7, 9}, {3, 8, 10, 12}, {4, 11, 14}, {5, 15}, {13}}",False,,,,False,FlipSYTNotFound
35814,"{{1, 3, 7, 11, 15}, {2, 5, 10, 14}, {4, 8, 13}, {6, 9}, {12}}","{{1, 2, 3, 4, 10}, {5, 6, 7, 12}, {8, 11, 14}, {9, 15}, {13}}",False,,,,False,FlipSYTNotFound
35820,"{{1, 3, 9, 10, 11}, {2, 6, 12, 13}, {4, 7, 15}, {5, 8}, {14}}","{{1, 2, 7, 8, 11}, {3, 4, 9, 12}, {5, 6, 14}, {10, 15}, {13}}",False,,,,False,FlipSYTNotFound
35918,"{{1, 3, 8, 9, 11}, {2, 5, 12, 13}, {4, 7, 15}, {6, 10}, {14}}","{{1, 2, 6, 9, 10}, {3, 4, 8, 12}, {5, 7, 14}, {11, 15}, {13}}",False,,,,False,FlipSYTNotFound
35936,"{{1, 2, 5, 7, 9}, {3, 4, 6, 15}, {8, 11, 13}, {10, 12}, {14}}","{{1, 2, 4, 6, 13}, {3, 8, 10, 12}, {5, 9, 15}, {7, 14}, {11}}",False,,,,False,FlipSYTNotFound
35939,"{{1, 3, 6, 11, 15}, {2, 5, 10, 14}, {4, 7, 13}, {8, 9}, {12}}","{{1, 2, 3, 4, 8}, {5, 6, 7, 12}, {9, 11, 14}, {10, 15}, {13}}",False,,,,False,FlipSYTNotFound
35941,"{{1, 3, 7, 11, 15}, {2, 6, 10, 14}, {4, 8, 13}, {5, 9}, {12}}","{{1, 2, 3, 4, 11}, {5, 6, 7, 12}, {8, 10, 14}, {9, 15}, {13}}",False,,,,False,FlipSYTNotFound
35963,"{{1, 3, 7, 11, 15}, {2, 5, 10, 12}, {4, 6, 13}, {8, 9}, {14}}","{{1, 2, 6, 7, 8}, {3, 9, 10, 12}, {4, 11, 14}, {5, 15}, {13}}",False,,,,False,FlipSYTNotFound
35966,"{{1, 4, 8, 11, 15}, {2, 6, 10, 12}, {3, 7, 13}, {5, 9}, {14}}","{{1, 2, 6, 7, 11}, {3, 8, 9, 13}, {4, 10, 14}, {5, 15}, {12}}",False,,,,False,FlipSYTNotFound
36092,"{{1, 3, 4, 10, 11}, {2, 7, 12, 13}, {5, 8, 15}, {6, 9}, {14}}","{{1, 2, 7, 10, 14}, {3, 4, 8, 11}, {5, 6, 13}, {9, 15}, {12}}",False,,,,False,FlipSYTNotFound
36109,"{{1, 3, 8, 11, 15}, {2, 5, 9, 14}, {4, 6, 13}, {7, 10}, {12}}","{{1, 2, 3, 4, 9}, {5, 6, 10, 12}, {7, 11, 14}, {8, 15}, {13}}",False,,,,False,FlipSYTNotFound
36124,"{{1, 3, 5, 9, 11}, {2, 7, 12, 15}, {4, 8, 14}, {6, 13}, {10}}","{{1, 2, 3, 6, 14}, {4, 7, 8, 10}, {5, 9, 12}, {11, 13}, {15}}",False,,,,False,FlipSYTNotFound
36158,"{{1, 3, 7, 11, 15}, {2, 5, 10, 14}, {4, 6, 13}, {8, 9}, {12}}","{{1, 2, 3, 4, 8}, {5, 6, 7, 12}, {9, 10, 14}, {11, 15}, {13}}",False,,,,False,FlipSYTNotFound
36220,"{{1, 4, 5, 6, 7}, {2, 8, 10, 14}, {3, 12, 15}, {9, 13}, {11}}","{{1, 3, 5, 12, 13}, {2, 4, 7, 14}, {6, 8, 11}, {9, 10}, {15}}",False,,,,False,FlipSYTNotFound
36266,"{{1, 3, 8, 11, 15}, {2, 5, 10, 14}, {4, 7, 13}, {6, 9}, {12}}","{{1, 2, 3, 4, 10}, {5, 6, 7, 12}, {8, 9, 14}, {11, 15}, {13}}",False,,,,False,FlipSYTNotFound
36289,"{{1, 3, 4, 8, 11}, {2, 6, 12, 13}, {5, 9, 15}, {7, 10}, {14}}","{{1, 2, 6, 9, 14}, {3, 4, 10, 11}, {5, 7, 13}, {8, 15}, {12}}",False,,,,False,FlipSYTNotFound
36327,"{{1, 4, 8, 9, 11}, {2, 5, 12, 15}, {3, 7, 14}, {6, 13}, {10}}","{{1, 2, 3, 6, 10}, {4, 7, 8, 9}, {5, 11, 13}, {12, 14}, {15}}",False,,,,False,FlipSYTNotFound
36374,"{{1, 3, 9, 11, 15}, {2, 5, 10, 14}, {4, 6, 13}, {7, 8}, {12}}","{{1, 2, 3, 4, 9}, {5, 6, 8, 12}, {7, 10, 14}, {11, 15}, {13}}",False,,,,False,FlipSYTNotFound
36457,"{{1, 4, 5, 11, 15}, {2, 6, 9, 12}, {3, 7, 13}, {8, 10}, {14}}","{{1, 2, 6, 8, 13}, {3, 7, 9, 14}, {4, 10, 12}, {5, 15}, {11}}",False,,,,False,FlipSYTNotFound
36485,"{{1, 3, 9, 11, 15}, {2, 5, 10, 14}, {4, 7, 13}, {6, 8}, {12}}","{{1, 2, 3, 4, 10}, {5, 6, 8, 12}, {7, 9, 14}, {11, 15}, {13}}",False,,,,False,FlipSYTNotFound
36488,"{{1, 3, 6, 11, 15}, {2, 5, 10, 14}, {4, 8, 13}, {7, 9}, {12}}","{{1, 2, 3, 4, 9}, {5, 6, 7, 12}, {8, 11, 14}, {10, 15}, {13}}",False,,,,False,FlipSYTNotFound
36491,"{{1, 3, 9, 11, 15}, {2, 5, 10, 12}, {4, 7, 13}, {6, 8}, {14}}","{{1, 2, 6, 8, 10}, {3, 7, 9, 12}, {4, 11, 14}, {5, 15}, {13}}",False,,,,False,FlipSYTNotFound
36493,"{{1, 3, 7, 11, 15}, {2, 6, 9, 14}, {4, 8, 13}, {5, 10}, {12}}","{{1, 2, 3, 4, 11}, {5, 6, 8, 12}, {7, 10, 14}, {9, 15}, {13}}",False,,,,False,FlipSYTNotFound
36517,"{{1, 3, 4, 8, 10}, {2, 5, 9, 15}, {6, 7, 13}, {11, 12}, {14}}","{{1, 2, 4, 5, 14}, {3, 7, 9, 10}, {6, 11, 13}, {8, 15}, {12}}",False,,,,False,FlipSYTNotFound
36520,"{{1, 4, 6, 7, 8}, {2, 5, 10, 14}, {3, 12, 15}, {9, 13}, {11}}","{{1, 3, 5, 11, 13}, {2, 4, 7, 14}, {6, 9, 10}, {8, 12}, {15}}",False,,,,False,FlipSYTNotFound
36550,"{{1, 3, 4, 9, 11}, {2, 7, 12, 13}, {5, 8, 15}, {6, 10}, {14}}","{{1, 2, 6, 10, 14}, {3, 4, 8, 11}, {5, 7, 13}, {9, 15}, {12}}",False,,,,False,FlipSYTNotFound
36565,"{{1, 3, 7, 11, 15}, {2, 6, 8, 14}, {4, 9, 13}, {5, 10}, {12}}","{{1, 2, 3, 4, 11}, {5, 6, 10, 12}, {7, 13, 14}, {8, 15}, {9}}",False,,,,False,FlipSYTNotFound
36613,"{{1, 2, 4, 10, 11}, {3, 5, 6, 13}, {7, 8, 9}, {12, 15}, {14}}","{{1, 2, 7, 8, 9}, {3, 4, 11, 13}, {5, 6, 15}, {10, 14}, {12}}",False,,,,False,FlipSYTNotFound
36614,"{{1, 3, 5, 9, 11}, {2, 4, 12, 15}, {6, 7, 14}, {8, 13}, {10}}","{{1, 2, 3, 6, 14}, {4, 7, 8, 10}, {5, 9, 12}, {11, 15}, {13}}",False,,,,False,FlipSYTNotFound
36617,"{{1, 3, 4, 5, 9}, {2, 6, 7, 14}, {8, 12, 15}, {10, 13}, {11}}","{{1, 3, 5, 13, 14}, {2, 4, 6, 15}, {7, 8, 10}, {9, 12}, {11}}",False,,,,False,FlipSYTNotFound
36674,"{{1, 3, 5, 9, 11}, {2, 6, 12, 15}, {4, 8, 14}, {7, 13}, {10}}","{{1, 2, 3, 6, 14}, {4, 7, 8, 9}, {5, 10, 12}, {11, 13}, {15}}",False,,,,False,FlipSYTNotFound
36687,"{{1, 3, 7, 11, 15}, {2, 5, 9, 14}, {4, 8, 13}, {6, 10}, {12}}","{{1, 2, 3, 4, 10}, {5, 6, 8, 12}, {7, 11, 14}, {9, 15}, {13}}",False,,,,False,FlipSYTNotFound
36694,"{{1, 3, 6, 11, 15}, {2, 5, 9, 14}, {4, 7, 13}, {8, 10}, {12}}","{{1, 2, 3, 4, 8}, {5, 6, 9, 12}, {7, 11, 14}, {10, 15}, {13}}",False,,,,False,FlipSYTNotFound
36715,"{{1, 3, 5, 8, 12}, {2, 4, 9, 13}, {6, 7, 14}, {10, 11}, {15}}","{{1, 5, 6, 10, 14}, {2, 7, 9, 12}, {3, 8, 11}, {4, 15}, {13}}",False,,,,False,FlipSYTNotFound
36768,"{{1, 3, 8, 11, 15}, {2, 5, 9, 14}, {4, 7, 13}, {6, 10}, {12}}","{{1, 2, 3, 4, 10}, {5, 6, 9, 12}, {7, 11, 14}, {8, 15}, {13}}",False,,,,False,FlipSYTNotFound
36843,"{{1, 4, 5, 9, 12}, {2, 6, 8, 13}, {3, 7, 14}, {10, 11}, {15}}","{{1, 5, 6, 9, 13}, {2, 7, 8, 14}, {3, 10, 12}, {4, 15}, {11}}",False,,,,False,FlipSYTNotFound
36891,"{{1, 3, 6, 11, 15}, {2, 5, 9, 14}, {4, 8, 13}, {7, 10}, {12}}","{{1, 2, 3, 4, 9}, {5, 6, 8, 12}, {7, 11, 14}, {10, 15}, {13}}",False,,,,False,FlipSYTNotFound
36996,"{{1, 3, 5, 7, 11}, {2, 6, 12, 13}, {4, 9, 15}, {8, 10}, {14}}","{{1, 2, 6, 8, 14}, {3, 4, 10, 12}, {5, 7, 13}, {9, 15}, {11}}",False,,,,False,FlipSYTNotFound
37064,"{{1, 2, 5, 6, 8}, {3, 4, 7, 15}, {9, 11, 13}, {10, 12}, {14}}","{{1, 2, 4, 6, 13}, {3, 7, 11, 12}, {5, 9, 15}, {8, 14}, {10}}",False,,,,False,FlipSYTNotFound
37181,"{{1, 3, 7, 11, 15}, {2, 5, 9, 14}, {4, 6, 13}, {8, 10}, {12}}","{{1, 2, 3, 4, 8}, {5, 6, 10, 12}, {7, 11, 14}, {9, 15}, {13}}",False,,,,False,FlipSYTNotFound
37284,"{{1, 3, 9, 10, 11}, {2, 5, 12, 13}, {4, 6, 14}, {7, 8}, {15}}","{{1, 4, 7, 8, 9}, {2, 6, 10, 12}, {3, 11, 14}, {5, 15}, {13}}",False,,,,False,FlipSYTNotFound
37317,"{{1, 3, 9, 10, 11}, {2, 5, 12, 13}, {4, 7, 14}, {6, 8}, {15}}","{{1, 4, 7, 8, 10}, {2, 6, 9, 12}, {3, 11, 14}, {5, 15}, {13}}",False,,,,False,FlipSYTNotFound
37327,"{{1, 3, 6, 11, 15}, {2, 5, 8, 14}, {4, 7, 13}, {9, 10}, {12}}","{{1, 2, 3, 4, 7}, {5, 6, 9, 12}, {8, 11, 14}, {10, 15}, {13}}",False,,,,False,FlipSYTNotFound
37408,"{{1, 4, 5, 11, 15}, {2, 6, 8, 12}, {3, 7, 13}, {9, 10}, {14}}","{{1, 2, 6, 7, 13}, {3, 8, 9, 14}, {4, 10, 12}, {5, 15}, {11}}",False,,,,False,FlipSYTNotFound
37535,"{{1, 4, 5, 6, 7}, {2, 8, 9, 14}, {3, 12, 15}, {10, 13}, {11}}","{{1, 3, 5, 12, 13}, {2, 4, 6, 14}, {7, 8, 11}, {9, 10}, {15}}",False,,,,False,FlipSYTNotFound
37536,"{{1, 3, 7, 11, 15}, {2, 5, 8, 14}, {4, 6, 13}, {9, 10}, {12}}","{{1, 2, 3, 4, 7}, {5, 6, 10, 12}, {8, 11, 14}, {9, 15}, {13}}",False,,,,False,FlipSYTNotFound
37577,"{{1, 3, 8, 10, 11}, {2, 5, 12, 13}, {4, 7, 14}, {6, 9}, {15}}","{{1, 4, 7, 9, 10}, {2, 6, 8, 12}, {3, 11, 14}, {5, 15}, {13}}",False,,,,False,FlipSYTNotFound
37609,"{{1, 2, 5, 11, 15}, {3, 6, 8, 14}, {4, 7, 13}, {9, 10}, {12}}","{{1, 2, 3, 4, 7}, {5, 6, 9, 12}, {8, 13, 15}, {10, 14}, {11}}",False,,,,False,FlipSYTNotFound
37644,"{{1, 4, 8, 9, 10}, {2, 5, 12, 13}, {3, 7, 15}, {6, 11}, {14}}","{{1, 2, 5, 9, 10}, {3, 4, 8, 13}, {6, 7, 14}, {11, 15}, {12}}",False,,,,False,FlipSYTNotFound
37687,"{{1, 3, 4, 6, 9}, {2, 5, 8, 14}, {7, 10, 13}, {11, 15}, {12}}","{{1, 3, 4, 9, 14}, {2, 5, 11, 13}, {6, 8, 15}, {7, 12}, {10}}",False,,,,False,FlipSYTNotFound
37700,"{{1, 2, 3, 7, 11}, {4, 5, 9, 13}, {6, 8, 10}, {12, 15}, {14}}","{{1, 2, 8, 10, 15}, {3, 4, 11, 12}, {5, 6, 14}, {7, 13}, {9}}",False,,,,False,FlipSYTNotFound
37716,"{{1, 4, 5, 10, 11}, {2, 6, 9, 14}, {3, 7, 15}, {8, 13}, {12}}","{{1, 3, 4, 8, 13}, {2, 6, 7, 14}, {5, 9, 12}, {10, 15}, {11}}",False,,,,False,FlipSYTNotFound
37752,"{{1, 3, 8, 10, 15}, {2, 5, 11, 14}, {4, 7, 13}, {6, 9}, {12}}","{{1, 2, 3, 4, 10}, {5, 7, 9, 12}, {6, 8, 14}, {11, 15}, {13}}",False,,,,False,FlipSYTNotFound
37758,"{{1, 2, 3, 9, 10}, {4, 5, 7, 13}, {6, 8, 11}, {12, 15}, {14}}","{{1, 2, 8, 10, 12}, {3, 4, 9, 11}, {5, 7, 15}, {6, 14}, {13}}",False,,,,False,FlipSYTNotFound
37795,"{{1, 3, 8, 9, 10}, {2, 5, 12, 15}, {4, 11, 14}, {6, 13}, {7}}","{{1, 2, 3, 9, 12}, {4, 5, 8, 10}, {6, 7, 11}, {13, 14}, {15}}",False,,,,False,FlipSYTNotFound
37825,"{{1, 3, 9, 10, 15}, {2, 5, 11, 12}, {4, 6, 13}, {7, 8}, {14}}","{{1, 2, 5, 8, 9}, {3, 7, 10, 12}, {4, 11, 14}, {6, 15}, {13}}",False,,,,False,FlipSYTNotFound
37843,"{{1, 3, 7, 10, 11}, {2, 4, 12, 13}, {5, 6, 14}, {8, 9}, {15}}","{{1, 4, 7, 8, 11}, {2, 6, 9, 10}, {3, 12, 14}, {5, 15}, {13}}",False,,,,False,FlipSYTNotFound
37857,"{{1, 3, 7, 9, 10}, {2, 5, 12, 15}, {4, 11, 14}, {6, 13}, {8}}","{{1, 2, 3, 8, 12}, {4, 5, 9, 10}, {6, 7, 11}, {13, 14}, {15}}",False,,,,False,FlipSYTNotFound
37864,"{{1, 3, 5, 6, 10}, {2, 7, 9, 15}, {4, 8, 13}, {11, 12}, {14}}","{{1, 2, 4, 5, 14}, {3, 7, 8, 12}, {6, 11, 13}, {9, 15}, {10}}",False,,,,False,FlipSYTNotFound
37933,"{{1, 3, 9, 10, 15}, {2, 5, 11, 14}, {4, 7, 13}, {6, 8}, {12}}","{{1, 2, 3, 4, 10}, {5, 7, 8, 12}, {6, 9, 14}, {11, 15}, {13}}",False,,,,False,FlipSYTNotFound
37971,"{{1, 6, 8, 9, 10}, {2, 7, 12, 15}, {3, 11, 14}, {4, 13}, {5}}","{{1, 2, 3, 9, 11}, {4, 5, 8, 12}, {6, 7, 13}, {10, 14}, {15}}",False,,,,False,FlipSYTNotFound
38001,"{{1, 3, 8, 9, 10}, {2, 6, 12, 13}, {4, 7, 15}, {5, 11}, {14}}","{{1, 2, 5, 9, 11}, {3, 4, 8, 12}, {6, 7, 14}, {10, 15}, {13}}",False,,,,False,FlipSYTNotFound
38027,"{{1, 4, 5, 6, 8}, {2, 7, 9, 14}, {3, 12, 15}, {10, 13}, {11}}","{{1, 3, 5, 12, 13}, {2, 4, 6, 14}, {7, 9, 11}, {8, 10}, {15}}",False,,,,False,FlipSYTNotFound
38039,"{{1, 3, 8, 10, 15}, {2, 5, 11, 12}, {4, 7, 13}, {6, 9}, {14}}","{{1, 2, 5, 7, 10}, {3, 8, 9, 12}, {4, 11, 14}, {6, 15}, {13}}",False,,,,False,FlipSYTNotFound
38126,"{{1, 3, 8, 10, 11}, {2, 4, 12, 13}, {5, 6, 14}, {7, 9}, {15}}","{{1, 4, 7, 9, 11}, {2, 6, 8, 10}, {3, 12, 14}, {5, 15}, {13}}",False,,,,False,FlipSYTNotFound
38169,"{{1, 3, 9, 10, 15}, {2, 5, 11, 14}, {4, 6, 13}, {7, 8}, {12}}","{{1, 2, 3, 4, 9}, {5, 7, 8, 12}, {6, 10, 14}, {11, 15}, {13}}",False,,,,False,FlipSYTNotFound
38179,"{{1, 3, 7, 9, 11}, {2, 4, 12, 13}, {5, 6, 14}, {8, 10}, {15}}","{{1, 4, 6, 8, 11}, {2, 7, 9, 10}, {3, 12, 14}, {5, 15}, {13}}",False,,,,False,FlipSYTNotFound
38226,"{{1, 3, 8, 9, 11}, {2, 4, 12, 13}, {5, 6, 14}, {7, 10}, {15}}","{{1, 4, 6, 9, 11}, {2, 7, 8, 10}, {3, 12, 14}, {5, 15}, {13}}",False,,,,False,FlipSYTNotFound
38303,"{{1, 2, 3, 5, 11}, {4, 6, 12, 15}, {7, 8, 14}, {9, 13}, {10}}","{{1, 2, 3, 6, 15}, {4, 7, 9, 14}, {5, 8, 12}, {10, 13}, {11}}",False,,,,False,FlipSYTNotFound
38359,"{{1, 3, 6, 8, 9}, {2, 5, 10, 15}, {4, 7, 13}, {11, 12}, {14}}","{{1, 2, 4, 5, 12}, {3, 8, 9, 11}, {6, 10, 14}, {7, 15}, {13}}",False,,,,False,FlipSYTNotFound
38434,"{{1, 4, 8, 9, 15}, {2, 6, 11, 12}, {3, 7, 13}, {5, 10}, {14}}","{{1, 2, 5, 6, 11}, {3, 8, 9, 13}, {4, 10, 14}, {7, 15}, {12}}",False,,,,False,FlipSYTNotFound
38470,"{{1, 3, 7, 8, 9}, {2, 4, 10, 15}, {5, 6, 13}, {11, 12}, {14}}","{{1, 2, 4, 5, 11}, {3, 8, 9, 10}, {6, 12, 14}, {7, 15}, {13}}",False,,,,False,FlipSYTNotFound
38480,"{{1, 3, 4, 8, 9}, {2, 5, 10, 15}, {6, 7, 13}, {11, 12}, {14}}","{{1, 2, 4, 5, 14}, {3, 8, 9, 10}, {6, 11, 13}, {7, 15}, {12}}",False,,,,False,FlipSYTNotFound
38563,"{{1, 3, 7, 10, 15}, {2, 5, 11, 12}, {4, 6, 13}, {8, 9}, {14}}","{{1, 2, 5, 7, 8}, {3, 9, 10, 12}, {4, 11, 14}, {6, 15}, {13}}",False,,,,False,FlipSYTNotFound
38576,"{{1, 3, 8, 9, 15}, {2, 5, 11, 14}, {4, 7, 13}, {6, 10}, {12}}","{{1, 2, 3, 4, 10}, {5, 6, 9, 12}, {7, 8, 14}, {11, 15}, {13}}",False,,,,False,FlipSYTNotFound
38618,"{{1, 3, 7, 9, 15}, {2, 5, 11, 12}, {4, 6, 13}, {8, 10}, {14}}","{{1, 2, 5, 6, 8}, {3, 9, 10, 12}, {4, 11, 14}, {7, 15}, {13}}",False,,,,False,FlipSYTNotFound
38640,"{{1, 3, 4, 9, 10}, {2, 7, 12, 13}, {5, 8, 15}, {6, 11}, {14}}","{{1, 2, 5, 10, 14}, {3, 4, 8, 11}, {6, 7, 13}, {9, 15}, {12}}",False,,,,False,FlipSYTNotFound
38641,"{{1, 3, 8, 9, 11}, {2, 5, 12, 13}, {4, 7, 14}, {6, 10}, {15}}","{{1, 4, 6, 9, 10}, {2, 7, 8, 12}, {3, 11, 14}, {5, 15}, {13}}",False,,,,False,FlipSYTNotFound
38662,"{{1, 3, 9, 10, 15}, {2, 5, 11, 12}, {4, 7, 13}, {6, 8}, {14}}","{{1, 2, 5, 8, 10}, {3, 7, 9, 12}, {4, 11, 14}, {6, 15}, {13}}",False,,,,False,FlipSYTNotFound
38679,"{{1, 3, 8, 9, 15}, {2, 5, 11, 12}, {4, 7, 13}, {6, 10}, {14}}","{{1, 2, 5, 6, 10}, {3, 8, 9, 12}, {4, 11, 14}, {7, 15}, {13}}",False,,,,False,FlipSYTNotFound
38755,"{{1, 3, 8, 10, 15}, {2, 5, 11, 12}, {4, 6, 13}, {7, 9}, {14}}","{{1, 2, 5, 7, 9}, {3, 8, 10, 12}, {4, 11, 14}, {6, 15}, {13}}",False,,,,False,FlipSYTNotFound
38771,"{{1, 3, 5, 7, 10}, {2, 6, 12, 13}, {4, 9, 15}, {8, 11}, {14}}","{{1, 2, 5, 8, 14}, {3, 4, 10, 12}, {6, 7, 13}, {9, 15}, {11}}",False,,,,False,FlipSYTNotFound
38806,"{{1, 4, 5, 10, 11}, {2, 7, 8, 14}, {3, 9, 15}, {6, 13}, {12}}","{{1, 3, 4, 9, 10}, {2, 6, 7, 13}, {5, 8, 12}, {11, 14}, {15}}",False,,,,False,FlipSYTNotFound
38832,"{{1, 2, 6, 8, 10}, {3, 5, 7, 15}, {4, 9, 13}, {11, 12}, {14}}","{{1, 2, 4, 5, 12}, {3, 7, 9, 11}, {6, 13, 15}, {8, 14}, {10}}",False,,,,False,FlipSYTNotFound
38833,"{{1, 3, 7, 10, 15}, {2, 5, 11, 14}, {4, 6, 13}, {8, 9}, {12}}","{{1, 2, 3, 4, 8}, {5, 7, 10, 12}, {6, 9, 14}, {11, 15}, {13}}",False,,,,False,FlipSYTNotFound
38881,"{{1, 3, 8, 9, 10}, {2, 5, 12, 13}, {4, 7, 15}, {6, 11}, {14}}","{{1, 2, 5, 9, 10}, {3, 4, 8, 12}, {6, 7, 14}, {11, 15}, {13}}",False,,,,False,FlipSYTNotFound
38915,"{{1, 2, 6, 10, 11}, {3, 4, 7, 14}, {5, 9, 15}, {8, 13}, {12}}","{{1, 3, 4, 8, 13}, {2, 6, 7, 15}, {5, 9, 11}, {10, 12}, {14}}",False,,,,False,FlipSYTNotFound
38927,"{{1, 3, 8, 10, 15}, {2, 5, 11, 14}, {4, 6, 13}, {7, 9}, {12}}","{{1, 2, 3, 4, 9}, {5, 7, 10, 12}, {6, 8, 14}, {11, 15}, {13}}",False,,,,False,FlipSYTNotFound
38964,"{{1, 3, 5, 9, 11}, {2, 6, 12, 13}, {4, 8, 14}, {7, 10}, {15}}","{{1, 4, 6, 9, 14}, {2, 7, 8, 12}, {3, 10, 13}, {5, 15}, {11}}",False,,,,False,FlipSYTNotFound
38972,"{{1, 3, 8, 9, 15}, {2, 5, 11, 12}, {4, 6, 13}, {7, 10}, {14}}","{{1, 2, 5, 6, 9}, {3, 8, 10, 12}, {4, 11, 14}, {7, 15}, {13}}",False,,,,False,FlipSYTNotFound
39023,"{{1, 4, 6, 10, 15}, {2, 5, 11, 14}, {3, 8, 13}, {7, 9}, {12}}","{{1, 2, 3, 4, 9}, {5, 7, 11, 13}, {6, 8, 14}, {10, 15}, {12}}",False,,,,False,FlipSYTNotFound
39033,"{{1, 3, 5, 10, 15}, {2, 6, 11, 14}, {4, 8, 13}, {7, 9}, {12}}","{{1, 2, 3, 4, 9}, {5, 7, 12, 14}, {6, 8, 13}, {10, 15}, {11}}",False,,,,False,FlipSYTNotFound
39071,"{{1, 3, 8, 9, 15}, {2, 5, 11, 14}, {4, 6, 13}, {7, 10}, {12}}","{{1, 2, 3, 4, 9}, {5, 6, 10, 12}, {7, 8, 14}, {11, 15}, {13}}",False,,,,False,FlipSYTNotFound
39204,"{{1, 4, 6, 9, 15}, {2, 5, 11, 14}, {3, 8, 13}, {7, 10}, {12}}","{{1, 2, 3, 4, 9}, {5, 6, 11, 13}, {7, 8, 14}, {10, 15}, {12}}",False,,,,False,FlipSYTNotFound
39252,"{{1, 2, 4, 11, 12}, {3, 5, 6, 14}, {7, 9, 10}, {8, 15}, {13}}","{{1, 3, 6, 7, 8}, {2, 5, 11, 13}, {4, 9, 15}, {10, 14}, {12}}",False,,,,False,FlipSYTNotFound
39283,"{{1, 3, 5, 8, 10}, {2, 7, 12, 15}, {4, 11, 14}, {6, 13}, {9}}","{{1, 2, 3, 7, 14}, {4, 5, 9, 10}, {6, 8, 12}, {11, 13}, {15}}",False,,,,False,FlipSYTNotFound
39324,"{{1, 2, 4, 11, 12}, {3, 5, 6, 14}, {7, 8, 10}, {9, 15}, {13}}","{{1, 3, 6, 7, 9}, {2, 5, 11, 13}, {4, 8, 15}, {10, 14}, {12}}",False,,,,False,FlipSYTNotFound
39379,"{{1, 3, 6, 9, 15}, {2, 5, 11, 14}, {4, 7, 13}, {8, 10}, {12}}","{{1, 2, 3, 4, 8}, {5, 6, 11, 12}, {7, 9, 14}, {10, 15}, {13}}",False,,,,False,FlipSYTNotFound
39500,"{{1, 3, 7, 9, 15}, {2, 5, 11, 14}, {4, 6, 13}, {8, 10}, {12}}","{{1, 2, 3, 4, 8}, {5, 6, 10, 12}, {7, 9, 14}, {11, 15}, {13}}",False,,,,False,FlipSYTNotFound
39591,"{{1, 3, 4, 8, 11}, {2, 5, 12, 13}, {6, 7, 14}, {9, 10}, {15}}","{{1, 4, 6, 7, 14}, {2, 8, 9, 10}, {3, 11, 13}, {5, 15}, {12}}",False,,,,False,FlipSYTNotFound
39919,"{{1, 3, 7, 8, 11}, {2, 4, 12, 13}, {5, 6, 14}, {9, 10}, {15}}","{{1, 4, 6, 7, 11}, {2, 8, 9, 10}, {3, 12, 14}, {5, 15}, {13}}",False,,,,False,FlipSYTNotFound
39965,"{{1, 2, 4, 11, 12}, {3, 6, 7, 14}, {5, 8, 10}, {9, 15}, {13}}","{{1, 3, 6, 7, 11}, {2, 5, 10, 13}, {4, 8, 15}, {9, 14}, {12}}",False,,,,False,FlipSYTNotFound
39974,"{{1, 4, 6, 7, 15}, {2, 5, 11, 12}, {3, 8, 13}, {9, 10}, {14}}","{{1, 2, 5, 6, 7}, {3, 8, 11, 13}, {4, 10, 14}, {9, 15}, {12}}",False,,,,False,FlipSYTNotFound
40016,"{{1, 3, 6, 8, 15}, {2, 5, 11, 14}, {4, 7, 13}, {9, 10}, {12}}","{{1, 2, 3, 4, 7}, {5, 6, 11, 12}, {8, 9, 14}, {10, 15}, {13}}",False,,,,False,FlipSYTNotFound
40107,"{{1, 3, 4, 8, 9}, {2, 6, 12, 13}, {5, 10, 15}, {7, 11}, {14}}","{{1, 2, 5, 9, 14}, {3, 4, 10, 11}, {6, 8, 13}, {7, 15}, {12}}",False,,,,False,FlipSYTNotFound
40172,"{{1, 3, 6, 9, 11}, {2, 7, 10, 14}, {4, 8, 15}, {5, 13}, {12}}","{{1, 3, 4, 11, 14}, {2, 6, 8, 12}, {5, 7, 9}, {10, 13}, {15}}",False,,,,False,FlipSYTNotFound
40221,"{{1, 3, 8, 9, 10}, {2, 4, 12, 13}, {5, 6, 14}, {7, 11}, {15}}","{{1, 4, 5, 9, 11}, {2, 7, 8, 10}, {3, 12, 14}, {6, 15}, {13}}",False,,,,False,FlipSYTNotFound
40227,"{{1, 4, 5, 10, 11}, {2, 6, 8, 14}, {3, 7, 15}, {9, 13}, {12}}","{{1, 3, 4, 9, 13}, {2, 6, 7, 14}, {5, 8, 12}, {10, 15}, {11}}",False,,,,False,FlipSYTNotFound
40272,"{{1, 2, 5, 8, 15}, {3, 7, 11, 14}, {4, 9, 13}, {6, 10}, {12}}","{{1, 2, 3, 4, 10}, {5, 6, 12, 15}, {7, 9, 13}, {8, 14}, {11}}",False,,,,False,FlipSYTNotFound
40354,"{{1, 3, 7, 10, 15}, {2, 5, 9, 14}, {4, 8, 13}, {6, 11}, {12}}","{{1, 2, 3, 4, 10}, {5, 7, 8, 12}, {6, 11, 14}, {9, 15}, {13}}",False,,,,False,FlipSYTNotFound
40377,"{{1, 3, 7, 8, 15}, {2, 5, 11, 12}, {4, 6, 13}, {9, 10}, {14}}","{{1, 2, 5, 6, 7}, {3, 9, 10, 12}, {4, 11, 14}, {8, 15}, {13}}",False,,,,False,FlipSYTNotFound
40383,"{{1, 3, 8, 9, 10}, {2, 5, 12, 13}, {4, 7, 14}, {6, 11}, {15}}","{{1, 4, 5, 9, 10}, {2, 7, 8, 12}, {3, 11, 14}, {6, 15}, {13}}",False,,,,False,FlipSYTNotFound
40430,"{{1, 2, 3, 5, 6}, {4, 7, 10, 13}, {8, 9, 11}, {12, 15}, {14}}","{{1, 2, 7, 8, 15}, {3, 4, 12, 14}, {5, 9, 13}, {6, 11}, {10}}",False,,,,False,FlipSYTNotFound
40507,"{{1, 3, 6, 10, 15}, {2, 5, 9, 14}, {4, 8, 13}, {7, 11}, {12}}","{{1, 2, 3, 4, 9}, {5, 7, 8, 12}, {6, 11, 14}, {10, 15}, {13}}",False,,,,False,FlipSYTNotFound
40533,"{{1, 3, 5, 9, 10}, {2, 6, 12, 13}, {4, 8, 14}, {7, 11}, {15}}","{{1, 4, 5, 9, 14}, {2, 7, 8, 12}, {3, 10, 13}, {6, 15}, {11}}",False,,,,False,FlipSYTNotFound
40581,"{{1, 3, 8, 10, 15}, {2, 5, 9, 14}, {4, 6, 13}, {7, 11}, {12}}","{{1, 2, 3, 4, 9}, {5, 7, 10, 12}, {6, 11, 14}, {8, 15}, {13}}",False,,,,False,FlipSYTNotFound
40584,"{{1, 3, 7, 8, 15}, {2, 5, 11, 14}, {4, 6, 13}, {9, 10}, {12}}","{{1, 2, 3, 4, 7}, {5, 6, 10, 12}, {8, 9, 14}, {11, 15}, {13}}",False,,,,False,FlipSYTNotFound
40710,"{{1, 3, 5, 8, 9}, {2, 4, 6, 13}, {7, 10, 11}, {12, 15}, {14}}","{{1, 2, 6, 9, 14}, {3, 4, 10, 12}, {5, 8, 15}, {7, 13}, {11}}",False,,,,False,FlipSYTNotFound
40722,"{{1, 3, 6, 7, 9}, {2, 8, 12, 15}, {4, 11, 14}, {5, 13}, {10}}","{{1, 2, 3, 6, 14}, {4, 5, 10, 11}, {7, 8, 12}, {9, 13}, {15}}",False,,,,False,FlipSYTNotFound
40733,"{{1, 3, 7, 10, 15}, {2, 5, 9, 14}, {4, 6, 13}, {8, 11}, {12}}","{{1, 2, 3, 4, 8}, {5, 7, 10, 12}, {6, 11, 14}, {9, 15}, {13}}",False,,,,False,FlipSYTNotFound
40755,"{{1, 4, 6, 10, 15}, {2, 5, 9, 14}, {3, 7, 13}, {8, 11}, {12}}","{{1, 2, 3, 4, 8}, {5, 7, 9, 13}, {6, 11, 14}, {10, 15}, {12}}",False,,,,False,FlipSYTNotFound
40783,"{{1, 4, 8, 10, 15}, {2, 5, 9, 14}, {3, 7, 13}, {6, 11}, {12}}","{{1, 2, 3, 4, 10}, {5, 7, 9, 13}, {6, 11, 14}, {8, 15}, {12}}",False,,,,False,FlipSYTNotFound
40945,"{{1, 3, 7, 10, 15}, {2, 6, 8, 14}, {4, 9, 13}, {5, 11}, {12}}","{{1, 2, 3, 4, 11}, {5, 7, 10, 12}, {6, 13, 14}, {8, 15}, {9}}",False,,,,False,FlipSYTNotFound
40951,"{{1, 3, 6, 10, 15}, {2, 5, 9, 14}, {4, 7, 13}, {8, 11}, {12}}","{{1, 2, 3, 4, 8}, {5, 7, 9, 12}, {6, 11, 14}, {10, 15}, {13}}",False,,,,False,FlipSYTNotFound
40960,"{{1, 3, 4, 8, 10}, {2, 6, 12, 13}, {5, 9, 14}, {7, 11}, {15}}","{{1, 4, 5, 9, 14}, {2, 7, 10, 11}, {3, 8, 13}, {6, 15}, {12}}",False,,,,False,FlipSYTNotFound
40980,"{{1, 3, 8, 10, 15}, {2, 5, 9, 14}, {4, 7, 13}, {6, 11}, {12}}","{{1, 2, 3, 4, 10}, {5, 7, 9, 12}, {6, 11, 14}, {8, 15}, {13}}",False,,,,False,FlipSYTNotFound
40993,"{{1, 4, 5, 10, 15}, {2, 6, 9, 12}, {3, 7, 13}, {8, 11}, {14}}","{{1, 2, 5, 8, 13}, {3, 7, 9, 14}, {4, 10, 12}, {6, 15}, {11}}",False,,,,False,FlipSYTNotFound
41031,"{{1, 3, 7, 10, 15}, {2, 6, 9, 14}, {4, 8, 13}, {5, 11}, {12}}","{{1, 2, 3, 4, 11}, {5, 7, 8, 12}, {6, 10, 14}, {9, 15}, {13}}",False,,,,False,FlipSYTNotFound
41079,"{{1, 3, 7, 9, 10}, {2, 4, 12, 13}, {5, 6, 14}, {8, 11}, {15}}","{{1, 4, 5, 8, 11}, {2, 7, 9, 10}, {3, 12, 14}, {6, 15}, {13}}",False,,,,False,FlipSYTNotFound
41208,"{{1, 4, 7, 8, 10}, {2, 5, 12, 13}, {3, 6, 14}, {9, 11}, {15}}","{{1, 4, 5, 7, 13}, {2, 8, 9, 10}, {3, 11, 14}, {6, 15}, {12}}",False,,,,False,FlipSYTNotFound
41249,"{{1, 3, 7, 8, 10}, {2, 4, 12, 13}, {5, 6, 14}, {9, 11}, {15}}","{{1, 4, 5, 7, 11}, {2, 8, 9, 10}, {3, 12, 14}, {6, 15}, {13}}",False,,,,False,FlipSYTNotFound
41272,"{{1, 4, 6, 7, 15}, {2, 5, 11, 14}, {3, 8, 13}, {9, 10}, {12}}","{{1, 2, 3, 4, 7}, {5, 6, 11, 13}, {8, 10, 14}, {9, 15}, {12}}",False,,,,False,FlipSYTNotFound
41369,"{{1, 3, 4, 8, 10}, {2, 5, 12, 13}, {6, 7, 14}, {9, 11}, {15}}","{{1, 4, 5, 7, 14}, {2, 8, 9, 10}, {3, 11, 13}, {6, 15}, {12}}",False,,,,False,FlipSYTNotFound
41544,"{{1, 3, 6, 7, 10}, {2, 4, 12, 13}, {5, 8, 14}, {9, 11}, {15}}","{{1, 4, 5, 7, 14}, {2, 8, 10, 11}, {3, 9, 12}, {6, 15}, {13}}",False,,,,False,FlipSYTNotFound
41705,"{{1, 3, 6, 10, 15}, {2, 5, 8, 14}, {4, 7, 13}, {9, 11}, {12}}","{{1, 2, 3, 4, 7}, {5, 8, 9, 12}, {6, 11, 14}, {10, 15}, {13}}",False,,,,False,FlipSYTNotFound
41855,"{{1, 2, 3, 5, 9}, {4, 6, 12, 13}, {7, 8, 15}, {10, 11}, {14}}","{{1, 2, 5, 6, 15}, {3, 4, 9, 14}, {7, 8, 12}, {10, 13}, {11}}",False,,,,False,FlipSYTNotFound
41858,"{{1, 3, 7, 10, 15}, {2, 5, 8, 14}, {4, 6, 13}, {9, 11}, {12}}","{{1, 2, 3, 4, 7}, {5, 8, 10, 12}, {6, 11, 14}, {9, 15}, {13}}",False,,,,False,FlipSYTNotFound
41944,"{{1, 2, 5, 10, 15}, {3, 6, 8, 14}, {4, 7, 13}, {9, 11}, {12}}","{{1, 2, 3, 4, 7}, {5, 8, 9, 12}, {6, 13, 15}, {10, 14}, {11}}",False,,,,False,FlipSYTNotFound
41948,"{{1, 3, 5, 9, 10}, {2, 6, 12, 15}, {4, 8, 14}, {7, 13}, {11}}","{{1, 2, 3, 5, 14}, {4, 7, 8, 9}, {6, 10, 12}, {11, 13}, {15}}",False,,,,False,FlipSYTNotFound
42072,"{{1, 4, 5, 8, 11}, {2, 6, 9, 14}, {3, 10, 15}, {7, 13}, {12}}","{{1, 3, 4, 12, 13}, {2, 6, 9, 14}, {5, 7, 10}, {8, 11}, {15}}",False,,,,False,FlipSYTNotFound
42122,"{{1, 3, 5, 9, 11}, {2, 4, 7, 14}, {6, 10, 15}, {8, 13}, {12}}","{{1, 3, 4, 10, 14}, {2, 6, 8, 15}, {5, 7, 9}, {11, 12}, {13}}",False,,,,False,FlipSYTNotFound
42136,"{{1, 4, 5, 10, 15}, {2, 6, 8, 12}, {3, 7, 13}, {9, 11}, {14}}","{{1, 2, 5, 7, 13}, {3, 8, 9, 14}, {4, 10, 12}, {6, 15}, {11}}",False,,,,False,FlipSYTNotFound
42163,"{{1, 4, 6, 10, 15}, {2, 5, 8, 14}, {3, 7, 13}, {9, 11}, {12}}","{{1, 2, 3, 4, 7}, {5, 8, 9, 13}, {6, 11, 14}, {10, 15}, {12}}",False,,,,False,FlipSYTNotFound
42170,"{{1, 3, 4, 8, 9}, {2, 6, 12, 13}, {5, 10, 14}, {7, 11}, {15}}","{{1, 4, 5, 9, 14}, {2, 6, 10, 11}, {3, 8, 13}, {7, 15}, {12}}",False,,,,False,FlipSYTNotFound
42241,"{{1, 3, 4, 10, 15}, {2, 5, 8, 14}, {6, 7, 13}, {9, 11}, {12}}","{{1, 2, 3, 4, 7}, {5, 8, 9, 10}, {6, 13, 14}, {11, 15}, {12}}",False,,,,False,FlipSYTNotFound
42300,"{{1, 2, 4, 11, 12}, {3, 6, 8, 15}, {5, 7, 9}, {10, 13}, {14}}","{{1, 2, 6, 9, 11}, {3, 5, 7, 13}, {4, 10, 15}, {8, 14}, {12}}",False,,,,False,FlipSYTNotFound
42311,"{{1, 4, 6, 10, 11}, {2, 5, 9, 13}, {3, 8, 15}, {7, 12}, {14}}","{{1, 2, 7, 8, 9}, {3, 4, 11, 13}, {5, 6, 14}, {10, 15}, {12}}",False,,,,False,FlipSYTNotFound
42344,"{{1, 3, 8, 9, 15}, {2, 5, 10, 14}, {4, 7, 13}, {6, 11}, {12}}","{{1, 2, 3, 4, 10}, {5, 8, 9, 12}, {6, 11, 14}, {7, 15}, {13}}",False,,,,False,FlipSYTNotFound
42573,"{{1, 3, 7, 11, 12}, {2, 6, 8, 15}, {4, 9, 10}, {5, 13}, {14}}","{{1, 2, 6, 7, 11}, {3, 5, 10, 12}, {4, 13, 14}, {8, 15}, {9}}",False,,,,False,FlipSYTNotFound
42648,"{{1, 3, 8, 9, 15}, {2, 5, 10, 14}, {4, 6, 13}, {7, 11}, {12}}","{{1, 2, 3, 4, 9}, {5, 8, 10, 12}, {6, 11, 14}, {7, 15}, {13}}",False,,,,False,FlipSYTNotFound
42661,"{{1, 4, 6, 7, 11}, {2, 5, 9, 14}, {3, 10, 15}, {8, 13}, {12}}","{{1, 3, 4, 11, 13}, {2, 6, 8, 14}, {5, 7, 10}, {9, 12}, {15}}",False,,,,False,FlipSYTNotFound
42676,"{{1, 3, 7, 9, 15}, {2, 5, 10, 14}, {4, 6, 13}, {8, 11}, {12}}","{{1, 2, 3, 4, 8}, {5, 9, 10, 12}, {6, 11, 14}, {7, 15}, {13}}",False,,,,False,FlipSYTNotFound
42699,"{{1, 3, 5, 7, 15}, {2, 8, 10, 12}, {4, 9, 13}, {6, 11}, {14}}","{{1, 2, 5, 7, 10}, {3, 6, 12, 14}, {4, 11, 13}, {8, 15}, {9}}",False,,,,False,FlipSYTNotFound
42744,"{{1, 3, 5, 7, 9}, {2, 8, 12, 13}, {4, 10, 14}, {6, 11}, {15}}","{{1, 4, 5, 10, 14}, {2, 6, 11, 12}, {3, 8, 13}, {7, 15}, {9}}",False,,,,False,FlipSYTNotFound
42798,"{{1, 4, 5, 9, 15}, {2, 6, 10, 12}, {3, 7, 13}, {8, 11}, {14}}","{{1, 2, 5, 8, 13}, {3, 6, 9, 14}, {4, 10, 12}, {7, 15}, {11}}",False,,,,False,FlipSYTNotFound
42819,"{{1, 3, 7, 8, 9}, {2, 4, 12, 13}, {5, 6, 14}, {10, 11}, {15}}","{{1, 4, 5, 6, 11}, {2, 8, 9, 10}, {3, 12, 14}, {7, 15}, {13}}",False,,,,False,FlipSYTNotFound
42830,"{{1, 4, 5, 10, 11}, {2, 6, 8, 13}, {3, 7, 15}, {9, 12}, {14}}","{{1, 2, 7, 9, 13}, {3, 4, 8, 14}, {5, 6, 12}, {10, 15}, {11}}",False,,,,False,FlipSYTNotFound
42890,"{{1, 3, 5, 9, 10}, {2, 7, 12, 15}, {4, 8, 14}, {6, 13}, {11}}","{{1, 2, 3, 5, 14}, {4, 7, 8, 10}, {6, 9, 12}, {11, 13}, {15}}",False,,,,False,FlipSYTNotFound
42994,"{{1, 3, 6, 7, 11}, {2, 4, 8, 14}, {5, 10, 15}, {9, 13}, {12}}","{{1, 3, 4, 11, 14}, {2, 6, 7, 15}, {5, 8, 10}, {9, 12}, {13}}",False,,,,False,FlipSYTNotFound
43174,"{{1, 4, 8, 9, 12}, {2, 6, 10, 11}, {3, 7, 13}, {5, 15}, {14}}","{{1, 2, 6, 9, 11}, {3, 5, 10, 13}, {4, 8, 14}, {7, 12}, {15}}",True,20,20,1.30173106601090003764E-1,False,DistanceAboveTolerance
43189,"{{1, 2, 3, 4, 10}, {5, 8, 12, 15}, {6, 9, 14}, {7, 13}, {11}}","{{1, 2, 3, 5, 15}, {4, 7, 9, 14}, {6, 8, 10}, {11, 13}, {12}}",False,,,,False,FlipSYTNotFound
43198,"{{1, 3, 7, 8, 15}, {2, 5, 10, 14}, {4, 6, 13}, {9, 11}, {12}}","{{1, 2, 3, 4, 7}, {5, 9, 10, 12}, {6, 11, 14}, {8, 15}, {13}}",False,,,,False,FlipSYTNotFound
43216,"{{1, 4, 5, 9, 11}, {2, 6, 8, 14}, {3, 7, 15}, {10, 13}, {12}}","{{1, 3, 4, 9, 13}, {2, 6, 8, 14}, {5, 7, 12}, {10, 15}, {11}}",False,,,,False,FlipSYTNotFound
43267,"{{1, 4, 5, 10, 11}, {2, 6, 9, 13}, {3, 7, 15}, {8, 12}, {14}}","{{1, 2, 7, 8, 13}, {3, 4, 9, 14}, {5, 6, 12}, {10, 15}, {11}}",False,,,,False,FlipSYTNotFound
43454,"{{1, 4, 5, 7, 15}, {2, 6, 10, 12}, {3, 8, 13}, {9, 11}, {14}}","{{1, 2, 5, 7, 13}, {3, 6, 8, 14}, {4, 10, 12}, {9, 15}, {11}}",False,,,,False,FlipSYTNotFound
43770,"{{1, 3, 6, 10, 12}, {2, 7, 8, 15}, {4, 9, 11}, {5, 13}, {14}}","{{1, 2, 7, 9, 11}, {3, 5, 8, 12}, {4, 13, 14}, {6, 15}, {10}}",False,,,,False,FlipSYTNotFound
43803,"{{1, 3, 4, 10, 12}, {2, 6, 9, 15}, {5, 8, 11}, {7, 13}, {14}}","{{1, 2, 7, 8, 9}, {3, 5, 10, 11}, {4, 13, 14}, {6, 15}, {12}}",False,,,,False,FlipSYTNotFound
43812,"{{1, 3, 7, 8, 12}, {2, 4, 10, 14}, {5, 6, 11}, {9, 15}, {13}}","{{1, 3, 7, 10, 11}, {2, 5, 9, 14}, {4, 6, 15}, {8, 12}, {13}}",False,,,,False,FlipSYTNotFound
43909,"{{1, 2, 3, 5, 10}, {4, 6, 12, 15}, {7, 8, 14}, {9, 13}, {11}}","{{1, 2, 3, 5, 15}, {4, 7, 9, 14}, {6, 8, 12}, {10, 13}, {11}}",False,,,,False,FlipSYTNotFound
43942,"{{1, 4, 5, 8, 15}, {2, 6, 10, 12}, {3, 7, 13}, {9, 11}, {14}}","{{1, 2, 5, 7, 13}, {3, 6, 9, 14}, {4, 10, 12}, {8, 15}, {11}}",False,,,,False,FlipSYTNotFound
43984,"{{1, 4, 5, 10, 11}, {2, 6, 7, 13}, {3, 9, 15}, {8, 12}, {14}}","{{1, 2, 7, 8, 13}, {3, 4, 10, 14}, {5, 6, 12}, {9, 15}, {11}}",False,,,,False,FlipSYTNotFound
44113,"{{1, 3, 6, 8, 9}, {2, 5, 12, 13}, {4, 7, 14}, {10, 11}, {15}}","{{1, 4, 5, 6, 12}, {2, 8, 9, 11}, {3, 10, 14}, {7, 15}, {13}}",False,,,,False,FlipSYTNotFound
44137,"{{1, 3, 6, 10, 12}, {2, 5, 7, 15}, {4, 9, 11}, {8, 13}, {14}}","{{1, 2, 7, 8, 12}, {3, 5, 9, 11}, {4, 13, 14}, {6, 15}, {10}}",False,,,,False,FlipSYTNotFound
44386,"{{1, 4, 6, 7, 15}, {2, 5, 10, 14}, {3, 8, 13}, {9, 11}, {12}}","{{1, 2, 3, 4, 7}, {5, 8, 11, 13}, {6, 10, 14}, {9, 15}, {12}}",False,,,,False,FlipSYTNotFound
44451,"{{1, 3, 7, 9, 15}, {2, 6, 8, 14}, {4, 10, 13}, {5, 11}, {12}}","{{1, 2, 3, 4, 11}, {5, 8, 10, 12}, {6, 13, 14}, {7, 15}, {9}}",False,,,,False,FlipSYTNotFound
44621,"{{1, 3, 4, 9, 11}, {2, 6, 10, 13}, {5, 8, 15}, {7, 12}, {14}}","{{1, 2, 8, 9, 14}, {3, 4, 10, 11}, {5, 6, 13}, {7, 15}, {12}}",False,,,,False,FlipSYTNotFound
44940,"{{1, 2, 4, 9, 15}, {3, 5, 6, 14}, {7, 10, 13}, {8, 11}, {12}}","{{1, 2, 3, 4, 8}, {5, 9, 11, 13}, {6, 10, 15}, {7, 14}, {12}}",False,,,,False,FlipSYTNotFound
45011,"{{1, 3, 5, 9, 11}, {2, 4, 10, 13}, {6, 7, 15}, {8, 12}, {14}}","{{1, 2, 8, 10, 14}, {3, 4, 9, 12}, {5, 6, 11}, {7, 15}, {13}}",False,,,,False,FlipSYTNotFound
45244,"{{1, 2, 3, 9, 15}, {4, 6, 8, 14}, {5, 10, 13}, {7, 11}, {12}}","{{1, 2, 3, 4, 9}, {5, 8, 10, 11}, {6, 12, 15}, {7, 14}, {13}}",False,,,,False,FlipSYTNotFound
45270,"{{1, 2, 3, 8, 15}, {4, 5, 9, 12}, {6, 10, 13}, {7, 11}, {14}}","{{1, 2, 5, 9, 12}, {3, 6, 10, 15}, {4, 11, 14}, {7, 13}, {8}}",False,,,,False,FlipSYTNotFound
45274,"{{1, 2, 4, 7, 12}, {3, 5, 6, 14}, {8, 10, 11}, {9, 15}, {13}}","{{1, 3, 6, 7, 13}, {2, 5, 10, 11}, {4, 8, 15}, {9, 14}, {12}}",False,,,,False,FlipSYTNotFound
45339,"{{1, 4, 5, 9, 12}, {2, 6, 10, 15}, {3, 7, 11}, {8, 13}, {14}}","{{1, 2, 8, 12, 13}, {3, 5, 9, 14}, {4, 10, 15}, {6, 11}, {7}}",False,,,,False,FlipSYTNotFound
45351,"{{1, 3, 5, 9, 12}, {2, 6, 10, 15}, {4, 8, 11}, {7, 13}, {14}}","{{1, 2, 8, 9, 14}, {3, 5, 10, 12}, {4, 11, 13}, {6, 15}, {7}}",False,,,,False,FlipSYTNotFound
45358,"{{1, 2, 4, 10, 12}, {3, 6, 8, 15}, {5, 7, 11}, {9, 13}, {14}}","{{1, 2, 7, 9, 11}, {3, 5, 8, 13}, {4, 10, 15}, {6, 14}, {12}}",False,,,,False,FlipSYTNotFound
45395,"{{1, 3, 5, 8, 9}, {2, 4, 12, 15}, {6, 7, 14}, {10, 13}, {11}}","{{1, 2, 3, 5, 14}, {4, 6, 9, 10}, {7, 8, 12}, {11, 15}, {13}}",False,,,,False,FlipSYTNotFound
45455,"{{1, 4, 5, 10, 11}, {2, 6, 8, 13}, {3, 7, 14}, {9, 12}, {15}}","{{1, 4, 7, 9, 13}, {2, 6, 8, 14}, {3, 10, 12}, {5, 15}, {11}}",False,,,,False,FlipSYTNotFound
45661,"{{1, 4, 5, 9, 15}, {2, 6, 7, 12}, {3, 8, 13}, {10, 11}, {14}}","{{1, 2, 5, 6, 13}, {3, 8, 10, 14}, {4, 9, 12}, {7, 15}, {11}}",False,,,,False,FlipSYTNotFound
45689,"{{1, 4, 5, 8, 15}, {2, 6, 7, 12}, {3, 10, 13}, {9, 11}, {14}}","{{1, 2, 5, 7, 13}, {3, 6, 10, 14}, {4, 9, 12}, {8, 15}, {11}}",False,,,,False,FlipSYTNotFound
45781,"{{1, 4, 5, 10, 11}, {2, 6, 9, 13}, {3, 7, 14}, {8, 12}, {15}}","{{1, 4, 7, 8, 13}, {2, 6, 9, 14}, {3, 10, 12}, {5, 15}, {11}}",False,,,,False,FlipSYTNotFound
45789,"{{1, 3, 5, 7, 11}, {2, 6, 10, 13}, {4, 9, 15}, {8, 12}, {14}}","{{1, 2, 7, 8, 14}, {3, 4, 10, 12}, {5, 6, 13}, {9, 15}, {11}}",False,,,,False,FlipSYTNotFound
46010,"{{1, 3, 4, 6, 12}, {2, 7, 10, 15}, {5, 9, 11}, {8, 13}, {14}}","{{1, 2, 7, 8, 14}, {3, 5, 9, 11}, {4, 12, 13}, {6, 15}, {10}}",False,,,,False,FlipSYTNotFound
46076,"{{1, 2, 6, 10, 11}, {3, 5, 8, 13}, {4, 7, 14}, {9, 12}, {15}}","{{1, 4, 7, 9, 12}, {2, 6, 8, 13}, {3, 10, 11}, {5, 15}, {14}}",False,,,,False,FlipSYTNotFound
46091,"{{1, 2, 6, 8, 15}, {3, 5, 7, 14}, {4, 10, 13}, {9, 11}, {12}}","{{1, 2, 3, 4, 7}, {5, 9, 11, 12}, {6, 13, 15}, {8, 14}, {10}}",False,,,,False,FlipSYTNotFound
46302,"{{1, 3, 4, 9, 11}, {2, 6, 10, 13}, {5, 8, 14}, {7, 12}, {15}}","{{1, 4, 8, 9, 14}, {2, 6, 10, 11}, {3, 7, 13}, {5, 15}, {12}}",False,,,,False,FlipSYTNotFound
46433,"{{1, 3, 6, 9, 15}, {2, 5, 8, 14}, {4, 7, 13}, {10, 11}, {12}}","{{1, 2, 3, 4, 6}, {5, 8, 9, 12}, {7, 11, 14}, {10, 15}, {13}}",False,,,,False,FlipSYTNotFound
46434,"{{1, 3, 6, 8, 10}, {2, 4, 11, 14}, {5, 7, 15}, {9, 13}, {12}}","{{1, 3, 4, 11, 14}, {2, 5, 7, 12}, {6, 8, 9}, {10, 15}, {13}}",False,,,,False,FlipSYTNotFound
46436,"{{1, 2, 4, 7, 12}, {3, 5, 8, 14}, {6, 9, 11}, {10, 15}, {13}}","{{1, 3, 6, 10, 15}, {2, 5, 11, 13}, {4, 7, 14}, {8, 12}, {9}}",False,,,,False,FlipSYTNotFound
46472,"{{1, 4, 5, 7, 15}, {2, 6, 9, 12}, {3, 8, 13}, {10, 11}, {14}}","{{1, 2, 5, 6, 13}, {3, 7, 8, 14}, {4, 10, 12}, {9, 15}, {11}}",False,,,,False,FlipSYTNotFound
46520,"{{1, 4, 5, 9, 15}, {2, 6, 8, 12}, {3, 7, 13}, {10, 11}, {14}}","{{1, 2, 5, 6, 13}, {3, 8, 9, 14}, {4, 10, 12}, {7, 15}, {11}}",False,,,,False,FlipSYTNotFound
46600,"{{1, 3, 5, 7, 10}, {2, 4, 11, 14}, {6, 8, 15}, {9, 13}, {12}}","{{1, 3, 4, 10, 14}, {2, 5, 7, 12}, {6, 8, 11}, {9, 15}, {13}}",False,,,,False,FlipSYTNotFound
46620,"{{1, 2, 4, 7, 15}, {3, 5, 6, 14}, {8, 10, 13}, {9, 11}, {12}}","{{1, 2, 3, 4, 7}, {5, 8, 11, 13}, {6, 10, 15}, {9, 14}, {12}}",False,,,,False,FlipSYTNotFound
46684,"{{1, 2, 3, 4, 10}, {5, 7, 11, 14}, {6, 9, 15}, {8, 13}, {12}}","{{1, 3, 4, 8, 15}, {2, 5, 7, 14}, {6, 9, 10}, {11, 13}, {12}}",False,,,,False,FlipSYTNotFound
46750,"{{1, 3, 5, 9, 11}, {2, 4, 10, 13}, {6, 7, 14}, {8, 12}, {15}}","{{1, 4, 8, 10, 14}, {2, 6, 9, 12}, {3, 7, 11}, {5, 15}, {13}}",False,,,,False,FlipSYTNotFound
46796,"{{1, 3, 7, 9, 15}, {2, 5, 8, 14}, {4, 6, 13}, {10, 11}, {12}}","{{1, 2, 3, 4, 6}, {5, 8, 10, 12}, {7, 11, 14}, {9, 15}, {13}}",False,,,,False,FlipSYTNotFound
46825,"{{1, 4, 6, 7, 15}, {2, 5, 9, 14}, {3, 8, 13}, {10, 11}, {12}}","{{1, 2, 3, 4, 6}, {5, 8, 11, 13}, {7, 10, 14}, {9, 15}, {12}}",False,,,,False,FlipSYTNotFound
46854,"{{1, 4, 8, 9, 11}, {2, 6, 10, 15}, {3, 12, 14}, {5, 13}, {7}}","{{1, 2, 3, 9, 11}, {4, 6, 8, 10}, {5, 12, 13}, {7, 14}, {15}}",False,,,,False,FlipSYTNotFound
46902,"{{1, 3, 4, 7, 11}, {2, 6, 10, 13}, {5, 9, 14}, {8, 12}, {15}}","{{1, 4, 7, 8, 14}, {2, 6, 10, 11}, {3, 9, 13}, {5, 15}, {12}}",False,,,,False,FlipSYTNotFound
46973,"{{1, 4, 5, 8, 15}, {2, 6, 9, 12}, {3, 7, 13}, {10, 11}, {14}}","{{1, 2, 5, 6, 13}, {3, 7, 9, 14}, {4, 10, 12}, {8, 15}, {11}}",False,,,,False,FlipSYTNotFound
46999,"{{1, 4, 8, 10, 11}, {2, 6, 9, 15}, {3, 12, 14}, {5, 13}, {7}}","{{1, 2, 3, 9, 11}, {4, 6, 7, 10}, {5, 12, 13}, {8, 14}, {15}}",False,,,,False,FlipSYTNotFound
47071,"{{1, 3, 7, 8, 15}, {2, 5, 9, 14}, {4, 6, 13}, {10, 11}, {12}}","{{1, 2, 3, 4, 6}, {5, 9, 10, 12}, {7, 11, 14}, {8, 15}, {13}}",False,,,,False,FlipSYTNotFound
47115,"{{1, 3, 4, 8, 11}, {2, 6, 10, 13}, {5, 9, 14}, {7, 12}, {15}}","{{1, 4, 7, 9, 14}, {2, 6, 10, 11}, {3, 8, 13}, {5, 15}, {12}}",False,,,,False,FlipSYTNotFound
47297,"{{1, 4, 5, 8, 15}, {2, 6, 7, 12}, {3, 9, 13}, {10, 11}, {14}}","{{1, 2, 5, 6, 13}, {3, 7, 10, 14}, {4, 9, 12}, {8, 15}, {11}}",False,,,,False,FlipSYTNotFound
47313,"{{1, 4, 6, 9, 15}, {2, 5, 8, 14}, {3, 7, 13}, {10, 11}, {12}}","{{1, 2, 3, 4, 6}, {5, 8, 9, 13}, {7, 11, 14}, {10, 15}, {12}}",False,,,,False,FlipSYTNotFound
47346,"{{1, 5, 6, 9, 11}, {2, 8, 10, 15}, {3, 12, 14}, {4, 13}, {7}}","{{1, 2, 3, 9, 12}, {4, 6, 8, 11}, {5, 10, 13}, {7, 14}, {15}}",False,,,,False,FlipSYTNotFound
47546,"{{1, 2, 5, 9, 15}, {3, 6, 8, 14}, {4, 7, 13}, {10, 11}, {12}}","{{1, 2, 3, 4, 6}, {5, 8, 9, 12}, {7, 13, 15}, {10, 14}, {11}}",False,,,,False,FlipSYTNotFound
47570,"{{1, 4, 7, 9, 11}, {2, 5, 10, 15}, {3, 12, 14}, {6, 13}, {8}}","{{1, 2, 3, 8, 13}, {4, 6, 9, 10}, {5, 11, 14}, {7, 12}, {15}}",False,,,,False,FlipSYTNotFound
47615,"{{1, 2, 3, 6, 7}, {4, 9, 11, 14}, {5, 10, 15}, {8, 13}, {12}}","{{1, 3, 4, 8, 15}, {2, 5, 6, 14}, {7, 10, 11}, {9, 12}, {13}}",False,,,,False,FlipSYTNotFound
47637,"{{1, 2, 4, 10, 12}, {3, 5, 6, 14}, {7, 8, 9}, {11, 15}, {13}}","{{1, 3, 7, 8, 9}, {2, 5, 11, 13}, {4, 6, 15}, {10, 14}, {12}}",False,,,,False,FlipSYTNotFound
47801,"{{1, 4, 5, 9, 11}, {2, 6, 8, 13}, {3, 7, 15}, {10, 12}, {14}}","{{1, 2, 6, 9, 13}, {3, 4, 8, 14}, {5, 7, 12}, {10, 15}, {11}}",False,,,,False,FlipSYTNotFound
47816,"{{1, 2, 5, 9, 12}, {3, 6, 7, 15}, {4, 10, 11}, {8, 13}, {14}}","{{1, 2, 6, 8, 12}, {3, 5, 9, 10}, {4, 13, 15}, {7, 14}, {11}}",False,,,,False,FlipSYTNotFound
48040,"{{1, 5, 6, 8, 11}, {2, 9, 10, 15}, {3, 12, 14}, {4, 13}, {7}}","{{1, 2, 3, 9, 12}, {4, 6, 7, 11}, {5, 10, 13}, {8, 14}, {15}}",False,,,,False,FlipSYTNotFound
48042,"{{1, 4, 5, 10, 15}, {2, 6, 9, 11}, {3, 7, 13}, {8, 12}, {14}}","{{1, 2, 4, 8, 13}, {3, 7, 9, 14}, {5, 10, 12}, {6, 15}, {11}}",False,,,,False,FlipSYTNotFound
48076,"{{1, 2, 4, 9, 11}, {3, 6, 8, 13}, {5, 10, 14}, {7, 12}, {15}}","{{1, 4, 8, 9, 11}, {2, 6, 10, 15}, {3, 7, 13}, {5, 14}, {12}}",False,,,,False,FlipSYTNotFound
48284,"{{1, 5, 8, 12, 15}, {2, 6, 10, 14}, {3, 9, 11}, {4, 13}, {7}}","{{1, 2, 3, 7, 9}, {4, 5, 10, 12}, {6, 11, 13}, {8, 14}, {15}}",False,,,,False,FlipSYTNotFound
48440,"{{1, 4, 5, 7, 11}, {2, 6, 8, 13}, {3, 10, 15}, {9, 12}, {14}}","{{1, 2, 7, 12, 13}, {3, 4, 10, 14}, {5, 6, 11}, {8, 15}, {9}}",False,,,,False,FlipSYTNotFound
48462,"{{1, 3, 6, 7, 11}, {2, 8, 10, 15}, {4, 12, 14}, {5, 13}, {9}}","{{1, 2, 3, 7, 14}, {4, 6, 8, 11}, {5, 10, 12}, {9, 13}, {15}}",False,,,,False,FlipSYTNotFound
48611,"{{1, 5, 6, 8, 11}, {2, 7, 10, 15}, {3, 12, 14}, {4, 13}, {9}}","{{1, 2, 3, 7, 12}, {4, 6, 9, 11}, {5, 10, 13}, {8, 14}, {15}}",False,,,,False,FlipSYTNotFound
48637,"{{1, 2, 4, 7, 15}, {3, 5, 6, 14}, {8, 9, 13}, {10, 11}, {12}}","{{1, 2, 3, 4, 6}, {5, 8, 11, 13}, {7, 10, 15}, {9, 14}, {12}}",False,,,,False,FlipSYTNotFound
48785,"{{1, 2, 4, 9, 12}, {3, 6, 8, 15}, {5, 7, 11}, {10, 13}, {14}}","{{1, 2, 6, 9, 11}, {3, 5, 8, 13}, {4, 10, 15}, {7, 14}, {12}}",False,,,,False,FlipSYTNotFound
49388,"{{1, 4, 5, 10, 15}, {2, 6, 8, 11}, {3, 7, 13}, {9, 12}, {14}}","{{1, 2, 4, 7, 13}, {3, 8, 9, 14}, {5, 10, 12}, {6, 15}, {11}}",False,,,,False,FlipSYTNotFound
49478,"{{1, 2, 3, 9, 10}, {4, 5, 6, 14}, {7, 11, 15}, {8, 13}, {12}}","{{1, 3, 4, 11, 12}, {2, 5, 8, 15}, {6, 7, 9}, {10, 14}, {13}}",False,,,,False,FlipSYTNotFound
49708,"{{1, 2, 4, 10, 11}, {3, 6, 8, 14}, {5, 7, 12}, {9, 15}, {13}}","{{1, 3, 7, 9, 11}, {2, 4, 8, 13}, {5, 6, 15}, {10, 14}, {12}}",False,,,,False,FlipSYTNotFound
49866,"{{1, 3, 4, 9, 10}, {2, 6, 11, 13}, {5, 8, 15}, {7, 12}, {14}}","{{1, 2, 8, 9, 14}, {3, 4, 10, 11}, {5, 7, 13}, {6, 15}, {12}}",False,,,,False,FlipSYTNotFound
49966,"{{1, 2, 4, 10, 12}, {3, 6, 8, 15}, {5, 7, 9}, {11, 13}, {14}}","{{1, 2, 5, 9, 11}, {3, 6, 7, 13}, {4, 10, 15}, {8, 14}, {12}}",False,,,,False,FlipSYTNotFound
50002,"{{1, 4, 5, 9, 15}, {2, 6, 10, 11}, {3, 7, 13}, {8, 12}, {14}}","{{1, 2, 4, 8, 13}, {3, 6, 9, 14}, {5, 10, 12}, {7, 15}, {11}}",False,,,,False,FlipSYTNotFound
50115,"{{1, 4, 5, 9, 11}, {2, 6, 8, 13}, {3, 7, 14}, {10, 12}, {15}}","{{1, 4, 6, 9, 13}, {2, 7, 8, 14}, {3, 10, 12}, {5, 15}, {11}}",False,,,,False,FlipSYTNotFound
50208,"{{1, 3, 6, 8, 12}, {2, 5, 7, 9}, {4, 11, 13}, {10, 15}, {14}}","{{1, 2, 6, 11, 12}, {3, 5, 9, 14}, {4, 7, 13}, {8, 10}, {15}}",False,,,,False,FlipSYTNotFound
50212,"{{1, 4, 5, 8, 12}, {2, 6, 7, 9}, {3, 11, 13}, {10, 15}, {14}}","{{1, 2, 6, 10, 13}, {3, 5, 9, 14}, {4, 7, 12}, {8, 11}, {15}}",False,,,,False,FlipSYTNotFound
50309,"{{1, 4, 6, 8, 10}, {2, 5, 9, 14}, {3, 11, 15}, {7, 13}, {12}}","{{1, 3, 4, 11, 13}, {2, 5, 9, 14}, {6, 7, 10}, {8, 12}, {15}}",False,,,,False,FlipSYTNotFound
50313,"{{1, 3, 4, 8, 10}, {2, 7, 11, 13}, {5, 9, 15}, {6, 12}, {14}}","{{1, 2, 7, 10, 14}, {3, 4, 9, 11}, {5, 8, 13}, {6, 15}, {12}}",False,,,,False,FlipSYTNotFound
50330,"{{1, 3, 4, 8, 10}, {2, 6, 11, 13}, {5, 9, 15}, {7, 12}, {14}}","{{1, 2, 7, 9, 14}, {3, 4, 10, 11}, {5, 8, 13}, {6, 15}, {12}}",False,,,,False,FlipSYTNotFound
50368,"{{1, 4, 6, 7, 10}, {2, 5, 9, 14}, {3, 11, 15}, {8, 13}, {12}}","{{1, 3, 4, 11, 13}, {2, 5, 8, 14}, {6, 7, 10}, {9, 12}, {15}}",False,,,,False,FlipSYTNotFound
50385,"{{1, 2, 6, 9, 12}, {3, 4, 8, 15}, {5, 7, 10}, {11, 13}, {14}}","{{1, 2, 5, 9, 11}, {3, 6, 8, 13}, {4, 12, 15}, {7, 14}, {10}}",False,,,,False,FlipSYTNotFound
50467,"{{1, 2, 4, 12, 15}, {3, 5, 10, 14}, {6, 7, 11}, {8, 13}, {9}}","{{1, 2, 3, 7, 10}, {4, 5, 8, 13}, {6, 9, 15}, {11, 14}, {12}}",False,,,,False,FlipSYTNotFound
50468,"{{1, 2, 6, 7, 10}, {3, 4, 11, 13}, {5, 9, 15}, {8, 12}, {14}}","{{1, 2, 7, 8, 13}, {3, 4, 10, 11}, {5, 9, 12}, {6, 15}, {14}}",False,,,,False,FlipSYTNotFound
50506,"{{1, 4, 5, 7, 15}, {2, 6, 10, 11}, {3, 8, 13}, {9, 12}, {14}}","{{1, 2, 4, 7, 13}, {3, 6, 8, 14}, {5, 10, 12}, {9, 15}, {11}}",False,,,,False,FlipSYTNotFound
50546,"{{1, 3, 5, 8, 11}, {2, 4, 9, 13}, {6, 7, 14}, {10, 12}, {15}}","{{1, 4, 6, 10, 14}, {2, 7, 9, 12}, {3, 8, 11}, {5, 15}, {13}}",False,,,,False,FlipSYTNotFound
50805,"{{1, 2, 7, 10, 11}, {3, 5, 8, 14}, {4, 6, 12}, {9, 15}, {13}}","{{1, 3, 7, 10, 12}, {2, 4, 8, 13}, {5, 6, 15}, {9, 11}, {14}}",False,,,,False,FlipSYTNotFound
50881,"{{1, 4, 8, 9, 10}, {2, 6, 11, 15}, {3, 12, 14}, {5, 13}, {7}}","{{1, 2, 3, 9, 11}, {4, 7, 8, 10}, {5, 12, 13}, {6, 14}, {15}}",False,,,,False,FlipSYTNotFound
51041,"{{1, 2, 3, 9, 11}, {4, 6, 10, 14}, {5, 8, 12}, {7, 15}, {13}}","{{1, 3, 8, 9, 15}, {2, 4, 10, 11}, {5, 6, 14}, {7, 12}, {13}}",False,,,,False,FlipSYTNotFound
51415,"{{1, 3, 5, 8, 10}, {2, 4, 11, 13}, {6, 7, 15}, {9, 12}, {14}}","{{1, 2, 7, 10, 14}, {3, 4, 9, 12}, {5, 8, 11}, {6, 15}, {13}}",False,,,,False,FlipSYTNotFound
51424,"{{1, 3, 6, 9, 10}, {2, 7, 11, 15}, {4, 12, 14}, {5, 13}, {8}}","{{1, 2, 3, 8, 14}, {4, 7, 9, 11}, {5, 10, 12}, {6, 13}, {15}}",False,,,,False,FlipSYTNotFound
51461,"{{1, 4, 5, 8, 15}, {2, 6, 10, 11}, {3, 7, 13}, {9, 12}, {14}}","{{1, 2, 4, 7, 13}, {3, 6, 9, 14}, {5, 10, 12}, {8, 15}, {11}}",False,,,,False,FlipSYTNotFound
51509,"{{1, 3, 6, 9, 10}, {2, 8, 11, 15}, {4, 12, 14}, {5, 13}, {7}}","{{1, 2, 3, 9, 14}, {4, 7, 8, 11}, {5, 10, 12}, {6, 13}, {15}}",False,,,,False,FlipSYTNotFound
51645,"{{1, 4, 6, 7, 10}, {2, 5, 8, 14}, {3, 11, 15}, {9, 13}, {12}}","{{1, 3, 4, 11, 13}, {2, 5, 7, 14}, {6, 8, 10}, {9, 12}, {15}}",False,,,,False,FlipSYTNotFound
51729,"{{1, 3, 4, 8, 9}, {2, 6, 11, 13}, {5, 10, 15}, {7, 12}, {14}}","{{1, 2, 6, 9, 14}, {3, 4, 10, 11}, {5, 8, 13}, {7, 15}, {12}}",False,,,,False,FlipSYTNotFound
51732,"{{1, 2, 3, 6, 10}, {4, 5, 8, 14}, {7, 11, 15}, {9, 13}, {12}}","{{1, 3, 4, 12, 15}, {2, 5, 7, 14}, {6, 8, 9}, {10, 11}, {13}}",False,,,,False,FlipSYTNotFound
51761,"{{1, 4, 5, 6, 10}, {2, 7, 8, 14}, {3, 11, 15}, {9, 13}, {12}}","{{1, 3, 4, 12, 13}, {2, 5, 7, 14}, {6, 8, 9}, {10, 11}, {15}}",False,,,,False,FlipSYTNotFound
51830,"{{1, 3, 5, 9, 10}, {2, 4, 11, 13}, {6, 7, 14}, {8, 12}, {15}}","{{1, 4, 8, 10, 14}, {2, 5, 9, 12}, {3, 7, 11}, {6, 15}, {13}}",False,,,,False,FlipSYTNotFound
51871,"{{1, 4, 5, 6, 9}, {2, 7, 10, 14}, {3, 11, 15}, {8, 13}, {12}}","{{1, 3, 4, 12, 13}, {2, 5, 8, 14}, {6, 9, 11}, {7, 10}, {15}}",False,,,,False,FlipSYTNotFound
51948,"{{1, 3, 4, 9, 10}, {2, 6, 11, 13}, {5, 8, 14}, {7, 12}, {15}}","{{1, 4, 8, 9, 14}, {2, 5, 10, 11}, {3, 7, 13}, {6, 15}, {12}}",False,,,,False,FlipSYTNotFound
52047,"{{1, 3, 4, 5, 9}, {2, 6, 10, 14}, {7, 11, 15}, {8, 13}, {12}}","{{1, 3, 4, 13, 14}, {2, 5, 8, 15}, {6, 9, 12}, {7, 10}, {11}}",False,,,,False,FlipSYTNotFound
52192,"{{1, 2, 4, 10, 11}, {3, 6, 8, 15}, {5, 7, 12}, {9, 13}, {14}}","{{1, 2, 7, 9, 11}, {3, 6, 8, 13}, {4, 10, 15}, {5, 14}, {12}}",False,,,,False,FlipSYTNotFound
52206,"{{1, 2, 5, 12, 15}, {3, 4, 7, 14}, {6, 8, 11}, {9, 13}, {10}}","{{1, 2, 3, 6, 10}, {4, 5, 7, 13}, {8, 12, 15}, {9, 14}, {11}}",False,,,,False,FlipSYTNotFound
52215,"{{1, 2, 5, 10, 11}, {3, 4, 9, 15}, {6, 8, 12}, {7, 13}, {14}}","{{1, 2, 7, 8, 9}, {3, 6, 10, 13}, {4, 12, 15}, {5, 14}, {11}}",False,,,,False,FlipSYTNotFound
52221,"{{1, 2, 6, 10, 11}, {3, 4, 9, 15}, {5, 7, 12}, {8, 13}, {14}}","{{1, 2, 7, 8, 11}, {3, 6, 9, 13}, {4, 12, 15}, {5, 14}, {10}}",False,,,,False,FlipSYTNotFound
52238,"{{1, 3, 4, 7, 10}, {2, 6, 11, 13}, {5, 9, 14}, {8, 12}, {15}}","{{1, 4, 7, 8, 14}, {2, 5, 10, 11}, {3, 9, 13}, {6, 15}, {12}}",False,,,,False,FlipSYTNotFound
52398,"{{1, 2, 4, 12, 15}, {3, 5, 8, 14}, {6, 7, 11}, {9, 13}, {10}}","{{1, 2, 3, 6, 10}, {4, 5, 7, 13}, {8, 9, 15}, {11, 14}, {12}}",False,,,,False,FlipSYTNotFound
52578,"{{1, 4, 5, 6, 8}, {2, 7, 10, 14}, {3, 11, 15}, {9, 13}, {12}}","{{1, 3, 4, 12, 13}, {2, 5, 7, 14}, {6, 9, 11}, {8, 10}, {15}}",False,,,,False,FlipSYTNotFound
52938,"{{1, 4, 5, 9, 15}, {2, 6, 8, 11}, {3, 7, 13}, {10, 12}, {14}}","{{1, 2, 4, 6, 13}, {3, 8, 9, 14}, {5, 10, 12}, {7, 15}, {11}}",False,,,,False,FlipSYTNotFound
52955,"{{1, 3, 6, 10, 11}, {2, 7, 8, 15}, {4, 9, 12}, {5, 13}, {14}}","{{1, 2, 7, 9, 11}, {3, 6, 8, 12}, {4, 13, 14}, {5, 15}, {10}}",False,,,,False,FlipSYTNotFound
52990,"{{1, 4, 5, 8, 15}, {2, 6, 7, 11}, {3, 10, 13}, {9, 12}, {14}}","{{1, 2, 4, 7, 13}, {3, 6, 10, 14}, {5, 9, 12}, {8, 15}, {11}}",False,,,,False,FlipSYTNotFound
53076,"{{1, 3, 6, 10, 11}, {2, 5, 7, 15}, {4, 9, 12}, {8, 13}, {14}}","{{1, 2, 7, 8, 12}, {3, 6, 9, 11}, {4, 13, 14}, {5, 15}, {10}}",False,,,,False,FlipSYTNotFound
53077,"{{1, 5, 6, 8, 9}, {2, 7, 11, 15}, {3, 12, 14}, {4, 13}, {10}}","{{1, 2, 3, 6, 12}, {4, 8, 9, 11}, {5, 10, 13}, {7, 14}, {15}}",False,,,,False,FlipSYTNotFound
53236,"{{1, 3, 6, 7, 12}, {2, 4, 8, 9}, {5, 10, 13}, {11, 15}, {14}}","{{1, 2, 8, 11, 14}, {3, 5, 12, 15}, {4, 6, 13}, {7, 10}, {9}}",False,,,,False,FlipSYTNotFound
53252,"{{1, 2, 3, 5, 10}, {4, 6, 11, 13}, {7, 9, 14}, {8, 12}, {15}}","{{1, 4, 7, 8, 15}, {2, 5, 9, 14}, {3, 10, 12}, {6, 13}, {11}}",False,,,,False,FlipSYTNotFound
53319,"{{1, 2, 6, 10, 11}, {3, 4, 7, 15}, {5, 8, 12}, {9, 13}, {14}}","{{1, 2, 7, 11, 13}, {3, 6, 8, 12}, {4, 9, 15}, {5, 14}, {10}}",False,,,,False,FlipSYTNotFound
53419,"{{1, 4, 5, 8, 15}, {2, 6, 9, 11}, {3, 7, 13}, {10, 12}, {14}}","{{1, 2, 4, 6, 13}, {3, 7, 9, 14}, {5, 10, 12}, {8, 15}, {11}}",False,,,,False,FlipSYTNotFound
53423,"{{1, 2, 6, 12, 15}, {3, 4, 7, 14}, {5, 8, 10}, {9, 13}, {11}}","{{1, 2, 3, 5, 11}, {4, 6, 7, 13}, {8, 12, 15}, {9, 14}, {10}}",False,,,,False,FlipSYTNotFound
53490,"{{1, 4, 5, 6, 7}, {2, 8, 10, 14}, {3, 11, 15}, {9, 13}, {12}}","{{1, 3, 4, 12, 13}, {2, 5, 7, 14}, {6, 8, 11}, {9, 10}, {15}}",False,,,,False,FlipSYTNotFound
53512,"{{1, 3, 6, 7, 9}, {2, 4, 8, 14}, {5, 11, 15}, {10, 13}, {12}}","{{1, 3, 4, 11, 14}, {2, 5, 6, 15}, {7, 8, 10}, {9, 12}, {13}}",False,,,,False,FlipSYTNotFound
53520,"{{1, 3, 5, 6, 11}, {2, 8, 10, 15}, {4, 9, 12}, {7, 13}, {14}}","{{1, 2, 7, 9, 14}, {3, 6, 8, 12}, {4, 11, 13}, {5, 15}, {10}}",False,,,,False,FlipSYTNotFound
53542,"{{1, 3, 4, 8, 9}, {2, 6, 11, 13}, {5, 10, 14}, {7, 12}, {15}}","{{1, 4, 6, 9, 14}, {2, 5, 10, 11}, {3, 8, 13}, {7, 15}, {12}}",False,,,,False,FlipSYTNotFound
53654,"{{1, 2, 5, 12, 15}, {3, 4, 7, 14}, {6, 8, 9}, {10, 13}, {11}}","{{1, 2, 3, 5, 10}, {4, 6, 8, 13}, {7, 12, 15}, {9, 14}, {11}}",False,,,,False,FlipSYTNotFound
53769,"{{1, 4, 5, 6, 7}, {2, 8, 9, 14}, {3, 11, 15}, {10, 13}, {12}}","{{1, 3, 4, 12, 13}, {2, 5, 6, 14}, {7, 8, 11}, {9, 10}, {15}}",False,,,,False,FlipSYTNotFound
53805,"{{1, 2, 3, 8, 11}, {4, 6, 10, 15}, {5, 9, 12}, {7, 13}, {14}}","{{1, 2, 7, 9, 15}, {3, 6, 10, 11}, {4, 12, 14}, {5, 13}, {8}}",False,,,,False,FlipSYTNotFound
53830,"{{1, 4, 5, 9, 15}, {2, 6, 7, 11}, {3, 8, 13}, {10, 12}, {14}}","{{1, 2, 4, 6, 13}, {3, 8, 10, 14}, {5, 9, 12}, {7, 15}, {11}}",False,,,,False,FlipSYTNotFound
53901,"{{1, 2, 4, 12, 15}, {3, 5, 8, 14}, {6, 7, 10}, {9, 13}, {11}}","{{1, 2, 3, 5, 10}, {4, 6, 7, 13}, {8, 9, 15}, {11, 14}, {12}}",False,,,,False,FlipSYTNotFound
54170,"{{1, 3, 5, 7, 12}, {2, 4, 6, 9}, {8, 10, 13}, {11, 15}, {14}}","{{1, 2, 8, 12, 14}, {3, 5, 10, 15}, {4, 6, 13}, {7, 11}, {9}}",False,,,,False,FlipSYTNotFound
54250,"{{1, 4, 5, 8, 15}, {2, 6, 7, 11}, {3, 9, 13}, {10, 12}, {14}}","{{1, 2, 4, 6, 13}, {3, 7, 10, 14}, {5, 9, 12}, {8, 15}, {11}}",False,,,,False,FlipSYTNotFound
54280,"{{1, 3, 5, 8, 9}, {2, 4, 11, 13}, {6, 7, 15}, {10, 12}, {14}}","{{1, 2, 6, 10, 14}, {3, 4, 9, 12}, {5, 8, 11}, {7, 15}, {13}}",False,,,,False,FlipSYTNotFound
54284,"{{1, 3, 5, 6, 8}, {2, 4, 7, 14}, {9, 11, 15}, {10, 13}, {12}}","{{1, 3, 4, 12, 14}, {2, 5, 6, 15}, {7, 9, 11}, {8, 13}, {10}}",False,,,,False,FlipSYTNotFound
54328,"{{1, 4, 5, 7, 15}, {2, 6, 9, 11}, {3, 8, 13}, {10, 12}, {14}}","{{1, 2, 4, 6, 13}, {3, 7, 8, 14}, {5, 10, 12}, {9, 15}, {11}}",False,,,,False,FlipSYTNotFound
54366,"{{1, 4, 6, 7, 8}, {2, 5, 9, 14}, {3, 11, 15}, {10, 13}, {12}}","{{1, 3, 4, 11, 13}, {2, 5, 6, 14}, {7, 9, 10}, {8, 12}, {15}}",False,,,,False,FlipSYTNotFound
54427,"{{1, 2, 3, 7, 11}, {4, 6, 8, 14}, {5, 10, 12}, {9, 15}, {13}}","{{1, 3, 6, 7, 15}, {2, 4, 10, 11}, {5, 8, 14}, {9, 12}, {13}}",False,,,,False,FlipSYTNotFound
54635,"{{1, 3, 4, 6, 11}, {2, 7, 10, 15}, {5, 9, 12}, {8, 13}, {14}}","{{1, 2, 7, 8, 14}, {3, 6, 9, 11}, {4, 12, 13}, {5, 15}, {10}}",False,,,,False,FlipSYTNotFound
54732,"{{1, 2, 4, 6, 8}, {3, 7, 11, 15}, {5, 12, 14}, {9, 13}, {10}}","{{1, 2, 3, 6, 15}, {4, 7, 11, 13}, {5, 9, 12}, {8, 10}, {14}}",False,,,,False,FlipSYTNotFound
55108,"{{1, 4, 5, 9, 10}, {2, 6, 8, 14}, {3, 7, 15}, {11, 13}, {12}}","{{1, 3, 4, 9, 13}, {2, 5, 8, 14}, {6, 7, 12}, {10, 15}, {11}}",False,,,,False,FlipSYTNotFound
55159,"{{1, 5, 8, 11, 15}, {2, 6, 9, 14}, {3, 10, 12}, {4, 13}, {7}}","{{1, 2, 3, 6, 9}, {4, 7, 10, 12}, {5, 11, 13}, {8, 14}, {15}}",False,,,,False,FlipSYTNotFound
55196,"{{1, 3, 6, 9, 11}, {2, 5, 7, 15}, {4, 10, 12}, {8, 13}, {14}}","{{1, 2, 6, 8, 12}, {3, 7, 9, 11}, {4, 13, 14}, {5, 15}, {10}}",False,,,,False,FlipSYTNotFound
55200,"{{1, 3, 6, 9, 11}, {2, 7, 8, 15}, {4, 10, 12}, {5, 13}, {14}}","{{1, 2, 6, 9, 11}, {3, 7, 8, 12}, {4, 13, 14}, {5, 15}, {10}}",False,,,,False,FlipSYTNotFound
55428,"{{1, 3, 4, 5, 11}, {2, 8, 9, 15}, {6, 10, 12}, {7, 13}, {14}}","{{1, 2, 6, 9, 14}, {3, 7, 8, 10}, {4, 12, 13}, {5, 15}, {11}}",False,,,,False,FlipSYTNotFound
55781,"{{1, 2, 4, 11, 15}, {3, 5, 10, 14}, {6, 7, 12}, {8, 13}, {9}}","{{1, 2, 3, 7, 10}, {4, 6, 8, 13}, {5, 9, 15}, {11, 14}, {12}}",False,,,,False,FlipSYTNotFound
55878,"{{1, 3, 5, 8, 9}, {2, 4, 10, 14}, {6, 7, 15}, {11, 13}, {12}}","{{1, 3, 4, 10, 14}, {2, 5, 9, 12}, {6, 8, 11}, {7, 15}, {13}}",False,,,,False,FlipSYTNotFound
56728,"{{1, 3, 4, 6, 11}, {2, 7, 9, 15}, {5, 10, 12}, {8, 13}, {14}}","{{1, 2, 6, 8, 14}, {3, 7, 9, 11}, {4, 12, 13}, {5, 15}, {10}}",False,,,,False,FlipSYTNotFound
56740,"{{1, 3, 6, 8, 11}, {2, 5, 7, 15}, {4, 10, 12}, {9, 13}, {14}}","{{1, 2, 6, 7, 12}, {3, 8, 9, 11}, {4, 13, 14}, {5, 15}, {10}}",False,,,,False,FlipSYTNotFound
56781,"{{1, 3, 4, 6, 11}, {2, 7, 8, 15}, {5, 10, 12}, {9, 13}, {14}}","{{1, 2, 6, 7, 14}, {3, 8, 9, 11}, {4, 12, 13}, {5, 15}, {10}}",False,,,,False,FlipSYTNotFound
56786,"{{1, 3, 4, 8, 10}, {2, 5, 7, 15}, {6, 12, 14}, {9, 13}, {11}}","{{1, 2, 3, 5, 14}, {4, 7, 9, 10}, {6, 8, 15}, {11, 13}, {12}}",False,,,,False,FlipSYTNotFound
56793,"{{1, 2, 3, 8, 11}, {4, 6, 10, 12}, {5, 7, 13}, {9, 15}, {14}}","{{1, 2, 7, 11, 15}, {3, 6, 9, 12}, {4, 8, 14}, {5, 10}, {13}}",False,,,,False,FlipSYTNotFound
57118,"{{1, 4, 5, 9, 15}, {2, 6, 8, 10}, {3, 7, 13}, {11, 12}, {14}}","{{1, 2, 4, 5, 13}, {3, 8, 9, 14}, {6, 10, 12}, {7, 15}, {11}}",False,,,,False,FlipSYTNotFound
57126,"{{1, 2, 4, 9, 11}, {3, 6, 8, 15}, {5, 7, 12}, {10, 13}, {14}}","{{1, 2, 6, 9, 11}, {3, 7, 8, 13}, {4, 10, 15}, {5, 14}, {12}}",False,,,,False,FlipSYTNotFound
57547,"{{1, 2, 4, 11, 15}, {3, 5, 8, 14}, {6, 7, 12}, {9, 13}, {10}}","{{1, 2, 3, 6, 10}, {4, 7, 9, 13}, {5, 8, 15}, {11, 14}, {12}}",False,,,,False,FlipSYTNotFound
57652,"{{1, 2, 4, 11, 15}, {3, 5, 9, 14}, {6, 7, 12}, {8, 13}, {10}}","{{1, 2, 3, 6, 10}, {4, 7, 8, 13}, {5, 9, 15}, {11, 14}, {12}}",False,,,,False,FlipSYTNotFound
57816,"{{1, 2, 6, 9, 15}, {3, 4, 7, 10}, {5, 8, 13}, {11, 12}, {14}}","{{1, 2, 4, 5, 13}, {3, 8, 11, 15}, {6, 9, 12}, {7, 14}, {10}}",False,,,,False,FlipSYTNotFound
57935,"{{1, 4, 5, 7, 15}, {2, 6, 9, 10}, {3, 8, 13}, {11, 12}, {14}}","{{1, 2, 4, 5, 13}, {3, 7, 8, 14}, {6, 10, 12}, {9, 15}, {11}}",False,,,,False,FlipSYTNotFound
58102,"{{1, 2, 3, 8, 9}, {4, 5, 7, 15}, {6, 12, 14}, {10, 13}, {11}}","{{1, 2, 3, 5, 12}, {4, 6, 9, 10}, {7, 8, 15}, {11, 14}, {13}}",False,,,,False,FlipSYTNotFound
58181,"{{1, 4, 8, 11, 12}, {2, 5, 10, 14}, {3, 7, 15}, {6, 9}, {13}}","{{1, 3, 6, 7, 10}, {2, 5, 9, 13}, {4, 8, 14}, {11, 15}, {12}}",False,,,,False,FlipSYTNotFound
58210,"{{1, 3, 6, 7, 8}, {2, 4, 9, 15}, {5, 12, 14}, {10, 13}, {11}}","{{1, 2, 3, 5, 14}, {4, 6, 10, 11}, {7, 9, 15}, {8, 12}, {13}}",False,,,,False,FlipSYTNotFound
58242,"{{1, 4, 5, 9, 15}, {2, 6, 7, 10}, {3, 8, 13}, {11, 12}, {14}}","{{1, 2, 4, 5, 13}, {3, 8, 10, 14}, {6, 9, 12}, {7, 15}, {11}}",False,,,,False,FlipSYTNotFound
58326,"{{1, 2, 4, 11, 15}, {3, 6, 7, 14}, {5, 8, 12}, {9, 13}, {10}}","{{1, 2, 3, 6, 11}, {4, 7, 10, 13}, {5, 8, 15}, {9, 14}, {12}}",False,,,,False,FlipSYTNotFound
58333,"{{1, 3, 9, 11, 12}, {2, 5, 10, 14}, {4, 7, 15}, {6, 8}, {13}}","{{1, 3, 6, 8, 10}, {2, 5, 9, 12}, {4, 7, 14}, {11, 15}, {13}}",False,,,,False,FlipSYTNotFound
58476,"{{1, 2, 3, 7, 8}, {4, 5, 6, 14}, {9, 10, 15}, {11, 13}, {12}}","{{1, 3, 4, 11, 12}, {2, 5, 7, 15}, {6, 9, 10}, {8, 14}, {13}}",False,,,,False,FlipSYTNotFound
58680,"{{1, 3, 4, 9, 10}, {2, 5, 11, 15}, {6, 8, 12}, {7, 13}, {14}}","{{1, 2, 8, 9, 14}, {3, 7, 10, 13}, {4, 11, 15}, {5, 12}, {6}}",False,,,,False,FlipSYTNotFound
58784,"{{1, 4, 5, 7, 9}, {2, 6, 8, 13}, {3, 11, 15}, {10, 12}, {14}}","{{1, 2, 6, 12, 13}, {3, 4, 10, 14}, {5, 8, 11}, {7, 15}, {9}}",False,,,,False,FlipSYTNotFound
58820,"{{1, 4, 5, 8, 15}, {2, 6, 7, 10}, {3, 9, 13}, {11, 12}, {14}}","{{1, 2, 4, 5, 13}, {3, 7, 10, 14}, {6, 9, 12}, {8, 15}, {11}}",False,,,,False,FlipSYTNotFound
58906,"{{1, 4, 5, 8, 15}, {2, 6, 9, 10}, {3, 7, 13}, {11, 12}, {14}}","{{1, 2, 4, 5, 13}, {3, 7, 9, 14}, {6, 10, 12}, {8, 15}, {11}}",False,,,,False,FlipSYTNotFound
58950,"{{1, 2, 6, 10, 15}, {3, 5, 11, 14}, {4, 7, 12}, {8, 13}, {9}}","{{1, 2, 3, 7, 12}, {4, 8, 11, 13}, {5, 9, 15}, {6, 10}, {14}}",False,,,,False,FlipSYTNotFound
58967,"{{1, 3, 5, 10, 15}, {2, 6, 11, 14}, {4, 9, 12}, {7, 13}, {8}}","{{1, 2, 3, 7, 8}, {4, 9, 12, 14}, {5, 10, 13}, {6, 11}, {15}}",False,,,,False,FlipSYTNotFound
59143,"{{1, 4, 9, 11, 12}, {2, 5, 10, 14}, {3, 7, 15}, {6, 8}, {13}}","{{1, 3, 6, 8, 10}, {2, 5, 9, 13}, {4, 7, 14}, {11, 15}, {12}}",False,,,,False,FlipSYTNotFound
59172,"{{1, 3, 9, 11, 12}, {2, 5, 10, 14}, {4, 6, 15}, {7, 8}, {13}}","{{1, 3, 6, 8, 9}, {2, 5, 10, 12}, {4, 7, 14}, {11, 15}, {13}}",False,,,,False,FlipSYTNotFound
59230,"{{1, 3, 8, 11, 12}, {2, 5, 10, 14}, {4, 6, 15}, {7, 9}, {13}}","{{1, 3, 6, 7, 9}, {2, 5, 10, 12}, {4, 8, 14}, {11, 15}, {13}}",False,,,,False,FlipSYTNotFound
59281,"{{1, 4, 7, 10, 11}, {2, 5, 9, 15}, {3, 8, 14}, {6, 13}, {12}}","{{1, 2, 3, 4, 10}, {5, 6, 7, 8}, {9, 11, 13}, {12, 14}, {15}}",False,,,,False,FlipSYTNotFound
59341,"{{1, 4, 6, 11, 12}, {2, 5, 10, 14}, {3, 8, 15}, {7, 9}, {13}}","{{1, 3, 6, 7, 9}, {2, 5, 11, 13}, {4, 8, 14}, {10, 15}, {12}}",False,,,,False,FlipSYTNotFound
59474,"{{1, 3, 7, 11, 12}, {2, 5, 10, 14}, {4, 6, 15}, {8, 9}, {13}}","{{1, 3, 6, 7, 8}, {2, 5, 10, 12}, {4, 9, 14}, {11, 15}, {13}}",False,,,,False,FlipSYTNotFound
59484,"{{1, 4, 6, 11, 12}, {2, 5, 9, 14}, {3, 8, 15}, {7, 10}, {13}}","{{1, 3, 6, 8, 9}, {2, 5, 11, 13}, {4, 7, 14}, {10, 15}, {12}}",False,,,,False,FlipSYTNotFound
59516,"{{1, 3, 8, 11, 12}, {2, 5, 10, 14}, {4, 7, 15}, {6, 9}, {13}}","{{1, 3, 6, 7, 10}, {2, 5, 9, 12}, {4, 8, 14}, {11, 15}, {13}}",False,,,,False,FlipSYTNotFound
60139,"{{1, 4, 5, 11, 12}, {2, 6, 9, 14}, {3, 7, 15}, {8, 10}, {13}}","{{1, 3, 6, 8, 13}, {2, 5, 9, 14}, {4, 7, 12}, {10, 15}, {11}}",False,,,,False,FlipSYTNotFound
60244,"{{1, 4, 8, 10, 11}, {2, 5, 9, 15}, {3, 7, 14}, {6, 13}, {12}}","{{1, 2, 3, 4, 10}, {5, 6, 7, 9}, {8, 11, 13}, {12, 14}, {15}}",False,,,,False,FlipSYTNotFound
60266,"{{1, 3, 5, 8, 15}, {2, 6, 11, 14}, {4, 10, 12}, {7, 13}, {9}}","{{1, 2, 3, 6, 7}, {4, 9, 12, 14}, {5, 10, 13}, {8, 11}, {15}}",False,,,,False,FlipSYTNotFound
60311,"{{1, 4, 5, 9, 10}, {2, 6, 8, 13}, {3, 7, 15}, {11, 12}, {14}}","{{1, 2, 5, 9, 13}, {3, 4, 8, 14}, {6, 7, 12}, {10, 15}, {11}}",False,,,,False,FlipSYTNotFound
60359,"{{1, 3, 8, 10, 12}, {2, 5, 11, 14}, {4, 7, 15}, {6, 9}, {13}}","{{1, 3, 7, 9, 10}, {2, 5, 8, 12}, {4, 6, 14}, {11, 15}, {13}}",False,,,,False,FlipSYTNotFound
60411,"{{1, 5, 8, 9, 11}, {2, 6, 10, 15}, {3, 7, 14}, {4, 13}, {12}}","{{1, 2, 3, 4, 12}, {5, 6, 8, 9}, {7, 10, 13}, {11, 14}, {15}}",False,,,,False,FlipSYTNotFound
60457,"{{1, 4, 5, 9, 10}, {2, 6, 8, 13}, {3, 7, 14}, {11, 12}, {15}}","{{1, 4, 5, 9, 13}, {2, 7, 8, 14}, {3, 10, 12}, {6, 15}, {11}}",False,,,,False,FlipSYTNotFound
60610,"{{1, 3, 5, 9, 15}, {2, 4, 6, 11}, {7, 8, 13}, {10, 14}, {12}}","{{1, 2, 4, 9, 14}, {3, 6, 12, 15}, {5, 8, 13}, {7, 10}, {11}}",False,,,,False,FlipSYTNotFound
60683,"{{1, 3, 7, 8, 13}, {2, 4, 10, 15}, {5, 6, 14}, {9, 11}, {12}}","{{1, 2, 4, 7, 11}, {3, 5, 9, 10}, {6, 12, 14}, {8, 15}, {13}}",False,,,,False,FlipSYTNotFound
60691,"{{1, 3, 8, 9, 15}, {2, 5, 12, 14}, {4, 6, 13}, {7, 11}, {10}}","{{1, 2, 3, 5, 6}, {4, 8, 9, 12}, {7, 10, 14}, {11, 15}, {13}}",False,,,,False,FlipSYTNotFound
60697,"{{1, 3, 4, 6, 13}, {2, 8, 10, 15}, {5, 9, 14}, {7, 11}, {12}}","{{1, 2, 4, 9, 14}, {3, 5, 7, 11}, {6, 12, 13}, {8, 15}, {10}}",False,,,,False,FlipSYTNotFound
60816,"{{1, 3, 7, 9, 15}, {2, 5, 12, 14}, {4, 6, 13}, {8, 11}, {10}}","{{1, 2, 3, 5, 6}, {4, 8, 10, 12}, {7, 9, 14}, {11, 15}, {13}}",False,,,,False,FlipSYTNotFound
60865,"{{1, 3, 6, 9, 15}, {2, 5, 12, 14}, {4, 7, 13}, {8, 11}, {10}}","{{1, 2, 3, 5, 6}, {4, 8, 11, 12}, {7, 9, 14}, {10, 15}, {13}}",False,,,,False,FlipSYTNotFound
60993,"{{1, 3, 6, 9, 13}, {2, 5, 8, 15}, {4, 10, 14}, {7, 11}, {12}}","{{1, 2, 4, 9, 12}, {3, 5, 8, 11}, {6, 13, 14}, {7, 15}, {10}}",False,,,,False,FlipSYTNotFound
61013,"{{1, 3, 6, 9, 13}, {2, 5, 7, 15}, {4, 10, 14}, {8, 11}, {12}}","{{1, 2, 4, 8, 12}, {3, 5, 9, 11}, {6, 13, 14}, {7, 15}, {10}}",False,,,,False,FlipSYTNotFound
61033,"{{1, 2, 6, 9, 13}, {3, 5, 7, 15}, {4, 10, 14}, {8, 11}, {12}}","{{1, 2, 4, 8, 12}, {3, 5, 9, 11}, {6, 13, 15}, {7, 14}, {10}}",False,,,,False,FlipSYTNotFound
61090,"{{1, 3, 7, 8, 15}, {2, 5, 12, 14}, {4, 6, 13}, {9, 11}, {10}}","{{1, 2, 3, 5, 6}, {4, 7, 10, 12}, {8, 9, 14}, {11, 15}, {13}}",False,,,,False,FlipSYTNotFound
61127,"{{1, 3, 6, 8, 15}, {2, 5, 12, 14}, {4, 7, 13}, {9, 11}, {10}}","{{1, 2, 3, 5, 6}, {4, 7, 11, 12}, {8, 9, 14}, {10, 15}, {13}}",False,,,,False,FlipSYTNotFound
61141,"{{1, 4, 6, 7, 15}, {2, 5, 12, 14}, {3, 8, 13}, {9, 11}, {10}}","{{1, 2, 3, 5, 6}, {4, 7, 11, 13}, {8, 10, 14}, {9, 15}, {12}}",False,,,,False,FlipSYTNotFound
61213,"{{1, 3, 4, 6, 13}, {2, 8, 9, 15}, {5, 10, 14}, {7, 11}, {12}}","{{1, 2, 4, 9, 14}, {3, 5, 8, 11}, {6, 12, 13}, {7, 15}, {10}}",False,,,,False,FlipSYTNotFound
61322,"{{1, 2, 6, 8, 13}, {3, 5, 7, 15}, {4, 10, 14}, {9, 11}, {12}}","{{1, 2, 4, 7, 12}, {3, 5, 9, 11}, {6, 13, 15}, {8, 14}, {10}}",False,,,,False,FlipSYTNotFound
61335,"{{1, 3, 9, 10, 15}, {2, 5, 12, 14}, {4, 7, 13}, {6, 8}, {11}}","{{1, 2, 3, 5, 10}, {4, 7, 8, 12}, {6, 9, 14}, {11, 15}, {13}}",False,,,,False,FlipSYTNotFound
61361,"{{1, 3, 8, 10, 15}, {2, 5, 12, 14}, {4, 7, 13}, {6, 9}, {11}}","{{1, 2, 3, 5, 10}, {4, 7, 9, 12}, {6, 8, 14}, {11, 15}, {13}}",False,,,,False,FlipSYTNotFound
61366,"{{1, 3, 9, 10, 15}, {2, 5, 12, 14}, {4, 6, 13}, {7, 8}, {11}}","{{1, 2, 3, 5, 9}, {4, 7, 8, 12}, {6, 10, 14}, {11, 15}, {13}}",False,,,,False,FlipSYTNotFound
61383,"{{1, 3, 8, 10, 15}, {2, 5, 12, 14}, {4, 6, 13}, {7, 9}, {11}}","{{1, 2, 3, 5, 9}, {4, 7, 10, 12}, {6, 8, 14}, {11, 15}, {13}}",False,,,,False,FlipSYTNotFound
61414,"{{1, 4, 6, 10, 15}, {2, 5, 12, 14}, {3, 8, 13}, {7, 9}, {11}}","{{1, 2, 3, 5, 9}, {4, 7, 11, 13}, {6, 8, 14}, {10, 15}, {12}}",False,,,,False,FlipSYTNotFound
61424,"{{1, 3, 7, 10, 15}, {2, 5, 12, 14}, {4, 6, 13}, {8, 9}, {11}}","{{1, 2, 3, 5, 8}, {4, 7, 10, 12}, {6, 9, 14}, {11, 15}, {13}}",False,,,,False,FlipSYTNotFound
61473,"{{1, 3, 8, 9, 15}, {2, 5, 12, 14}, {4, 7, 13}, {6, 10}, {11}}","{{1, 2, 3, 5, 10}, {4, 6, 9, 12}, {7, 8, 14}, {11, 15}, {13}}",False,,,,False,FlipSYTNotFound
61530,"{{1, 2, 5, 7, 15}, {3, 6, 9, 10}, {4, 11, 13}, {8, 14}, {12}}","{{1, 2, 4, 8, 12}, {3, 5, 10, 15}, {6, 7, 13}, {9, 11}, {14}}",False,,,,False,FlipSYTNotFound
61628,"{{1, 3, 8, 9, 15}, {2, 5, 12, 14}, {4, 6, 13}, {7, 10}, {11}}","{{1, 2, 3, 5, 9}, {4, 6, 10, 12}, {7, 8, 14}, {11, 15}, {13}}",False,,,,False,FlipSYTNotFound
61714,"{{1, 3, 7, 9, 15}, {2, 5, 12, 14}, {4, 6, 13}, {8, 10}, {11}}","{{1, 2, 3, 5, 8}, {4, 6, 10, 12}, {7, 9, 14}, {11, 15}, {13}}",False,,,,False,FlipSYTNotFound
61715,"{{1, 3, 6, 9, 15}, {2, 5, 12, 14}, {4, 7, 13}, {8, 10}, {11}}","{{1, 2, 3, 5, 8}, {4, 6, 11, 12}, {7, 9, 14}, {10, 15}, {13}}",False,,,,False,FlipSYTNotFound
62004,"{{1, 4, 6, 7, 15}, {2, 5, 12, 14}, {3, 9, 13}, {8, 10}, {11}}","{{1, 2, 3, 5, 8}, {4, 6, 11, 13}, {7, 10, 14}, {9, 15}, {12}}",False,,,,False,FlipSYTNotFound
62032,"{{1, 3, 7, 8, 15}, {2, 5, 12, 14}, {4, 6, 13}, {9, 10}, {11}}","{{1, 2, 3, 5, 7}, {4, 6, 10, 12}, {8, 9, 14}, {11, 15}, {13}}",False,,,,False,FlipSYTNotFound
62048,"{{1, 3, 10, 11, 12}, {2, 5, 13, 15}, {4, 6, 14}, {7, 9}, {8}}","{{1, 2, 6, 7, 8}, {3, 5, 9, 12}, {4, 10, 14}, {11, 15}, {13}}",False,,,,False,FlipSYTNotFound
62058,"{{1, 3, 6, 8, 15}, {2, 5, 12, 14}, {4, 7, 13}, {9, 10}, {11}}","{{1, 2, 3, 5, 7}, {4, 6, 11, 12}, {8, 9, 14}, {10, 15}, {13}}",False,,,,False,FlipSYTNotFound
62083,"{{1, 3, 10, 11, 12}, {2, 5, 13, 15}, {4, 7, 14}, {6, 8}, {9}}","{{1, 2, 6, 7, 10}, {3, 5, 8, 12}, {4, 9, 14}, {11, 15}, {13}}",False,,,,False,FlipSYTNotFound
62085,"{{1, 4, 6, 7, 15}, {2, 5, 12, 14}, {3, 8, 13}, {9, 10}, {11}}","{{1, 2, 3, 5, 7}, {4, 6, 11, 13}, {8, 10, 14}, {9, 15}, {12}}",False,,,,False,FlipSYTNotFound
62086,"{{1, 6, 9, 11, 12}, {2, 7, 13, 15}, {3, 8, 14}, {4, 10}, {5}}","{{1, 2, 6, 8, 11}, {3, 5, 7, 12}, {4, 9, 13}, {10, 14}, {15}}",False,,,,False,FlipSYTNotFound
62087,"{{1, 3, 10, 11, 12}, {2, 5, 13, 15}, {4, 6, 14}, {7, 8}, {9}}","{{1, 2, 6, 7, 9}, {3, 5, 8, 12}, {4, 10, 14}, {11, 15}, {13}}",False,,,,False,FlipSYTNotFound
62093,"{{1, 4, 9, 11, 12}, {2, 5, 13, 15}, {3, 8, 14}, {6, 10}, {7}}","{{1, 2, 6, 8, 9}, {3, 5, 7, 10}, {4, 11, 13}, {12, 14}, {15}}",False,,,,False,FlipSYTNotFound
62124,"{{1, 6, 8, 11, 12}, {2, 7, 13, 15}, {3, 9, 14}, {4, 10}, {5}}","{{1, 2, 6, 9, 11}, {3, 5, 7, 12}, {4, 8, 13}, {10, 14}, {15}}",False,,,,False,FlipSYTNotFound
62161,"{{1, 2, 3, 5, 15}, {4, 6, 7, 8}, {9, 11, 13}, {10, 14}, {12}}","{{1, 2, 4, 6, 12}, {3, 5, 10, 15}, {7, 9, 14}, {8, 13}, {11}}",False,,,,False,FlipSYTNotFound
62227,"{{1, 6, 9, 11, 15}, {2, 7, 10, 14}, {3, 8, 13}, {4, 12}, {5}}","{{1, 2, 3, 4, 11}, {5, 6, 8, 12}, {7, 9, 13}, {10, 14}, {15}}",False,,,,False,FlipSYTNotFound
62308,"{{1, 3, 9, 11, 15}, {2, 5, 10, 14}, {4, 6, 13}, {7, 12}, {8}}","{{1, 2, 3, 4, 8}, {5, 6, 9, 12}, {7, 10, 14}, {11, 15}, {13}}",False,,,,False,FlipSYTNotFound
62368,"{{1, 6, 8, 11, 15}, {2, 7, 10, 14}, {3, 9, 13}, {4, 12}, {5}}","{{1, 2, 3, 4, 11}, {5, 6, 7, 12}, {8, 9, 13}, {10, 14}, {15}}",False,,,,False,FlipSYTNotFound
62476,"{{1, 3, 9, 11, 12}, {2, 5, 13, 15}, {4, 6, 14}, {7, 8}, {10}}","{{1, 2, 6, 8, 9}, {3, 5, 7, 12}, {4, 10, 14}, {11, 15}, {13}}",False,,,,False,FlipSYTNotFound
62480,"{{1, 3, 9, 11, 12}, {2, 5, 13, 15}, {4, 7, 14}, {6, 8}, {10}}","{{1, 2, 6, 8, 10}, {3, 5, 7, 12}, {4, 9, 14}, {11, 15}, {13}}",False,,,,False,FlipSYTNotFound
62497,"{{1, 4, 8, 11, 12}, {2, 5, 13, 15}, {3, 7, 14}, {6, 9}, {10}}","{{1, 2, 6, 9, 10}, {3, 5, 7, 13}, {4, 8, 14}, {11, 15}, {12}}",False,,,,False,FlipSYTNotFound
62513,"{{1, 3, 8, 11, 12}, {2, 5, 13, 15}, {4, 7, 14}, {6, 9}, {10}}","{{1, 2, 6, 9, 10}, {3, 5, 7, 12}, {4, 8, 14}, {11, 15}, {13}}",False,,,,False,FlipSYTNotFound
62537,"{{1, 3, 8, 11, 15}, {2, 5, 10, 14}, {4, 6, 13}, {7, 12}, {9}}","{{1, 2, 3, 4, 7}, {5, 6, 9, 12}, {8, 10, 14}, {11, 15}, {13}}",False,,,,False,FlipSYTNotFound
62604,"{{1, 3, 4, 11, 12}, {2, 7, 13, 15}, {5, 8, 14}, {6, 9}, {10}}","{{1, 2, 6, 10, 14}, {3, 5, 7, 11}, {4, 8, 13}, {9, 15}, {12}}",False,,,,False,FlipSYTNotFound
62615,"{{1, 2, 4, 11, 15}, {3, 5, 10, 14}, {6, 8, 13}, {7, 12}, {9}}","{{1, 2, 3, 4, 7}, {5, 6, 8, 9}, {10, 13, 15}, {11, 14}, {12}}",False,,,,False,FlipSYTNotFound
62627,"{{1, 3, 7, 11, 15}, {2, 5, 10, 14}, {4, 6, 13}, {8, 12}, {9}}","{{1, 2, 3, 4, 7}, {5, 6, 8, 12}, {9, 10, 14}, {11, 15}, {13}}",False,,,,False,FlipSYTNotFound
62656,"{{1, 3, 6, 11, 15}, {2, 5, 10, 14}, {4, 7, 13}, {8, 12}, {9}}","{{1, 2, 3, 4, 7}, {5, 6, 8, 12}, {9, 11, 14}, {10, 15}, {13}}",False,,,,False,FlipSYTNotFound
62699,"{{1, 4, 6, 11, 15}, {2, 5, 10, 14}, {3, 7, 13}, {8, 12}, {9}}","{{1, 2, 3, 4, 7}, {5, 6, 8, 13}, {9, 11, 14}, {10, 15}, {12}}",False,,,,False,FlipSYTNotFound
62730,"{{1, 6, 9, 10, 12}, {2, 7, 13, 15}, {3, 8, 14}, {4, 11}, {5}}","{{1, 2, 5, 8, 11}, {3, 6, 7, 12}, {4, 9, 13}, {10, 14}, {15}}",False,,,,False,FlipSYTNotFound
62750,"{{1, 4, 9, 10, 12}, {2, 5, 13, 15}, {3, 8, 14}, {6, 11}, {7}}","{{1, 2, 5, 8, 9}, {3, 6, 7, 10}, {4, 11, 13}, {12, 14}, {15}}",False,,,,False,FlipSYTNotFound
62762,"{{1, 5, 9, 10, 12}, {2, 6, 13, 15}, {3, 7, 14}, {4, 11}, {8}}","{{1, 2, 5, 8, 12}, {3, 6, 7, 9}, {4, 10, 13}, {11, 14}, {15}}",False,,,,False,FlipSYTNotFound
62904,"{{1, 3, 5, 10, 12}, {2, 6, 13, 15}, {4, 9, 14}, {7, 11}, {8}}","{{1, 2, 5, 8, 14}, {3, 6, 7, 9}, {4, 10, 12}, {11, 13}, {15}}",False,,,,False,FlipSYTNotFound
63017,"{{1, 2, 3, 5, 15}, {4, 6, 7, 8}, {9, 10, 13}, {11, 14}, {12}}","{{1, 2, 4, 7, 12}, {3, 5, 10, 15}, {6, 9, 14}, {8, 13}, {11}}",False,,,,False,FlipSYTNotFound
63069,"{{1, 3, 5, 10, 12}, {2, 6, 13, 15}, {4, 8, 14}, {7, 11}, {9}}","{{1, 2, 5, 7, 14}, {3, 6, 8, 9}, {4, 10, 12}, {11, 13}, {15}}",False,,,,False,FlipSYTNotFound
63096,"{{1, 3, 8, 11, 15}, {2, 5, 9, 14}, {4, 6, 13}, {7, 12}, {10}}","{{1, 2, 3, 4, 6}, {5, 7, 9, 12}, {8, 10, 14}, {11, 15}, {13}}",False,,,,False,FlipSYTNotFound
63122,"{{1, 3, 5, 10, 12}, {2, 4, 13, 15}, {6, 7, 14}, {8, 11}, {9}}","{{1, 2, 5, 7, 14}, {3, 6, 8, 10}, {4, 9, 12}, {11, 15}, {13}}",False,,,,False,FlipSYTNotFound
63176,"{{1, 2, 4, 11, 15}, {3, 5, 9, 14}, {6, 8, 13}, {7, 12}, {10}}","{{1, 2, 3, 4, 6}, {5, 7, 8, 9}, {10, 13, 15}, {11, 14}, {12}}",False,,,,False,FlipSYTNotFound
63189,"{{1, 3, 7, 11, 15}, {2, 5, 9, 14}, {4, 6, 13}, {8, 12}, {10}}","{{1, 2, 3, 4, 6}, {5, 7, 8, 12}, {9, 10, 14}, {11, 15}, {13}}",False,,,,False,FlipSYTNotFound
63198,"{{1, 3, 6, 11, 15}, {2, 5, 9, 14}, {4, 7, 13}, {8, 12}, {10}}","{{1, 2, 3, 4, 6}, {5, 7, 8, 12}, {9, 11, 14}, {10, 15}, {13}}",False,,,,False,FlipSYTNotFound
63206,"{{1, 4, 6, 11, 15}, {2, 5, 9, 14}, {3, 7, 13}, {8, 12}, {10}}","{{1, 2, 3, 4, 6}, {5, 7, 8, 13}, {9, 11, 14}, {10, 15}, {12}}",False,,,,False,FlipSYTNotFound
63382,"{{1, 2, 4, 11, 15}, {3, 5, 6, 12}, {7, 9, 10}, {8, 14}, {13}}","{{1, 2, 3, 7, 8}, {4, 6, 11, 13}, {5, 9, 15}, {10, 14}, {12}}",False,,,,False,FlipSYTNotFound
63438,"{{1, 4, 6, 11, 15}, {2, 5, 8, 14}, {3, 7, 13}, {9, 12}, {10}}","{{1, 2, 3, 4, 6}, {5, 7, 9, 13}, {8, 11, 14}, {10, 15}, {12}}",False,,,,False,FlipSYTNotFound
63443,"{{1, 2, 5, 11, 15}, {3, 6, 8, 14}, {4, 7, 13}, {9, 12}, {10}}","{{1, 2, 3, 4, 6}, {5, 7, 9, 12}, {8, 13, 15}, {10, 14}, {11}}",False,,,,False,FlipSYTNotFound
63445,"{{1, 3, 7, 11, 15}, {2, 5, 8, 14}, {4, 6, 13}, {9, 12}, {10}}","{{1, 2, 3, 4, 6}, {5, 7, 10, 12}, {8, 11, 14}, {9, 15}, {13}}",False,,,,False,FlipSYTNotFound
63454,"{{1, 3, 6, 11, 15}, {2, 5, 8, 14}, {4, 7, 13}, {9, 12}, {10}}","{{1, 2, 3, 4, 6}, {5, 7, 9, 12}, {8, 11, 14}, {10, 15}, {13}}",False,,,,False,FlipSYTNotFound
63560,"{{1, 6, 9, 10, 15}, {2, 7, 11, 14}, {3, 8, 13}, {4, 12}, {5}}","{{1, 2, 3, 4, 11}, {5, 7, 8, 12}, {6, 9, 13}, {10, 14}, {15}}",False,,,,False,FlipSYTNotFound
63613,"{{1, 2, 4, 11, 15}, {3, 5, 6, 12}, {7, 8, 10}, {9, 14}, {13}}","{{1, 2, 3, 7, 9}, {4, 6, 11, 13}, {5, 8, 15}, {10, 14}, {12}}",False,,,,False,FlipSYTNotFound
63617,"{{1, 3, 9, 10, 15}, {2, 5, 11, 14}, {4, 6, 13}, {7, 12}, {8}}","{{1, 2, 3, 4, 8}, {5, 7, 9, 12}, {6, 10, 14}, {11, 15}, {13}}",False,,,,False,FlipSYTNotFound
63618,"{{1, 6, 8, 10, 15}, {2, 7, 11, 14}, {3, 9, 13}, {4, 12}, {5}}","{{1, 2, 3, 4, 11}, {5, 7, 9, 12}, {6, 8, 13}, {10, 14}, {15}}",False,,,,False,FlipSYTNotFound
63671,"{{1, 2, 4, 11, 15}, {3, 5, 6, 12}, {7, 8, 9}, {10, 14}, {13}}","{{1, 2, 3, 8, 9}, {4, 6, 11, 13}, {5, 7, 15}, {10, 14}, {12}}",False,,,,False,FlipSYTNotFound
63760,"{{1, 3, 5, 9, 12}, {2, 7, 13, 15}, {4, 8, 14}, {6, 11}, {10}}","{{1, 2, 5, 6, 14}, {3, 7, 8, 10}, {4, 9, 12}, {11, 13}, {15}}",False,,,,False,FlipSYTNotFound
63794,"{{1, 3, 5, 9, 12}, {2, 6, 13, 15}, {4, 8, 14}, {7, 11}, {10}}","{{1, 2, 5, 6, 14}, {3, 7, 8, 9}, {4, 10, 12}, {11, 13}, {15}}",False,,,,False,FlipSYTNotFound
63816,"{{1, 3, 5, 9, 12}, {2, 4, 13, 15}, {6, 7, 14}, {8, 11}, {10}}","{{1, 2, 5, 6, 14}, {3, 7, 8, 10}, {4, 9, 12}, {11, 15}, {13}}",False,,,,False,FlipSYTNotFound
63849,"{{1, 3, 8, 10, 15}, {2, 5, 11, 14}, {4, 6, 13}, {7, 12}, {9}}","{{1, 2, 3, 4, 7}, {5, 8, 9, 12}, {6, 10, 14}, {11, 15}, {13}}",False,,,,False,FlipSYTNotFound
63954,"{{1, 3, 4, 6, 12}, {2, 8, 13, 15}, {5, 9, 14}, {7, 11}, {10}}","{{1, 2, 5, 6, 14}, {3, 7, 9, 13}, {4, 8, 11}, {10, 12}, {15}}",False,,,,False,FlipSYTNotFound
64005,"{{1, 3, 7, 10, 15}, {2, 5, 11, 14}, {4, 6, 13}, {8, 12}, {9}}","{{1, 2, 3, 4, 7}, {5, 8, 10, 12}, {6, 9, 14}, {11, 15}, {13}}",False,,,,False,FlipSYTNotFound
64032,"{{1, 3, 6, 10, 15}, {2, 5, 11, 14}, {4, 7, 13}, {8, 12}, {9}}","{{1, 2, 3, 4, 7}, {5, 8, 11, 12}, {6, 9, 14}, {10, 15}, {13}}",False,,,,False,FlipSYTNotFound
64091,"{{1, 6, 8, 9, 15}, {2, 7, 11, 14}, {3, 10, 13}, {4, 12}, {5}}","{{1, 2, 3, 4, 11}, {5, 6, 9, 12}, {7, 8, 13}, {10, 14}, {15}}",False,,,,False,FlipSYTNotFound
64204,"{{1, 3, 9, 10, 12}, {2, 5, 13, 15}, {4, 7, 14}, {6, 8}, {11}}","{{1, 2, 5, 8, 10}, {3, 6, 7, 12}, {4, 9, 14}, {11, 15}, {13}}",False,,,,False,FlipSYTNotFound
64245,"{{1, 2, 4, 10, 15}, {3, 5, 8, 12}, {6, 7, 11}, {9, 14}, {13}}","{{1, 2, 3, 7, 10}, {4, 5, 9, 13}, {6, 8, 15}, {11, 14}, {12}}",False,,,,False,FlipSYTNotFound
64249,"{{1, 3, 9, 10, 12}, {2, 5, 13, 15}, {4, 6, 14}, {7, 8}, {11}}","{{1, 2, 5, 8, 9}, {3, 6, 7, 12}, {4, 10, 14}, {11, 15}, {13}}",False,,,,False,FlipSYTNotFound
64254,"{{1, 3, 8, 10, 12}, {2, 5, 13, 15}, {4, 7, 14}, {6, 9}, {11}}","{{1, 2, 5, 9, 10}, {3, 6, 7, 12}, {4, 8, 14}, {11, 15}, {13}}",False,,,,False,FlipSYTNotFound
64259,"{{1, 4, 8, 10, 12}, {2, 5, 13, 15}, {3, 7, 14}, {6, 9}, {11}}","{{1, 2, 5, 9, 10}, {3, 6, 7, 13}, {4, 8, 14}, {11, 15}, {12}}",False,,,,False,FlipSYTNotFound
64289,"{{1, 2, 4, 10, 15}, {3, 5, 6, 12}, {7, 8, 11}, {9, 14}, {13}}","{{1, 2, 3, 7, 9}, {4, 5, 11, 13}, {6, 8, 15}, {10, 14}, {12}}",False,,,,False,FlipSYTNotFound
64358,"{{1, 3, 7, 10, 12}, {2, 5, 13, 15}, {4, 6, 14}, {8, 9}, {11}}","{{1, 2, 5, 8, 12}, {3, 6, 7, 10}, {4, 9, 14}, {11, 15}, {13}}",False,,,,False,FlipSYTNotFound
64440,"{{1, 3, 8, 9, 12}, {2, 6, 13, 15}, {4, 7, 14}, {5, 10}, {11}}","{{1, 2, 5, 9, 11}, {3, 6, 8, 12}, {4, 7, 14}, {10, 15}, {13}}",False,,,,False,FlipSYTNotFound
64451,"{{1, 4, 8, 9, 12}, {2, 5, 13, 15}, {3, 7, 14}, {6, 10}, {11}}","{{1, 2, 5, 9, 10}, {3, 6, 8, 13}, {4, 7, 14}, {11, 15}, {12}}",False,,,,False,FlipSYTNotFound
64466,"{{1, 3, 8, 9, 12}, {2, 5, 13, 15}, {4, 7, 14}, {6, 10}, {11}}","{{1, 2, 5, 9, 10}, {3, 6, 8, 12}, {4, 7, 14}, {11, 15}, {13}}",False,,,,False,FlipSYTNotFound
64518,"{{1, 3, 4, 9, 12}, {2, 7, 13, 15}, {5, 8, 14}, {6, 10}, {11}}","{{1, 2, 5, 10, 14}, {3, 6, 8, 11}, {4, 7, 13}, {9, 15}, {12}}",False,,,,False,FlipSYTNotFound
64650,"{{1, 3, 8, 9, 15}, {2, 5, 11, 14}, {4, 6, 13}, {7, 12}, {10}}","{{1, 2, 3, 4, 6}, {5, 8, 9, 12}, {7, 10, 14}, {11, 15}, {13}}",False,,,,False,FlipSYTNotFound
64696,"{{1, 2, 8, 9, 15}, {3, 5, 11, 14}, {4, 7, 13}, {6, 12}, {10}}","{{1, 2, 3, 4, 6}, {5, 8, 9, 10}, {7, 11, 12}, {13, 15}, {14}}",False,,,,False,FlipSYTNotFound
64726,"{{1, 3, 4, 8, 12}, {2, 6, 13, 15}, {5, 9, 14}, {7, 10}, {11}}","{{1, 2, 5, 9, 14}, {3, 6, 10, 11}, {4, 7, 13}, {8, 15}, {12}}",False,,,,False,FlipSYTNotFound
64756,"{{1, 3, 7, 9, 15}, {2, 5, 11, 14}, {4, 6, 13}, {8, 12}, {10}}","{{1, 2, 3, 4, 6}, {5, 8, 10, 12}, {7, 9, 14}, {11, 15}, {13}}",False,,,,False,FlipSYTNotFound
64786,"{{1, 3, 6, 9, 15}, {2, 5, 11, 14}, {4, 7, 13}, {8, 12}, {10}}","{{1, 2, 3, 4, 6}, {5, 8, 11, 12}, {7, 9, 14}, {10, 15}, {13}}",False,,,,False,FlipSYTNotFound
64799,"{{1, 3, 5, 7, 12}, {2, 6, 13, 15}, {4, 9, 14}, {8, 10}, {11}}","{{1, 2, 5, 8, 14}, {3, 6, 10, 12}, {4, 7, 13}, {9, 15}, {11}}",False,,,,False,FlipSYTNotFound
64991,"{{1, 6, 9, 10, 11}, {2, 7, 13, 15}, {3, 8, 14}, {4, 12}, {5}}","{{1, 2, 4, 8, 11}, {3, 6, 7, 12}, {5, 9, 13}, {10, 14}, {15}}",False,,,,False,FlipSYTNotFound
65020,"{{1, 4, 9, 10, 11}, {2, 5, 13, 15}, {3, 8, 14}, {6, 12}, {7}}","{{1, 2, 4, 8, 9}, {3, 6, 7, 10}, {5, 11, 13}, {12, 14}, {15}}",False,,,,False,FlipSYTNotFound
65074,"{{1, 6, 8, 10, 11}, {2, 7, 13, 15}, {3, 9, 14}, {4, 12}, {5}}","{{1, 2, 4, 9, 11}, {3, 6, 7, 12}, {5, 8, 13}, {10, 14}, {15}}",False,,,,False,FlipSYTNotFound
65123,"{{1, 3, 7, 8, 15}, {2, 5, 11, 14}, {4, 6, 13}, {9, 12}, {10}}","{{1, 2, 3, 4, 6}, {5, 7, 10, 12}, {8, 9, 14}, {11, 15}, {13}}",False,,,,False,FlipSYTNotFound
65127,"{{1, 3, 6, 8, 15}, {2, 5, 11, 14}, {4, 7, 13}, {9, 12}, {10}}","{{1, 2, 3, 4, 6}, {5, 7, 11, 12}, {8, 9, 14}, {10, 15}, {13}}",False,,,,False,FlipSYTNotFound
65145,"{{1, 4, 6, 7, 15}, {2, 5, 11, 14}, {3, 8, 13}, {9, 12}, {10}}","{{1, 2, 3, 4, 6}, {5, 7, 11, 13}, {8, 10, 14}, {9, 15}, {12}}",False,,,,False,FlipSYTNotFound
65351,"{{1, 3, 5, 10, 11}, {2, 6, 13, 15}, {4, 8, 14}, {7, 12}, {9}}","{{1, 2, 4, 7, 14}, {3, 6, 8, 9}, {5, 10, 12}, {11, 13}, {15}}",False,,,,False,FlipSYTNotFound
65414,"{{1, 3, 5, 7, 15}, {2, 6, 9, 12}, {4, 10, 11}, {8, 14}, {13}}","{{1, 2, 3, 6, 8}, {4, 5, 12, 14}, {7, 10, 13}, {9, 11}, {15}}",False,,,,False,FlipSYTNotFound
65584,"{{1, 5, 8, 9, 15}, {2, 6, 10, 14}, {3, 11, 13}, {4, 12}, {7}}","{{1, 2, 3, 4, 9}, {5, 8, 10, 12}, {6, 11, 13}, {7, 14}, {15}}",False,,,,False,FlipSYTNotFound
65599,"{{1, 6, 8, 9, 15}, {2, 7, 10, 14}, {3, 11, 13}, {4, 12}, {5}}","{{1, 2, 3, 4, 11}, {5, 8, 9, 12}, {6, 10, 13}, {7, 14}, {15}}",False,,,,False,FlipSYTNotFound
65751,"{{1, 2, 4, 7, 15}, {3, 5, 6, 12}, {8, 10, 11}, {9, 14}, {13}}","{{1, 2, 3, 6, 7}, {4, 5, 11, 13}, {8, 10, 15}, {9, 14}, {12}}",False,,,,False,FlipSYTNotFound
65767,"{{1, 2, 5, 8, 11}, {3, 7, 13, 15}, {4, 10, 14}, {6, 12}, {9}}","{{1, 2, 4, 7, 15}, {3, 6, 9, 10}, {5, 8, 12}, {11, 13}, {14}}",False,,,,False,FlipSYTNotFound
65823,"{{1, 3, 5, 9, 15}, {2, 6, 10, 14}, {4, 11, 13}, {7, 12}, {8}}","{{1, 2, 3, 4, 8}, {5, 9, 12, 14}, {6, 10, 13}, {7, 11}, {15}}",False,,,,False,FlipSYTNotFound
65824,"{{1, 2, 4, 9, 15}, {3, 5, 8, 12}, {6, 7, 11}, {10, 14}, {13}}","{{1, 2, 3, 6, 10}, {4, 5, 9, 13}, {7, 8, 15}, {11, 14}, {12}}",False,,,,False,FlipSYTNotFound
65948,"{{1, 2, 4, 9, 15}, {3, 5, 6, 12}, {7, 8, 11}, {10, 14}, {13}}","{{1, 2, 3, 6, 9}, {4, 5, 11, 13}, {7, 8, 15}, {10, 14}, {12}}",False,,,,False,FlipSYTNotFound
66026,"{{1, 3, 5, 9, 11}, {2, 7, 13, 15}, {4, 8, 14}, {6, 12}, {10}}","{{1, 2, 4, 6, 14}, {3, 7, 8, 10}, {5, 9, 12}, {11, 13}, {15}}",False,,,,False,FlipSYTNotFound
66124,"{{1, 3, 5, 7, 15}, {2, 6, 10, 14}, {4, 11, 13}, {8, 12}, {9}}","{{1, 2, 3, 4, 7}, {5, 8, 12, 14}, {6, 10, 13}, {9, 11}, {15}}",False,,,,False,FlipSYTNotFound
66161,"{{1, 2, 4, 8, 15}, {3, 5, 6, 12}, {7, 9, 11}, {10, 14}, {13}}","{{1, 2, 3, 6, 9}, {4, 5, 11, 13}, {7, 10, 15}, {8, 14}, {12}}",False,,,,False,FlipSYTNotFound
66263,"{{1, 3, 4, 6, 11}, {2, 8, 13, 15}, {5, 9, 14}, {7, 12}, {10}}","{{1, 2, 4, 6, 14}, {3, 7, 9, 13}, {5, 8, 11}, {10, 12}, {15}}",False,,,,False,FlipSYTNotFound
66406,"{{1, 2, 4, 10, 15}, {3, 6, 7, 12}, {5, 8, 9}, {11, 14}, {13}}","{{1, 2, 3, 8, 11}, {4, 5, 10, 13}, {6, 7, 15}, {9, 14}, {12}}",False,,,,False,FlipSYTNotFound
66422,"{{1, 2, 4, 10, 15}, {3, 5, 6, 12}, {7, 8, 9}, {11, 14}, {13}}","{{1, 2, 3, 8, 9}, {4, 5, 11, 13}, {6, 7, 15}, {10, 14}, {12}}",False,,,,False,FlipSYTNotFound
66438,"{{1, 3, 5, 8, 15}, {2, 6, 9, 14}, {4, 11, 13}, {7, 12}, {10}}","{{1, 2, 3, 4, 6}, {5, 9, 12, 14}, {7, 10, 13}, {8, 11}, {15}}",False,,,,False,FlipSYTNotFound
66533,"{{1, 3, 5, 7, 15}, {2, 6, 9, 14}, {4, 11, 13}, {8, 12}, {10}}","{{1, 2, 3, 4, 6}, {5, 8, 12, 14}, {7, 10, 13}, {9, 11}, {15}}",False,,,,False,FlipSYTNotFound
66535,"{{1, 2, 3, 5, 11}, {4, 6, 13, 15}, {7, 8, 14}, {9, 12}, {10}}","{{1, 2, 4, 6, 15}, {3, 7, 9, 14}, {5, 8, 12}, {10, 13}, {11}}",False,,,,False,FlipSYTNotFound
66730,"{{1, 3, 5, 7, 15}, {2, 6, 8, 14}, {4, 11, 13}, {9, 12}, {10}}","{{1, 2, 3, 4, 6}, {5, 7, 12, 14}, {8, 10, 13}, {9, 11}, {15}}",False,,,,False,FlipSYTNotFound
66811,"{{1, 2, 4, 7, 15}, {3, 5, 6, 14}, {8, 11, 13}, {9, 12}, {10}}","{{1, 2, 3, 4, 6}, {5, 7, 11, 13}, {8, 10, 15}, {9, 14}, {12}}",False,,,,False,FlipSYTNotFound
66842,"{{1, 3, 8, 10, 15}, {2, 5, 9, 14}, {4, 6, 13}, {7, 12}, {11}}","{{1, 2, 3, 4, 5}, {6, 7, 9, 12}, {8, 10, 14}, {11, 15}, {13}}",False,,,,False,FlipSYTNotFound
66919,"{{1, 2, 4, 8, 15}, {3, 5, 6, 12}, {7, 9, 10}, {11, 14}, {13}}","{{1, 2, 3, 7, 9}, {4, 5, 11, 13}, {6, 10, 15}, {8, 14}, {12}}",False,,,,False,FlipSYTNotFound
66937,"{{1, 3, 4, 7, 10}, {2, 6, 13, 15}, {5, 11, 14}, {8, 12}, {9}}","{{1, 2, 4, 7, 14}, {3, 5, 8, 11}, {6, 9, 10}, {12, 13}, {15}}",False,,,,False,FlipSYTNotFound
66963,"{{1, 4, 6, 10, 15}, {2, 5, 9, 14}, {3, 7, 13}, {8, 12}, {11}}","{{1, 2, 3, 4, 5}, {6, 7, 8, 13}, {9, 11, 14}, {10, 15}, {12}}",False,,,,False,FlipSYTNotFound
66985,"{{1, 3, 7, 10, 15}, {2, 5, 9, 14}, {4, 6, 13}, {8, 12}, {11}}","{{1, 2, 3, 4, 5}, {6, 7, 8, 12}, {9, 10, 14}, {11, 15}, {13}}",False,,,,False,FlipSYTNotFound
66986,"{{1, 2, 4, 10, 15}, {3, 5, 9, 14}, {6, 8, 13}, {7, 12}, {11}}","{{1, 2, 3, 4, 5}, {6, 7, 8, 9}, {10, 13, 15}, {11, 14}, {12}}",False,,,,False,FlipSYTNotFound
66992,"{{1, 3, 6, 10, 15}, {2, 5, 9, 14}, {4, 7, 13}, {8, 12}, {11}}","{{1, 2, 3, 4, 5}, {6, 7, 8, 12}, {9, 11, 14}, {10, 15}, {13}}",False,,,,False,FlipSYTNotFound
67035,"{{1, 2, 4, 7, 15}, {3, 5, 6, 12}, {8, 9, 10}, {11, 14}, {13}}","{{1, 2, 3, 7, 8}, {4, 5, 11, 13}, {6, 10, 15}, {9, 14}, {12}}",False,,,,False,FlipSYTNotFound
67196,"{{1, 3, 7, 10, 15}, {2, 5, 8, 14}, {4, 6, 13}, {9, 12}, {11}}","{{1, 2, 3, 4, 5}, {6, 7, 10, 12}, {8, 11, 14}, {9, 15}, {13}}",False,,,,False,FlipSYTNotFound
67211,"{{1, 4, 6, 10, 15}, {2, 5, 8, 14}, {3, 7, 13}, {9, 12}, {11}}","{{1, 2, 3, 4, 5}, {6, 7, 9, 13}, {8, 11, 14}, {10, 15}, {12}}",False,,,,False,FlipSYTNotFound
67217,"{{1, 3, 6, 10, 15}, {2, 5, 8, 14}, {4, 7, 13}, {9, 12}, {11}}","{{1, 2, 3, 4, 5}, {6, 7, 9, 12}, {8, 11, 14}, {10, 15}, {13}}",False,,,,False,FlipSYTNotFound
67225,"{{1, 2, 5, 10, 15}, {3, 6, 8, 14}, {4, 7, 13}, {9, 12}, {11}}","{{1, 2, 3, 4, 5}, {6, 7, 9, 12}, {8, 13, 15}, {10, 14}, {11}}",False,,,,False,FlipSYTNotFound
67355,"{{1, 3, 8, 9, 15}, {2, 5, 10, 14}, {4, 6, 13}, {7, 12}, {11}}","{{1, 2, 3, 4, 5}, {6, 8, 9, 12}, {7, 10, 14}, {11, 15}, {13}}",False,,,,False,FlipSYTNotFound
67486,"{{1, 3, 7, 9, 15}, {2, 5, 10, 14}, {4, 6, 13}, {8, 12}, {11}}","{{1, 2, 3, 4, 5}, {6, 8, 10, 12}, {7, 9, 14}, {11, 15}, {13}}",False,,,,False,FlipSYTNotFound
67502,"{{1, 3, 6, 9, 15}, {2, 5, 10, 14}, {4, 7, 13}, {8, 12}, {11}}","{{1, 2, 3, 4, 5}, {6, 8, 11, 12}, {7, 9, 14}, {10, 15}, {13}}",False,,,,False,FlipSYTNotFound
67591,"{{1, 2, 3, 4, 8}, {5, 6, 13, 15}, {7, 11, 14}, {9, 12}, {10}}","{{1, 2, 4, 6, 15}, {3, 5, 7, 14}, {8, 9, 11}, {10, 13}, {12}}",False,,,,False,FlipSYTNotFound
67752,"{{1, 3, 5, 7, 15}, {2, 6, 11, 14}, {4, 10, 12}, {8, 13}, {9}}","{{1, 2, 3, 6, 7}, {4, 8, 12, 14}, {5, 10, 13}, {9, 11}, {15}}",False,,,,False,FlipSYTNotFound
67842,"{{1, 3, 5, 9, 10}, {2, 6, 13, 15}, {4, 8, 14}, {7, 12}, {11}}","{{1, 2, 4, 5, 14}, {3, 7, 8, 9}, {6, 10, 12}, {11, 13}, {15}}",False,,,,False,FlipSYTNotFound
68141,"{{1, 3, 5, 7, 15}, {2, 6, 10, 11}, {4, 9, 12}, {8, 14}, {13}}","{{1, 2, 3, 7, 8}, {4, 6, 12, 14}, {5, 10, 13}, {9, 11}, {15}}",False,,,,False,FlipSYTNotFound
68283,"{{1, 2, 3, 5, 10}, {4, 6, 13, 15}, {7, 8, 14}, {9, 12}, {11}}","{{1, 2, 4, 5, 15}, {3, 7, 9, 14}, {6, 8, 12}, {10, 13}, {11}}",False,,,,False,FlipSYTNotFound
68367,"{{1, 3, 6, 7, 9}, {2, 8, 13, 15}, {4, 10, 14}, {5, 12}, {11}}","{{1, 2, 4, 5, 14}, {3, 6, 10, 11}, {7, 8, 12}, {9, 13}, {15}}",False,,,,False,FlipSYTNotFound
68526,"{{1, 5, 8, 10, 15}, {2, 6, 9, 14}, {3, 11, 12}, {4, 13}, {7}}","{{1, 2, 3, 5, 9}, {4, 7, 10, 12}, {6, 11, 13}, {8, 14}, {15}}",False,,,,False,FlipSYTNotFound
68717,"{{1, 2, 4, 8, 15}, {3, 7, 9, 11}, {5, 10, 12}, {6, 14}, {13}}","{{1, 2, 3, 9, 10}, {4, 6, 11, 15}, {5, 7, 13}, {8, 12}, {14}}",False,,,,False,FlipSYTNotFound
68755,"{{1, 3, 5, 6, 15}, {2, 8, 9, 11}, {4, 10, 12}, {7, 14}, {13}}","{{1, 2, 3, 8, 9}, {4, 6, 12, 14}, {5, 7, 13}, {10, 11}, {15}}",False,,,,False,FlipSYTNotFound
68922,"{{1, 5, 8, 9, 15}, {2, 6, 10, 14}, {3, 11, 12}, {4, 13}, {7}}","{{1, 2, 3, 5, 9}, {4, 8, 10, 12}, {6, 11, 13}, {7, 14}, {15}}",False,,,,False,FlipSYTNotFound
68932,"{{1, 6, 8, 9, 15}, {2, 7, 10, 14}, {3, 11, 12}, {4, 13}, {5}}","{{1, 2, 3, 5, 11}, {4, 8, 9, 12}, {6, 10, 13}, {7, 14}, {15}}",False,,,,False,FlipSYTNotFound
69042,"{{1, 3, 9, 10, 11}, {2, 5, 13, 15}, {4, 7, 14}, {6, 8}, {12}}","{{1, 2, 4, 8, 10}, {3, 6, 7, 12}, {5, 9, 14}, {11, 15}, {13}}",False,,,,False,FlipSYTNotFound
69043,"{{1, 3, 9, 10, 11}, {2, 5, 13, 15}, {4, 6, 14}, {7, 8}, {12}}","{{1, 2, 4, 8, 9}, {3, 6, 7, 12}, {5, 10, 14}, {11, 15}, {13}}",False,,,,False,FlipSYTNotFound
69082,"{{1, 3, 8, 10, 11}, {2, 5, 13, 15}, {4, 7, 14}, {6, 9}, {12}}","{{1, 2, 4, 9, 10}, {3, 6, 7, 12}, {5, 8, 14}, {11, 15}, {13}}",False,,,,False,FlipSYTNotFound
69108,"{{1, 5, 7, 8, 15}, {2, 9, 10, 14}, {3, 11, 12}, {4, 13}, {6}}","{{1, 2, 3, 5, 10}, {4, 7, 11, 12}, {6, 9, 13}, {8, 14}, {15}}",False,,,,False,FlipSYTNotFound
69167,"{{1, 3, 4, 10, 11}, {2, 7, 13, 15}, {5, 8, 14}, {6, 9}, {12}}","{{1, 2, 4, 10, 14}, {3, 6, 7, 11}, {5, 8, 13}, {9, 15}, {12}}",False,,,,False,FlipSYTNotFound
69177,"{{1, 2, 3, 5, 15}, {4, 6, 7, 11}, {8, 10, 12}, {9, 14}, {13}}","{{1, 2, 3, 7, 12}, {4, 6, 10, 15}, {5, 8, 14}, {9, 13}, {11}}",False,,,,False,FlipSYTNotFound
69264,"{{1, 3, 5, 10, 11}, {2, 4, 13, 15}, {6, 7, 14}, {8, 9}, {12}}","{{1, 2, 4, 8, 14}, {3, 6, 7, 10}, {5, 9, 12}, {11, 15}, {13}}",False,,,,False,FlipSYTNotFound
69332,"{{1, 3, 4, 9, 11}, {2, 7, 13, 15}, {5, 8, 14}, {6, 10}, {12}}","{{1, 2, 4, 10, 14}, {3, 6, 8, 11}, {5, 7, 13}, {9, 15}, {12}}",False,,,,False,FlipSYTNotFound
69397,"{{1, 3, 5, 7, 15}, {2, 6, 10, 14}, {4, 11, 12}, {8, 13}, {9}}","{{1, 2, 3, 5, 7}, {4, 8, 12, 14}, {6, 10, 13}, {9, 11}, {15}}",False,,,,False,FlipSYTNotFound
69453,"{{1, 3, 4, 8, 11}, {2, 6, 13, 15}, {5, 9, 14}, {7, 10}, {12}}","{{1, 2, 4, 9, 14}, {3, 6, 10, 11}, {5, 7, 13}, {8, 15}, {12}}",False,,,,False,FlipSYTNotFound
69593,"{{1, 3, 5, 7, 11}, {2, 6, 13, 15}, {4, 9, 14}, {8, 10}, {12}}","{{1, 2, 4, 8, 14}, {3, 6, 10, 12}, {5, 7, 13}, {9, 15}, {11}}",False,,,,False,FlipSYTNotFound
69784,"{{1, 3, 8, 9, 10}, {2, 5, 13, 15}, {4, 7, 14}, {6, 11}, {12}}","{{1, 2, 4, 9, 10}, {3, 5, 8, 12}, {6, 7, 14}, {11, 15}, {13}}",False,,,,False,FlipSYTNotFound
69812,"{{1, 4, 8, 9, 10}, {2, 5, 13, 15}, {3, 7, 14}, {6, 11}, {12}}","{{1, 2, 4, 9, 10}, {3, 5, 8, 13}, {6, 7, 14}, {11, 15}, {12}}",False,,,,False,FlipSYTNotFound
69915,"{{1, 3, 4, 9, 10}, {2, 7, 13, 15}, {5, 8, 14}, {6, 11}, {12}}","{{1, 2, 4, 10, 14}, {3, 5, 8, 11}, {6, 7, 13}, {9, 15}, {12}}",False,,,,False,FlipSYTNotFound
70002,"{{1, 3, 5, 7, 15}, {2, 6, 8, 14}, {4, 11, 12}, {9, 13}, {10}}","{{1, 2, 3, 5, 6}, {4, 7, 12, 14}, {8, 10, 13}, {9, 11}, {15}}",False,,,,False,FlipSYTNotFound
70021,"{{1, 2, 4, 8, 15}, {3, 7, 9, 10}, {5, 11, 12}, {6, 14}, {13}}","{{1, 2, 3, 9, 10}, {4, 5, 11, 15}, {6, 7, 13}, {8, 12}, {14}}",False,,,,False,FlipSYTNotFound
70046,"{{1, 3, 4, 8, 10}, {2, 6, 13, 15}, {5, 9, 14}, {7, 11}, {12}}","{{1, 2, 4, 9, 14}, {3, 5, 10, 11}, {6, 7, 13}, {8, 15}, {12}}",False,,,,False,FlipSYTNotFound
70072,"{{1, 2, 4, 7, 15}, {3, 5, 6, 14}, {8, 11, 12}, {9, 13}, {10}}","{{1, 2, 3, 5, 6}, {4, 7, 11, 13}, {8, 10, 15}, {9, 14}, {12}}",False,,,,False,FlipSYTNotFound
70097,"{{1, 2, 6, 7, 15}, {3, 5, 9, 10}, {4, 11, 12}, {8, 14}, {13}}","{{1, 2, 3, 8, 12}, {4, 5, 11, 15}, {6, 7, 13}, {9, 10}, {14}}",False,,,,False,FlipSYTNotFound
70157,"{{1, 3, 5, 7, 10}, {2, 6, 13, 15}, {4, 9, 14}, {8, 11}, {12}}","{{1, 2, 4, 8, 14}, {3, 5, 10, 12}, {6, 7, 13}, {9, 15}, {11}}",False,,,,False,FlipSYTNotFound
70330,"{{1, 3, 9, 10, 13}, {2, 5, 11, 15}, {4, 7, 12}, {6, 8}, {14}}","{{1, 2, 7, 8, 10}, {3, 4, 9, 12}, {5, 11, 14}, {6, 15}, {13}}",False,,,,False,FlipSYTNotFound
70340,"{{1, 3, 9, 10, 13}, {2, 5, 11, 15}, {4, 6, 12}, {7, 8}, {14}}","{{1, 2, 7, 8, 9}, {3, 4, 10, 12}, {5, 11, 14}, {6, 15}, {13}}",False,,,,False,FlipSYTNotFound
70357,"{{1, 3, 8, 11, 13}, {2, 4, 9, 15}, {5, 6, 12}, {7, 10}, {14}}","{{1, 2, 6, 9, 11}, {3, 4, 7, 10}, {5, 12, 14}, {8, 15}, {13}}",False,,,,False,FlipSYTNotFound
70359,"{{1, 3, 8, 10, 13}, {2, 4, 11, 15}, {5, 6, 12}, {7, 9}, {14}}","{{1, 2, 7, 9, 11}, {3, 4, 8, 10}, {5, 12, 14}, {6, 15}, {13}}",False,,,,False,FlipSYTNotFound
70371,"{{1, 4, 9, 10, 13}, {2, 6, 11, 15}, {3, 7, 12}, {5, 8}, {14}}","{{1, 2, 7, 8, 11}, {3, 4, 9, 13}, {5, 10, 14}, {6, 15}, {12}}",False,,,,False,FlipSYTNotFound
70376,"{{1, 3, 8, 10, 13}, {2, 5, 11, 15}, {4, 7, 12}, {6, 9}, {14}}","{{1, 2, 7, 9, 10}, {3, 4, 8, 12}, {5, 11, 14}, {6, 15}, {13}}",False,,,,False,FlipSYTNotFound
70410,"{{1, 2, 6, 11, 13}, {3, 5, 7, 15}, {4, 9, 12}, {8, 10}, {14}}","{{1, 2, 6, 8, 12}, {3, 4, 7, 11}, {5, 13, 15}, {9, 14}, {10}}",False,,,,False,FlipSYTNotFound
70432,"{{1, 2, 4, 10, 15}, {3, 5, 9, 14}, {6, 7, 12}, {8, 13}, {11}}","{{1, 2, 3, 5, 10}, {4, 7, 8, 13}, {6, 9, 15}, {11, 14}, {12}}",False,,,,False,FlipSYTNotFound
70524,"{{1, 2, 3, 5, 15}, {4, 7, 8, 10}, {6, 11, 12}, {9, 14}, {13}}","{{1, 2, 3, 7, 10}, {4, 5, 9, 15}, {6, 8, 14}, {11, 12}, {13}}",False,,,,False,FlipSYTNotFound
70702,"{{1, 3, 7, 10, 13}, {2, 4, 11, 15}, {5, 6, 12}, {8, 9}, {14}}","{{1, 2, 7, 8, 11}, {3, 4, 9, 10}, {5, 12, 14}, {6, 15}, {13}}",False,,,,False,FlipSYTNotFound
70734,"{{1, 3, 5, 10, 13}, {2, 6, 11, 15}, {4, 8, 12}, {7, 9}, {14}}","{{1, 2, 7, 9, 14}, {3, 4, 8, 12}, {5, 10, 13}, {6, 15}, {11}}",False,,,,False,FlipSYTNotFound
70757,"{{1, 3, 8, 9, 13}, {2, 4, 11, 15}, {5, 6, 12}, {7, 10}, {14}}","{{1, 2, 6, 9, 11}, {3, 4, 8, 10}, {5, 12, 14}, {7, 15}, {13}}",False,,,,False,FlipSYTNotFound
70801,"{{1, 3, 8, 9, 13}, {2, 5, 11, 15}, {4, 7, 12}, {6, 10}, {14}}","{{1, 2, 6, 9, 10}, {3, 4, 8, 12}, {5, 11, 14}, {7, 15}, {13}}",False,,,,False,FlipSYTNotFound
70842,"{{1, 2, 4, 10, 15}, {3, 5, 6, 14}, {7, 8, 12}, {9, 13}, {11}}","{{1, 2, 3, 5, 9}, {4, 7, 11, 13}, {6, 8, 15}, {10, 14}, {12}}",False,,,,False,FlipSYTNotFound
70857,"{{1, 3, 5, 9, 13}, {2, 4, 11, 15}, {6, 8, 12}, {7, 10}, {14}}","{{1, 2, 6, 9, 14}, {3, 4, 8, 10}, {5, 11, 12}, {7, 15}, {13}}",False,,,,False,FlipSYTNotFound
71004,"{{1, 3, 7, 9, 13}, {2, 4, 11, 15}, {5, 6, 12}, {8, 10}, {14}}","{{1, 2, 6, 8, 11}, {3, 4, 9, 10}, {5, 12, 14}, {7, 15}, {13}}",False,,,,False,FlipSYTNotFound
71082,"{{1, 3, 4, 8, 13}, {2, 7, 11, 15}, {5, 9, 12}, {6, 10}, {14}}","{{1, 2, 6, 10, 14}, {3, 4, 7, 11}, {5, 9, 13}, {8, 15}, {12}}",False,,,,False,FlipSYTNotFound
71089,"{{1, 3, 5, 8, 13}, {2, 6, 11, 15}, {4, 9, 12}, {7, 10}, {14}}","{{1, 2, 6, 9, 14}, {3, 4, 7, 12}, {5, 10, 13}, {8, 15}, {11}}",False,,,,False,FlipSYTNotFound
71113,"{{1, 3, 5, 8, 13}, {2, 4, 11, 15}, {6, 9, 12}, {7, 10}, {14}}","{{1, 2, 6, 9, 14}, {3, 4, 7, 10}, {5, 11, 12}, {8, 15}, {13}}",False,,,,False,FlipSYTNotFound
71152,"{{1, 3, 4, 6, 13}, {2, 8, 11, 15}, {5, 9, 12}, {7, 10}, {14}}","{{1, 2, 6, 9, 14}, {3, 4, 7, 11}, {5, 12, 13}, {8, 15}, {10}}",False,,,,False,FlipSYTNotFound
71204,"{{1, 3, 4, 7, 13}, {2, 5, 11, 15}, {6, 9, 12}, {8, 10}, {14}}","{{1, 2, 6, 8, 14}, {3, 4, 7, 10}, {5, 11, 13}, {9, 15}, {12}}",False,,,,False,FlipSYTNotFound
71306,"{{1, 2, 3, 5, 9}, {4, 6, 13, 15}, {7, 8, 14}, {10, 11}, {12}}","{{1, 2, 4, 6, 15}, {3, 5, 9, 14}, {7, 8, 12}, {10, 13}, {11}}",False,,,,False,FlipSYTNotFound
71336,"{{1, 2, 3, 4, 15}, {5, 8, 10, 14}, {6, 9, 12}, {7, 13}, {11}}","{{1, 2, 3, 5, 9}, {4, 7, 10, 15}, {6, 8, 14}, {11, 13}, {12}}",False,,,,False,FlipSYTNotFound
71411,"{{1, 3, 4, 8, 13}, {2, 5, 11, 15}, {6, 7, 12}, {9, 10}, {14}}","{{1, 2, 6, 7, 14}, {3, 4, 9, 10}, {5, 11, 13}, {8, 15}, {12}}",False,,,,False,FlipSYTNotFound
71445,"{{1, 3, 7, 8, 13}, {2, 4, 11, 15}, {5, 6, 12}, {9, 10}, {14}}","{{1, 2, 6, 7, 11}, {3, 4, 9, 10}, {5, 12, 14}, {8, 15}, {13}}",False,,,,False,FlipSYTNotFound
71534,"{{1, 3, 7, 10, 13}, {2, 5, 9, 15}, {4, 8, 12}, {6, 11}, {14}}","{{1, 2, 5, 8, 10}, {3, 4, 7, 12}, {6, 11, 14}, {9, 15}, {13}}",False,,,,False,FlipSYTNotFound
71558,"{{1, 3, 8, 10, 13}, {2, 5, 9, 15}, {4, 7, 12}, {6, 11}, {14}}","{{1, 2, 5, 9, 10}, {3, 4, 7, 12}, {6, 11, 14}, {8, 15}, {13}}",False,,,,False,FlipSYTNotFound
71579,"{{1, 3, 8, 10, 13}, {2, 4, 9, 15}, {5, 6, 12}, {7, 11}, {14}}","{{1, 2, 5, 9, 11}, {3, 4, 7, 10}, {6, 12, 14}, {8, 15}, {13}}",False,,,,False,FlipSYTNotFound
71663,"{{1, 6, 8, 11, 12}, {2, 7, 10, 15}, {3, 9, 14}, {4, 13}, {5}}","{{1, 2, 3, 7, 11}, {4, 5, 6, 12}, {8, 9, 13}, {10, 14}, {15}}",False,,,,False,FlipSYTNotFound
71686,"{{1, 4, 7, 11, 12}, {2, 5, 10, 15}, {3, 9, 14}, {6, 13}, {8}}","{{1, 2, 3, 7, 8}, {4, 5, 6, 10}, {9, 11, 13}, {12, 14}, {15}}",False,,,,False,FlipSYTNotFound
71695,"{{1, 3, 6, 10, 13}, {2, 5, 9, 15}, {4, 8, 12}, {7, 11}, {14}}","{{1, 2, 5, 8, 9}, {3, 4, 7, 12}, {6, 11, 14}, {10, 15}, {13}}",False,,,,False,FlipSYTNotFound
71719,"{{1, 3, 5, 10, 13}, {2, 6, 9, 15}, {4, 8, 12}, {7, 11}, {14}}","{{1, 2, 5, 8, 9}, {3, 4, 7, 12}, {6, 13, 14}, {10, 15}, {11}}",False,,,,False,FlipSYTNotFound
71855,"{{1, 3, 6, 10, 13}, {2, 5, 8, 15}, {4, 9, 12}, {7, 11}, {14}}","{{1, 2, 5, 9, 12}, {3, 4, 7, 11}, {6, 13, 14}, {8, 15}, {10}}",False,,,,False,FlipSYTNotFound
71859,"{{1, 5, 8, 11, 12}, {2, 6, 10, 15}, {3, 7, 14}, {4, 13}, {9}}","{{1, 2, 3, 7, 12}, {4, 5, 6, 9}, {8, 10, 13}, {11, 14}, {15}}",False,,,,False,FlipSYTNotFound
71886,"{{1, 2, 5, 10, 13}, {3, 6, 8, 15}, {4, 9, 12}, {7, 11}, {14}}","{{1, 2, 5, 9, 12}, {3, 4, 7, 10}, {6, 13, 15}, {8, 14}, {11}}",False,,,,False,FlipSYTNotFound
71940,"{{1, 2, 5, 10, 13}, {3, 4, 6, 15}, {7, 9, 12}, {8, 11}, {14}}","{{1, 2, 5, 8, 13}, {3, 4, 7, 9}, {6, 12, 15}, {10, 14}, {11}}",False,,,,False,FlipSYTNotFound
72131,"{{1, 2, 3, 5, 15}, {4, 6, 7, 8}, {9, 10, 12}, {11, 14}, {13}}","{{1, 2, 3, 7, 12}, {4, 5, 10, 15}, {6, 9, 14}, {8, 13}, {11}}",False,,,,False,FlipSYTNotFound
72151,"{{1, 4, 8, 9, 13}, {2, 6, 10, 15}, {3, 7, 12}, {5, 11}, {14}}","{{1, 2, 5, 9, 11}, {3, 4, 8, 13}, {6, 10, 14}, {7, 15}, {12}}",False,,,,False,FlipSYTNotFound
72193,"{{1, 3, 8, 9, 13}, {2, 4, 10, 15}, {5, 6, 12}, {7, 11}, {14}}","{{1, 2, 5, 9, 11}, {3, 4, 8, 10}, {6, 12, 14}, {7, 15}, {13}}",False,,,,False,FlipSYTNotFound
72197,"{{1, 3, 8, 9, 13}, {2, 5, 10, 15}, {4, 7, 12}, {6, 11}, {14}}","{{1, 2, 5, 9, 10}, {3, 4, 8, 12}, {6, 11, 14}, {7, 15}, {13}}",False,,,,False,FlipSYTNotFound
72233,"{{1, 3, 5, 7, 15}, {2, 6, 9, 14}, {4, 10, 12}, {8, 13}, {11}}","{{1, 2, 3, 5, 8}, {4, 6, 12, 14}, {7, 10, 13}, {9, 11}, {15}}",False,,,,False,FlipSYTNotFound
72240,"{{1, 2, 3, 4, 15}, {5, 8, 9, 14}, {6, 10, 12}, {7, 13}, {11}}","{{1, 2, 3, 5, 9}, {4, 6, 10, 15}, {7, 8, 14}, {11, 13}, {12}}",False,,,,False,FlipSYTNotFound
72296,"{{1, 3, 5, 9, 13}, {2, 6, 10, 15}, {4, 8, 12}, {7, 11}, {14}}","{{1, 2, 5, 9, 14}, {3, 4, 8, 12}, {6, 10, 13}, {7, 15}, {11}}",False,,,,False,FlipSYTNotFound
72299,"{{1, 3, 7, 9, 13}, {2, 4, 10, 15}, {5, 6, 12}, {8, 11}, {14}}","{{1, 2, 5, 8, 11}, {3, 4, 9, 10}, {6, 12, 14}, {7, 15}, {13}}",False,,,,False,FlipSYTNotFound
72326,"{{1, 3, 5, 9, 13}, {2, 4, 10, 15}, {6, 8, 12}, {7, 11}, {14}}","{{1, 2, 5, 9, 14}, {3, 4, 8, 10}, {6, 11, 12}, {7, 15}, {13}}",False,,,,False,FlipSYTNotFound
72500,"{{1, 4, 8, 11, 12}, {2, 5, 9, 15}, {3, 7, 14}, {6, 13}, {10}}","{{1, 2, 3, 6, 10}, {4, 5, 7, 9}, {8, 11, 13}, {12, 14}, {15}}",False,,,,False,FlipSYTNotFound
72520,"{{1, 4, 7, 11, 12}, {2, 5, 9, 15}, {3, 8, 14}, {6, 13}, {10}}","{{1, 2, 3, 6, 10}, {4, 5, 7, 8}, {9, 11, 13}, {12, 14}, {15}}",False,,,,False,FlipSYTNotFound
72522,"{{1, 5, 8, 11, 12}, {2, 6, 9, 15}, {3, 7, 14}, {4, 13}, {10}}","{{1, 2, 3, 6, 12}, {4, 5, 7, 9}, {8, 10, 13}, {11, 14}, {15}}",False,,,,False,FlipSYTNotFound
72547,"{{1, 3, 5, 8, 13}, {2, 4, 10, 15}, {6, 9, 12}, {7, 11}, {14}}","{{1, 2, 5, 9, 14}, {3, 4, 7, 10}, {6, 11, 12}, {8, 15}, {13}}",False,,,,False,FlipSYTNotFound
72602,"{{1, 3, 4, 6, 13}, {2, 8, 10, 15}, {5, 9, 12}, {7, 11}, {14}}","{{1, 2, 5, 9, 14}, {3, 4, 7, 11}, {6, 12, 13}, {8, 15}, {10}}",False,,,,False,FlipSYTNotFound
72643,"{{1, 3, 4, 7, 13}, {2, 5, 10, 15}, {6, 9, 12}, {8, 11}, {14}}","{{1, 2, 5, 8, 14}, {3, 4, 7, 10}, {6, 11, 13}, {9, 15}, {12}}",False,,,,False,FlipSYTNotFound
72703,"{{1, 2, 4, 7, 15}, {3, 5, 6, 14}, {8, 10, 12}, {9, 13}, {11}}","{{1, 2, 3, 5, 7}, {4, 6, 11, 13}, {8, 10, 15}, {9, 14}, {12}}",False,,,,False,FlipSYTNotFound
72787,"{{1, 3, 7, 8, 13}, {2, 4, 10, 15}, {5, 6, 12}, {9, 11}, {14}}","{{1, 2, 5, 7, 11}, {3, 4, 9, 10}, {6, 12, 14}, {8, 15}, {13}}",False,,,,False,FlipSYTNotFound
72896,"{{1, 2, 4, 9, 15}, {3, 5, 6, 14}, {7, 8, 12}, {10, 13}, {11}}","{{1, 2, 3, 5, 9}, {4, 6, 11, 13}, {7, 8, 15}, {10, 14}, {12}}",False,,,,False,FlipSYTNotFound
73005,"{{1, 4, 9, 10, 12}, {2, 5, 11, 15}, {3, 8, 14}, {6, 13}, {7}}","{{1, 2, 3, 8, 9}, {4, 5, 7, 10}, {6, 11, 13}, {12, 14}, {15}}",False,,,,False,FlipSYTNotFound
73048,"{{1, 6, 9, 10, 12}, {2, 7, 11, 15}, {3, 8, 14}, {4, 13}, {5}}","{{1, 2, 3, 8, 11}, {4, 5, 7, 12}, {6, 9, 13}, {10, 14}, {15}}",False,,,,False,FlipSYTNotFound
73050,"{{1, 2, 4, 7, 15}, {3, 5, 6, 11}, {8, 9, 10}, {12, 14}, {13}}","{{1, 2, 3, 7, 8}, {4, 6, 11, 13}, {5, 10, 15}, {9, 14}, {12}}",False,,,,False,FlipSYTNotFound
73164,"{{1, 2, 4, 7, 15}, {3, 5, 8, 14}, {6, 9, 12}, {10, 13}, {11}}","{{1, 2, 3, 5, 10}, {4, 6, 13, 15}, {7, 11, 14}, {8, 12}, {9}}",False,,,,False,FlipSYTNotFound
73279,"{{1, 2, 4, 7, 15}, {3, 5, 6, 14}, {8, 9, 12}, {10, 13}, {11}}","{{1, 2, 3, 5, 8}, {4, 6, 11, 13}, {7, 10, 15}, {9, 14}, {12}}",False,,,,False,FlipSYTNotFound
73341,"{{1, 5, 8, 10, 12}, {2, 6, 11, 15}, {3, 7, 14}, {4, 13}, {9}}","{{1, 2, 3, 7, 12}, {4, 5, 8, 9}, {6, 10, 13}, {11, 14}, {15}}",False,,,,False,FlipSYTNotFound
73382,"{{1, 2, 4, 5, 15}, {3, 7, 9, 10}, {6, 8, 11}, {12, 14}, {13}}","{{1, 2, 3, 8, 10}, {4, 7, 13, 15}, {5, 9, 14}, {6, 12}, {11}}",False,,,,False,FlipSYTNotFound
73385,"{{1, 2, 6, 8, 13}, {3, 5, 7, 15}, {4, 10, 12}, {9, 11}, {14}}","{{1, 2, 5, 7, 12}, {3, 4, 9, 11}, {6, 13, 15}, {8, 14}, {10}}",False,,,,False,FlipSYTNotFound
73533,"{{1, 3, 5, 10, 12}, {2, 6, 11, 15}, {4, 8, 14}, {7, 13}, {9}}","{{1, 2, 3, 7, 14}, {4, 5, 8, 9}, {6, 10, 12}, {11, 13}, {15}}",False,,,,False,FlipSYTNotFound
73590,"{{1, 3, 5, 10, 12}, {2, 4, 11, 15}, {6, 7, 14}, {8, 13}, {9}}","{{1, 2, 3, 7, 14}, {4, 5, 8, 10}, {6, 9, 12}, {11, 15}, {13}}",False,,,,False,FlipSYTNotFound
73643,"{{1, 6, 8, 9, 12}, {2, 7, 11, 15}, {3, 10, 14}, {4, 13}, {5}}","{{1, 2, 3, 9, 11}, {4, 5, 6, 12}, {7, 8, 13}, {10, 14}, {15}}",False,,,,False,FlipSYTNotFound
73720,"{{1, 3, 4, 9, 13}, {2, 5, 8, 15}, {6, 7, 12}, {10, 11}, {14}}","{{1, 2, 5, 6, 10}, {3, 4, 8, 9}, {7, 13, 14}, {11, 15}, {12}}",False,,,,False,FlipSYTNotFound
73907,"{{1, 3, 4, 8, 13}, {2, 5, 9, 15}, {6, 7, 12}, {10, 11}, {14}}","{{1, 2, 5, 6, 14}, {3, 4, 9, 10}, {7, 11, 13}, {8, 15}, {12}}",False,,,,False,FlipSYTNotFound
73924,"{{1, 3, 6, 8, 12}, {2, 9, 11, 15}, {4, 10, 14}, {5, 13}, {7}}","{{1, 2, 3, 9, 14}, {4, 5, 6, 11}, {7, 10, 12}, {8, 13}, {15}}",False,,,,False,FlipSYTNotFound
73996,"{{1, 5, 6, 8, 12}, {2, 7, 11, 15}, {3, 10, 14}, {4, 13}, {9}}","{{1, 2, 3, 7, 12}, {4, 5, 6, 11}, {8, 9, 13}, {10, 14}, {15}}",False,,,,False,FlipSYTNotFound
74010,"{{1, 3, 5, 8, 12}, {2, 7, 11, 15}, {4, 10, 14}, {6, 13}, {9}}","{{1, 2, 3, 7, 14}, {4, 5, 6, 10}, {8, 9, 12}, {11, 13}, {15}}",False,,,,False,FlipSYTNotFound
74032,"{{1, 2, 6, 8, 13}, {3, 5, 7, 15}, {4, 9, 12}, {10, 11}, {14}}","{{1, 2, 5, 6, 12}, {3, 4, 9, 11}, {7, 13, 15}, {8, 14}, {10}}",False,,,,False,FlipSYTNotFound
74039,"{{1, 3, 4, 6, 13}, {2, 7, 9, 15}, {5, 8, 12}, {10, 11}, {14}}","{{1, 2, 5, 6, 14}, {3, 4, 8, 11}, {7, 12, 13}, {9, 15}, {10}}",False,,,,False,FlipSYTNotFound
74168,"{{1, 3, 9, 12, 15}, {2, 5, 10, 13}, {4, 7, 11}, {6, 8}, {14}}","{{1, 2, 5, 8, 10}, {3, 6, 9, 12}, {4, 11, 14}, {7, 15}, {13}}",False,,,,False,FlipSYTNotFound
74169,"{{1, 2, 4, 7, 13}, {3, 5, 8, 15}, {6, 9, 12}, {10, 11}, {14}}","{{1, 2, 5, 6, 15}, {3, 4, 10, 13}, {7, 11, 14}, {8, 12}, {9}}",False,,,,False,FlipSYTNotFound
74188,"{{1, 3, 9, 12, 15}, {2, 5, 10, 13}, {4, 6, 11}, {7, 8}, {14}}","{{1, 2, 5, 8, 9}, {3, 6, 10, 12}, {4, 11, 14}, {7, 15}, {13}}",False,,,,False,FlipSYTNotFound
74242,"{{1, 3, 8, 12, 15}, {2, 5, 10, 13}, {4, 6, 11}, {7, 9}, {14}}","{{1, 2, 5, 7, 9}, {3, 6, 10, 12}, {4, 11, 14}, {8, 15}, {13}}",False,,,,False,FlipSYTNotFound
74249,"{{1, 2, 3, 7, 12}, {4, 5, 11, 15}, {6, 10, 14}, {8, 13}, {9}}","{{1, 2, 3, 7, 15}, {4, 5, 6, 8}, {9, 10, 12}, {11, 14}, {13}}",False,,,,False,FlipSYTNotFound
74255,"{{1, 3, 8, 12, 15}, {2, 5, 10, 13}, {4, 7, 11}, {6, 9}, {14}}","{{1, 2, 5, 7, 10}, {3, 6, 9, 12}, {4, 11, 14}, {8, 15}, {13}}",False,,,,False,FlipSYTNotFound
74263,"{{1, 3, 7, 12, 15}, {2, 5, 10, 13}, {4, 8, 11}, {6, 9}, {14}}","{{1, 2, 5, 7, 10}, {3, 6, 8, 12}, {4, 11, 14}, {9, 15}, {13}}",False,,,,False,FlipSYTNotFound
74294,"{{1, 4, 7, 9, 12}, {2, 6, 11, 15}, {3, 8, 14}, {5, 13}, {10}}","{{1, 2, 3, 6, 11}, {4, 5, 8, 10}, {7, 9, 13}, {12, 14}, {15}}",False,,,,False,FlipSYTNotFound
74331,"{{1, 3, 5, 9, 12}, {2, 7, 11, 15}, {4, 8, 14}, {6, 13}, {10}}","{{1, 2, 3, 6, 14}, {4, 5, 8, 10}, {7, 9, 12}, {11, 13}, {15}}",False,,,,False,FlipSYTNotFound
74353,"{{1, 3, 6, 12, 15}, {2, 5, 10, 13}, {4, 8, 11}, {7, 9}, {14}}","{{1, 2, 5, 7, 9}, {3, 6, 8, 12}, {4, 11, 14}, {10, 15}, {13}}",False,,,,False,FlipSYTNotFound
74416,"{{1, 3, 5, 9, 12}, {2, 6, 11, 15}, {4, 8, 14}, {7, 13}, {10}}","{{1, 2, 3, 6, 14}, {4, 5, 8, 9}, {7, 10, 12}, {11, 13}, {15}}",False,,,,False,FlipSYTNotFound
74475,"{{1, 3, 7, 12, 15}, {2, 5, 10, 13}, {4, 6, 11}, {8, 9}, {14}}","{{1, 2, 5, 7, 8}, {3, 6, 10, 12}, {4, 11, 14}, {9, 15}, {13}}",False,,,,False,FlipSYTNotFound
74485,"{{1, 3, 6, 12, 15}, {2, 5, 10, 13}, {4, 7, 11}, {8, 9}, {14}}","{{1, 2, 5, 7, 8}, {3, 6, 9, 12}, {4, 11, 14}, {10, 15}, {13}}",False,,,,False,FlipSYTNotFound
74511,"{{1, 2, 4, 10, 15}, {3, 5, 9, 14}, {6, 7, 11}, {8, 13}, {12}}","{{1, 2, 3, 4, 10}, {5, 7, 8, 13}, {6, 9, 15}, {11, 14}, {12}}",False,,,,False,FlipSYTNotFound
74545,"{{1, 3, 8, 12, 15}, {2, 5, 9, 13}, {4, 7, 11}, {6, 10}, {14}}","{{1, 2, 5, 6, 10}, {3, 7, 9, 12}, {4, 11, 14}, {8, 15}, {13}}",False,,,,False,FlipSYTNotFound
74557,"{{1, 3, 7, 11, 13}, {2, 6, 8, 15}, {4, 9, 10}, {5, 12}, {14}}","{{1, 2, 6, 7, 11}, {3, 4, 10, 12}, {5, 13, 14}, {8, 15}, {9}}",False,,,,False,FlipSYTNotFound
74558,"{{1, 3, 8, 12, 15}, {2, 5, 9, 13}, {4, 6, 11}, {7, 10}, {14}}","{{1, 2, 5, 6, 9}, {3, 7, 10, 12}, {4, 11, 14}, {8, 15}, {13}}",False,,,,False,FlipSYTNotFound
74561,"{{1, 2, 4, 11, 13}, {3, 6, 9, 15}, {5, 7, 10}, {8, 12}, {14}}","{{1, 2, 6, 8, 11}, {3, 4, 9, 13}, {5, 10, 15}, {7, 14}, {12}}",False,,,,False,FlipSYTNotFound
74562,"{{1, 3, 7, 12, 15}, {2, 5, 9, 13}, {4, 8, 11}, {6, 10}, {14}}","{{1, 2, 5, 6, 10}, {3, 7, 8, 12}, {4, 11, 14}, {9, 15}, {13}}",False,,,,False,FlipSYTNotFound
74584,"{{1, 3, 5, 8, 12}, {2, 7, 11, 15}, {4, 9, 14}, {6, 13}, {10}}","{{1, 2, 3, 6, 14}, {4, 5, 7, 10}, {8, 9, 12}, {11, 13}, {15}}",False,,,,False,FlipSYTNotFound
74630,"{{1, 2, 6, 11, 13}, {3, 5, 8, 15}, {4, 9, 10}, {7, 12}, {14}}","{{1, 2, 6, 7, 9}, {3, 4, 11, 12}, {5, 13, 15}, {8, 14}, {10}}",False,,,,False,FlipSYTNotFound
74687,"{{1, 3, 6, 12, 15}, {2, 5, 9, 13}, {4, 8, 11}, {7, 10}, {14}}","{{1, 2, 5, 6, 9}, {3, 7, 8, 12}, {4, 11, 14}, {10, 15}, {13}}",False,,,,False,FlipSYTNotFound
74737,"{{1, 3, 7, 12, 15}, {2, 5, 9, 13}, {4, 6, 11}, {8, 10}, {14}}","{{1, 2, 5, 6, 8}, {3, 7, 10, 12}, {4, 11, 14}, {9, 15}, {13}}",False,,,,False,FlipSYTNotFound
74751,"{{1, 3, 6, 12, 15}, {2, 5, 9, 13}, {4, 7, 11}, {8, 10}, {14}}","{{1, 2, 5, 6, 8}, {3, 7, 9, 12}, {4, 11, 14}, {10, 15}, {13}}",False,,,,False,FlipSYTNotFound
74856,"{{1, 3, 7, 12, 15}, {2, 6, 8, 13}, {4, 9, 11}, {5, 10}, {14}}","{{1, 2, 5, 6, 11}, {3, 7, 10, 12}, {4, 13, 14}, {8, 15}, {9}}",False,,,,False,FlipSYTNotFound
74953,"{{1, 2, 4, 10, 15}, {3, 5, 6, 14}, {7, 8, 11}, {9, 13}, {12}}","{{1, 2, 3, 4, 9}, {5, 7, 11, 13}, {6, 8, 15}, {10, 14}, {12}}",False,,,,False,FlipSYTNotFound
74961,"{{1, 2, 5, 11, 13}, {3, 4, 7, 15}, {6, 8, 9}, {10, 12}, {14}}","{{1, 2, 6, 8, 10}, {3, 4, 7, 13}, {5, 12, 15}, {9, 14}, {11}}",False,,,,False,FlipSYTNotFound
75071,"{{1, 3, 7, 12, 15}, {2, 5, 8, 13}, {4, 6, 11}, {9, 10}, {14}}","{{1, 2, 5, 6, 7}, {3, 8, 10, 12}, {4, 11, 14}, {9, 15}, {13}}",False,,,,False,FlipSYTNotFound
75077,"{{1, 4, 6, 12, 15}, {2, 5, 8, 13}, {3, 7, 11}, {9, 10}, {14}}","{{1, 2, 5, 6, 7}, {3, 8, 9, 13}, {4, 11, 14}, {10, 15}, {12}}",False,,,,False,FlipSYTNotFound
75081,"{{1, 4, 8, 10, 12}, {2, 6, 9, 15}, {3, 11, 14}, {5, 13}, {7}}","{{1, 2, 3, 9, 11}, {4, 5, 7, 10}, {6, 12, 13}, {8, 14}, {15}}",False,,,,False,FlipSYTNotFound
75097,"{{1, 2, 5, 12, 15}, {3, 6, 8, 13}, {4, 7, 11}, {9, 10}, {14}}","{{1, 2, 5, 6, 7}, {3, 8, 9, 12}, {4, 13, 15}, {10, 14}, {11}}",False,,,,False,FlipSYTNotFound
75244,"{{1, 4, 7, 10, 12}, {2, 6, 8, 15}, {3, 11, 14}, {5, 13}, {9}}","{{1, 2, 3, 7, 11}, {4, 5, 8, 10}, {6, 12, 13}, {9, 14}, {15}}",False,,,,False,FlipSYTNotFound
75433,"{{1, 3, 6, 10, 13}, {2, 5, 7, 15}, {4, 9, 11}, {8, 12}, {14}}","{{1, 2, 7, 8, 12}, {3, 4, 9, 11}, {5, 13, 14}, {6, 15}, {10}}",False,,,,False,FlipSYTNotFound
75469,"{{1, 4, 8, 9, 12}, {2, 6, 10, 15}, {3, 11, 14}, {5, 13}, {7}}","{{1, 2, 3, 9, 11}, {4, 5, 8, 10}, {6, 12, 13}, {7, 14}, {15}}",False,,,,False,FlipSYTNotFound
75505,"{{1, 3, 5, 10, 12}, {2, 4, 7, 15}, {6, 11, 14}, {8, 13}, {9}}","{{1, 2, 3, 7, 14}, {4, 5, 8, 10}, {6, 9, 15}, {11, 12}, {13}}",False,,,,False,FlipSYTNotFound
75697,"{{1, 2, 4, 10, 13}, {3, 6, 8, 15}, {5, 7, 11}, {9, 12}, {14}}","{{1, 2, 7, 9, 11}, {3, 4, 8, 13}, {5, 10, 15}, {6, 14}, {12}}",False,,,,False,FlipSYTNotFound
75764,"{{1, 3, 6, 8, 12}, {2, 9, 10, 15}, {4, 11, 14}, {5, 13}, {7}}","{{1, 2, 3, 9, 14}, {4, 5, 7, 11}, {6, 10, 12}, {8, 13}, {15}}",False,,,,False,FlipSYTNotFound
75795,"{{1, 5, 6, 8, 12}, {2, 9, 10, 15}, {3, 11, 14}, {4, 13}, {7}}","{{1, 2, 3, 9, 12}, {4, 5, 7, 11}, {6, 10, 13}, {8, 14}, {15}}",False,,,,False,FlipSYTNotFound
75798,"{{1, 3, 5, 9, 13}, {2, 6, 10, 15}, {4, 8, 11}, {7, 12}, {14}}","{{1, 2, 8, 9, 14}, {3, 4, 10, 12}, {5, 11, 13}, {6, 15}, {7}}",False,,,,False,FlipSYTNotFound
75874,"{{1, 5, 6, 8, 12}, {2, 7, 10, 15}, {3, 11, 14}, {4, 13}, {9}}","{{1, 2, 3, 7, 12}, {4, 5, 9, 11}, {6, 10, 13}, {8, 14}, {15}}",False,,,,False,FlipSYTNotFound
75960,"{{1, 2, 5, 12, 15}, {3, 4, 8, 13}, {6, 7, 9}, {10, 11}, {14}}","{{1, 2, 5, 6, 10}, {3, 7, 9, 13}, {4, 12, 15}, {8, 14}, {11}}",False,,,,False,FlipSYTNotFound
75981,"{{1, 4, 5, 9, 13}, {2, 6, 10, 15}, {3, 7, 11}, {8, 12}, {14}}","{{1, 2, 8, 12, 13}, {3, 4, 9, 14}, {5, 10, 15}, {6, 11}, {7}}",False,,,,False,FlipSYTNotFound
76082,"{{1, 3, 9, 11, 15}, {2, 5, 10, 13}, {4, 7, 12}, {6, 8}, {14}}","{{1, 2, 4, 8, 10}, {3, 6, 9, 12}, {5, 11, 14}, {7, 15}, {13}}",False,,,,False,FlipSYTNotFound
76113,"{{1, 3, 9, 11, 15}, {2, 5, 10, 13}, {4, 6, 12}, {7, 8}, {14}}","{{1, 2, 4, 8, 9}, {3, 6, 10, 12}, {5, 11, 14}, {7, 15}, {13}}",False,,,,False,FlipSYTNotFound
76223,"{{1, 3, 8, 11, 15}, {2, 5, 10, 13}, {4, 7, 12}, {6, 9}, {14}}","{{1, 2, 4, 7, 10}, {3, 6, 9, 12}, {5, 11, 14}, {8, 15}, {13}}",False,,,,False,FlipSYTNotFound
76233,"{{1, 3, 8, 11, 15}, {2, 5, 10, 13}, {4, 6, 12}, {7, 9}, {14}}","{{1, 2, 4, 7, 9}, {3, 6, 10, 12}, {5, 11, 14}, {8, 15}, {13}}",False,,,,False,FlipSYTNotFound
76280,"{{1, 3, 7, 11, 15}, {2, 5, 10, 13}, {4, 8, 12}, {6, 9}, {14}}","{{1, 2, 4, 7, 10}, {3, 6, 8, 12}, {5, 11, 14}, {9, 15}, {13}}",False,,,,False,FlipSYTNotFound
76304,"{{1, 2, 3, 4, 15}, {5, 8, 9, 14}, {6, 10, 11}, {7, 13}, {12}}","{{1, 2, 3, 4, 9}, {5, 6, 10, 15}, {7, 8, 14}, {11, 13}, {12}}",False,,,,False,FlipSYTNotFound
76316,"{{1, 3, 4, 6, 13}, {2, 7, 10, 15}, {5, 9, 11}, {8, 12}, {14}}","{{1, 2, 7, 8, 14}, {3, 4, 9, 11}, {5, 12, 13}, {6, 15}, {10}}",False,,,,False,FlipSYTNotFound
76331,"{{1, 3, 6, 11, 15}, {2, 5, 10, 13}, {4, 8, 12}, {7, 9}, {14}}","{{1, 2, 4, 7, 9}, {3, 6, 8, 12}, {5, 11, 14}, {10, 15}, {13}}",False,,,,False,FlipSYTNotFound
76341,"{{1, 3, 5, 7, 15}, {2, 6, 9, 14}, {4, 10, 11}, {8, 13}, {12}}","{{1, 2, 3, 4, 8}, {5, 6, 12, 14}, {7, 10, 13}, {9, 11}, {15}}",False,,,,False,FlipSYTNotFound
76352,"{{1, 3, 5, 11, 15}, {2, 6, 10, 13}, {4, 8, 12}, {7, 9}, {14}}","{{1, 2, 4, 7, 9}, {3, 6, 8, 12}, {5, 13, 14}, {10, 15}, {11}}",False,,,,False,FlipSYTNotFound
76372,"{{1, 3, 7, 11, 15}, {2, 5, 10, 13}, {4, 6, 12}, {8, 9}, {14}}","{{1, 2, 4, 7, 8}, {3, 6, 10, 12}, {5, 11, 14}, {9, 15}, {13}}",False,,,,False,FlipSYTNotFound
76398,"{{1, 3, 6, 11, 15}, {2, 5, 10, 13}, {4, 7, 12}, {8, 9}, {14}}","{{1, 2, 4, 7, 8}, {3, 6, 9, 12}, {5, 11, 14}, {10, 15}, {13}}",False,,,,False,FlipSYTNotFound
76443,"{{1, 5, 6, 8, 12}, {2, 7, 9, 15}, {3, 11, 14}, {4, 13}, {10}}","{{1, 2, 3, 6, 12}, {4, 5, 9, 11}, {7, 10, 13}, {8, 14}, {15}}",False,,,,False,FlipSYTNotFound
76470,"{{1, 3, 8, 11, 15}, {2, 5, 9, 13}, {4, 7, 12}, {6, 10}, {14}}","{{1, 2, 4, 6, 10}, {3, 7, 9, 12}, {5, 11, 14}, {8, 15}, {13}}",False,,,,False,FlipSYTNotFound
76485,"{{1, 3, 8, 11, 15}, {2, 5, 9, 13}, {4, 6, 12}, {7, 10}, {14}}","{{1, 2, 4, 6, 9}, {3, 7, 10, 12}, {5, 11, 14}, {8, 15}, {13}}",False,,,,False,FlipSYTNotFound
76512,"{{1, 3, 7, 11, 15}, {2, 5, 9, 13}, {4, 8, 12}, {6, 10}, {14}}","{{1, 2, 4, 6, 10}, {3, 7, 8, 12}, {5, 11, 14}, {9, 15}, {13}}",False,,,,False,FlipSYTNotFound
76573,"{{1, 3, 5, 7, 15}, {2, 6, 8, 14}, {4, 10, 11}, {9, 13}, {12}}","{{1, 2, 3, 4, 7}, {5, 6, 12, 14}, {8, 10, 13}, {9, 11}, {15}}",False,,,,False,FlipSYTNotFound
76640,"{{1, 3, 5, 11, 15}, {2, 6, 9, 13}, {4, 8, 12}, {7, 10}, {14}}","{{1, 2, 4, 6, 9}, {3, 7, 8, 12}, {5, 13, 14}, {10, 15}, {11}}",False,,,,False,FlipSYTNotFound
76650,"{{1, 3, 6, 11, 15}, {2, 5, 9, 13}, {4, 8, 12}, {7, 10}, {14}}","{{1, 2, 4, 6, 9}, {3, 7, 8, 12}, {5, 11, 14}, {10, 15}, {13}}",False,,,,False,FlipSYTNotFound
76669,"{{1, 3, 6, 9, 13}, {2, 5, 8, 15}, {4, 10, 11}, {7, 12}, {14}}","{{1, 2, 6, 9, 12}, {3, 4, 8, 11}, {5, 13, 14}, {7, 15}, {10}}",False,,,,False,FlipSYTNotFound
76703,"{{1, 2, 4, 7, 15}, {3, 5, 6, 14}, {8, 10, 11}, {9, 13}, {12}}","{{1, 2, 3, 4, 7}, {5, 6, 11, 13}, {8, 10, 15}, {9, 14}, {12}}",False,,,,False,FlipSYTNotFound
76725,"{{1, 3, 7, 11, 15}, {2, 5, 9, 13}, {4, 6, 12}, {8, 10}, {14}}","{{1, 2, 4, 6, 8}, {3, 7, 10, 12}, {5, 11, 14}, {9, 15}, {13}}",False,,,,False,FlipSYTNotFound
76730,"{{1, 4, 6, 11, 15}, {2, 5, 9, 13}, {3, 7, 12}, {8, 10}, {14}}","{{1, 2, 4, 6, 8}, {3, 7, 9, 13}, {5, 11, 14}, {10, 15}, {12}}",False,,,,False,FlipSYTNotFound
76731,"{{1, 3, 6, 9, 13}, {2, 5, 7, 15}, {4, 10, 11}, {8, 12}, {14}}","{{1, 2, 6, 8, 12}, {3, 4, 9, 11}, {5, 13, 14}, {7, 15}, {10}}",False,,,,False,FlipSYTNotFound
76757,"{{1, 3, 6, 11, 15}, {2, 5, 9, 13}, {4, 7, 12}, {8, 10}, {14}}","{{1, 2, 4, 6, 8}, {3, 7, 9, 12}, {5, 11, 14}, {10, 15}, {13}}",False,,,,False,FlipSYTNotFound
76819,"{{1, 3, 7, 11, 15}, {2, 6, 8, 13}, {4, 9, 12}, {5, 10}, {14}}","{{1, 2, 4, 6, 11}, {3, 7, 10, 12}, {5, 13, 14}, {8, 15}, {9}}",False,,,,False,FlipSYTNotFound
76929,"{{1, 2, 4, 9, 15}, {3, 5, 8, 14}, {6, 7, 11}, {10, 13}, {12}}","{{1, 2, 3, 4, 10}, {5, 6, 9, 13}, {7, 8, 15}, {11, 14}, {12}}",False,,,,False,FlipSYTNotFound
76971,"{{1, 2, 4, 9, 15}, {3, 5, 6, 14}, {7, 8, 11}, {10, 13}, {12}}","{{1, 2, 3, 4, 9}, {5, 6, 11, 13}, {7, 8, 15}, {10, 14}, {12}}",False,,,,False,FlipSYTNotFound
77001,"{{1, 3, 7, 11, 15}, {2, 5, 8, 13}, {4, 6, 12}, {9, 10}, {14}}","{{1, 2, 4, 6, 7}, {3, 8, 10, 12}, {5, 11, 14}, {9, 15}, {13}}",False,,,,False,FlipSYTNotFound
77057,"{{1, 3, 6, 11, 15}, {2, 5, 8, 13}, {4, 7, 12}, {9, 10}, {14}}","{{1, 2, 4, 6, 7}, {3, 8, 9, 12}, {5, 11, 14}, {10, 15}, {13}}",False,,,,False,FlipSYTNotFound
77071,"{{1, 4, 6, 11, 15}, {2, 5, 8, 13}, {3, 7, 12}, {9, 10}, {14}}","{{1, 2, 4, 6, 7}, {3, 8, 9, 13}, {5, 11, 14}, {10, 15}, {12}}",False,,,,False,FlipSYTNotFound
77086,"{{1, 2, 5, 11, 15}, {3, 6, 8, 13}, {4, 7, 12}, {9, 10}, {14}}","{{1, 2, 4, 6, 7}, {3, 8, 9, 12}, {5, 13, 15}, {10, 14}, {11}}",False,,,,False,FlipSYTNotFound
77198,"{{1, 4, 9, 10, 15}, {2, 5, 11, 13}, {3, 7, 12}, {6, 8}, {14}}","{{1, 2, 4, 8, 10}, {3, 7, 9, 13}, {5, 11, 14}, {6, 15}, {12}}",False,,,,False,FlipSYTNotFound
77211,"{{1, 3, 9, 10, 15}, {2, 5, 11, 13}, {4, 7, 12}, {6, 8}, {14}}","{{1, 2, 4, 8, 10}, {3, 7, 9, 12}, {5, 11, 14}, {6, 15}, {13}}",False,,,,False,FlipSYTNotFound
77212,"{{1, 3, 9, 10, 15}, {2, 5, 11, 13}, {4, 6, 12}, {7, 8}, {14}}","{{1, 2, 4, 8, 9}, {3, 7, 10, 12}, {5, 11, 14}, {6, 15}, {13}}",False,,,,False,FlipSYTNotFound
77244,"{{1, 3, 8, 10, 15}, {2, 5, 11, 13}, {4, 6, 12}, {7, 9}, {14}}","{{1, 2, 4, 7, 9}, {3, 8, 10, 12}, {5, 11, 14}, {6, 15}, {13}}",False,,,,False,FlipSYTNotFound
77259,"{{1, 3, 8, 10, 15}, {2, 5, 11, 13}, {4, 7, 12}, {6, 9}, {14}}","{{1, 2, 4, 7, 10}, {3, 8, 9, 12}, {5, 11, 14}, {6, 15}, {13}}",False,,,,False,FlipSYTNotFound
77393,"{{1, 5, 8, 9, 12}, {2, 6, 10, 15}, {3, 7, 14}, {4, 13}, {11}}","{{1, 2, 3, 5, 12}, {4, 6, 8, 9}, {7, 10, 13}, {11, 14}, {15}}",False,,,,False,FlipSYTNotFound
77447,"{{1, 2, 6, 9, 13}, {3, 4, 8, 15}, {5, 7, 11}, {10, 12}, {14}}","{{1, 2, 6, 9, 11}, {3, 4, 8, 13}, {5, 12, 15}, {7, 14}, {10}}",False,,,,False,FlipSYTNotFound
77477,"{{1, 3, 7, 10, 15}, {2, 5, 11, 13}, {4, 6, 12}, {8, 9}, {14}}","{{1, 2, 4, 7, 8}, {3, 9, 10, 12}, {5, 11, 14}, {6, 15}, {13}}",False,,,,False,FlipSYTNotFound
77566,"{{1, 3, 8, 9, 15}, {2, 5, 11, 13}, {4, 6, 12}, {7, 10}, {14}}","{{1, 2, 4, 6, 9}, {3, 8, 10, 12}, {5, 11, 14}, {7, 15}, {13}}",False,,,,False,FlipSYTNotFound
77595,"{{1, 3, 8, 9, 15}, {2, 5, 11, 13}, {4, 7, 12}, {6, 10}, {14}}","{{1, 2, 4, 6, 10}, {3, 8, 9, 12}, {5, 11, 14}, {7, 15}, {13}}",False,,,,False,FlipSYTNotFound
77705,"{{1, 3, 7, 9, 15}, {2, 5, 11, 13}, {4, 6, 12}, {8, 10}, {14}}","{{1, 2, 4, 6, 8}, {3, 9, 10, 12}, {5, 11, 14}, {7, 15}, {13}}",False,,,,False,FlipSYTNotFound
77725,"{{1, 3, 5, 8, 12}, {2, 7, 10, 15}, {4, 9, 14}, {6, 13}, {11}}","{{1, 2, 3, 5, 14}, {4, 6, 7, 10}, {8, 9, 12}, {11, 13}, {15}}",False,,,,False,FlipSYTNotFound
78026,"{{1, 2, 4, 10, 13}, {3, 6, 8, 15}, {5, 7, 9}, {11, 12}, {14}}","{{1, 2, 5, 9, 11}, {3, 4, 7, 13}, {6, 10, 15}, {8, 14}, {12}}",False,,,,False,FlipSYTNotFound
78157,"{{1, 2, 4, 8, 15}, {3, 5, 6, 14}, {7, 9, 10}, {11, 13}, {12}}","{{1, 2, 3, 4, 9}, {5, 7, 11, 13}, {6, 10, 15}, {8, 14}, {12}}",False,,,,False,FlipSYTNotFound
78172,"{{1, 2, 4, 9, 13}, {3, 6, 8, 15}, {5, 7, 10}, {11, 12}, {14}}","{{1, 2, 5, 9, 11}, {3, 4, 8, 13}, {6, 10, 15}, {7, 14}, {12}}",False,,,,False,FlipSYTNotFound
78189,"{{1, 2, 4, 6, 15}, {3, 7, 11, 13}, {5, 9, 12}, {8, 10}, {14}}","{{1, 2, 4, 6, 8}, {3, 7, 11, 15}, {5, 12, 13}, {9, 14}, {10}}",False,,,,False,FlipSYTNotFound
78235,"{{1, 3, 7, 8, 15}, {2, 5, 11, 13}, {4, 6, 12}, {9, 10}, {14}}","{{1, 2, 4, 6, 7}, {3, 9, 10, 12}, {5, 11, 14}, {8, 15}, {13}}",False,,,,False,FlipSYTNotFound
78301,"{{1, 2, 4, 7, 15}, {3, 5, 6, 14}, {8, 9, 10}, {11, 13}, {12}}","{{1, 2, 3, 4, 8}, {5, 7, 11, 13}, {6, 10, 15}, {9, 14}, {12}}",False,,,,False,FlipSYTNotFound
78347,"{{1, 3, 9, 12, 15}, {2, 5, 10, 14}, {4, 7, 11}, {6, 8}, {13}}","{{1, 2, 3, 8, 10}, {4, 5, 9, 12}, {6, 11, 14}, {7, 15}, {13}}",False,,,,False,FlipSYTNotFound
78365,"{{1, 3, 9, 12, 15}, {2, 5, 10, 14}, {4, 6, 11}, {7, 8}, {13}}","{{1, 2, 3, 8, 9}, {4, 5, 10, 12}, {6, 11, 14}, {7, 15}, {13}}",False,,,,False,FlipSYTNotFound
78421,"{{1, 3, 8, 12, 15}, {2, 5, 10, 14}, {4, 6, 11}, {7, 9}, {13}}","{{1, 2, 3, 7, 9}, {4, 5, 10, 12}, {6, 11, 14}, {8, 15}, {13}}",False,,,,False,FlipSYTNotFound
78425,"{{1, 3, 8, 12, 15}, {2, 5, 10, 14}, {4, 7, 11}, {6, 9}, {13}}","{{1, 2, 3, 7, 10}, {4, 5, 9, 12}, {6, 11, 14}, {8, 15}, {13}}",False,,,,False,FlipSYTNotFound
78427,"{{1, 5, 6, 8, 12}, {2, 7, 9, 15}, {3, 10, 14}, {4, 13}, {11}}","{{1, 2, 3, 5, 12}, {4, 6, 9, 11}, {7, 10, 13}, {8, 14}, {15}}",False,,,,False,FlipSYTNotFound
78500,"{{1, 3, 8, 10, 15}, {2, 5, 9, 13}, {4, 7, 12}, {6, 11}, {14}}","{{1, 2, 4, 5, 10}, {3, 7, 9, 12}, {6, 11, 14}, {8, 15}, {13}}",False,,,,False,FlipSYTNotFound
78503,"{{1, 3, 7, 12, 15}, {2, 5, 10, 14}, {4, 8, 11}, {6, 9}, {13}}","{{1, 2, 3, 7, 10}, {4, 5, 8, 12}, {6, 11, 14}, {9, 15}, {13}}",False,,,,False,FlipSYTNotFound
78521,"{{1, 3, 8, 10, 15}, {2, 5, 9, 13}, {4, 6, 12}, {7, 11}, {14}}","{{1, 2, 4, 5, 9}, {3, 7, 10, 12}, {6, 11, 14}, {8, 15}, {13}}",False,,,,False,FlipSYTNotFound
78542,"{{1, 3, 7, 10, 15}, {2, 5, 9, 13}, {4, 8, 12}, {6, 11}, {14}}","{{1, 2, 4, 5, 10}, {3, 7, 8, 12}, {6, 11, 14}, {9, 15}, {13}}",False,,,,False,FlipSYTNotFound
78558,"{{1, 3, 7, 10, 15}, {2, 6, 9, 13}, {4, 8, 12}, {5, 11}, {14}}","{{1, 2, 4, 5, 11}, {3, 7, 8, 12}, {6, 10, 14}, {9, 15}, {13}}",False,,,,False,FlipSYTNotFound
78569,"{{1, 3, 6, 12, 15}, {2, 5, 10, 14}, {4, 8, 11}, {7, 9}, {13}}","{{1, 2, 3, 7, 9}, {4, 5, 8, 12}, {6, 11, 14}, {10, 15}, {13}}",False,,,,False,FlipSYTNotFound
78610,"{{1, 3, 5, 12, 15}, {2, 6, 10, 14}, {4, 8, 11}, {7, 9}, {13}}","{{1, 2, 3, 7, 9}, {4, 5, 8, 12}, {6, 13, 14}, {10, 15}, {11}}",False,,,,False,FlipSYTNotFound
78617,"{{1, 4, 6, 10, 15}, {2, 5, 9, 13}, {3, 8, 12}, {7, 11}, {14}}","{{1, 2, 4, 5, 9}, {3, 7, 8, 13}, {6, 11, 14}, {10, 15}, {12}}",False,,,,False,FlipSYTNotFound
78625,"{{1, 3, 6, 10, 15}, {2, 5, 9, 13}, {4, 8, 12}, {7, 11}, {14}}","{{1, 2, 4, 5, 9}, {3, 7, 8, 12}, {6, 11, 14}, {10, 15}, {13}}",False,,,,False,FlipSYTNotFound
78657,"{{1, 3, 7, 12, 15}, {2, 5, 10, 14}, {4, 6, 11}, {8, 9}, {13}}","{{1, 2, 3, 7, 8}, {4, 5, 10, 12}, {6, 11, 14}, {9, 15}, {13}}",False,,,,False,FlipSYTNotFound
78674,"{{1, 3, 6, 12, 15}, {2, 5, 10, 14}, {4, 7, 11}, {8, 9}, {13}}","{{1, 2, 3, 7, 8}, {4, 5, 9, 12}, {6, 11, 14}, {10, 15}, {13}}",False,,,,False,FlipSYTNotFound
78705,"{{1, 3, 8, 12, 15}, {2, 5, 9, 14}, {4, 7, 11}, {6, 10}, {13}}","{{1, 2, 3, 6, 10}, {4, 5, 9, 12}, {7, 11, 14}, {8, 15}, {13}}",False,,,,False,FlipSYTNotFound
78712,"{{1, 3, 7, 10, 15}, {2, 5, 9, 13}, {4, 6, 12}, {8, 11}, {14}}","{{1, 2, 4, 5, 8}, {3, 7, 10, 12}, {6, 11, 14}, {9, 15}, {13}}",False,,,,False,FlipSYTNotFound
78726,"{{1, 3, 9, 11, 12}, {2, 5, 10, 15}, {4, 7, 13}, {6, 8}, {14}}","{{1, 2, 6, 8, 10}, {3, 5, 9, 12}, {4, 11, 14}, {7, 15}, {13}}",False,,,,False,FlipSYTNotFound
78729,"{{1, 3, 8, 12, 15}, {2, 5, 9, 14}, {4, 6, 11}, {7, 10}, {13}}","{{1, 2, 3, 6, 9}, {4, 5, 10, 12}, {7, 11, 14}, {8, 15}, {13}}",False,,,,False,FlipSYTNotFound
78732,"{{1, 3, 7, 12, 15}, {2, 5, 9, 14}, {4, 8, 11}, {6, 10}, {13}}","{{1, 2, 3, 6, 10}, {4, 5, 8, 12}, {7, 11, 14}, {9, 15}, {13}}",False,,,,False,FlipSYTNotFound
78755,"{{1, 4, 9, 11, 12}, {2, 6, 10, 15}, {3, 7, 13}, {5, 8}, {14}}","{{1, 2, 6, 8, 11}, {3, 5, 9, 13}, {4, 10, 14}, {7, 15}, {12}}",False,,,,False,FlipSYTNotFound
78759,"{{1, 3, 6, 10, 15}, {2, 5, 9, 13}, {4, 7, 12}, {8, 11}, {14}}","{{1, 2, 4, 5, 8}, {3, 7, 9, 12}, {6, 11, 14}, {10, 15}, {13}}",False,,,,False,FlipSYTNotFound
78762,"{{1, 2, 5, 10, 15}, {3, 6, 9, 13}, {4, 7, 12}, {8, 11}, {14}}","{{1, 2, 4, 5, 8}, {3, 7, 9, 12}, {6, 13, 15}, {10, 14}, {11}}",False,,,,False,FlipSYTNotFound
78775,"{{1, 3, 9, 11, 12}, {2, 5, 10, 15}, {4, 6, 13}, {7, 8}, {14}}","{{1, 2, 6, 8, 9}, {3, 5, 10, 12}, {4, 11, 14}, {7, 15}, {13}}",False,,,,False,FlipSYTNotFound
78822,"{{1, 3, 8, 11, 12}, {2, 5, 10, 15}, {4, 6, 13}, {7, 9}, {14}}","{{1, 2, 6, 7, 9}, {3, 5, 10, 12}, {4, 11, 14}, {8, 15}, {13}}",False,,,,False,FlipSYTNotFound
78828,"{{1, 3, 7, 10, 15}, {2, 6, 8, 13}, {4, 9, 12}, {5, 11}, {14}}","{{1, 2, 4, 5, 11}, {3, 7, 10, 12}, {6, 13, 14}, {8, 15}, {9}}",False,,,,False,FlipSYTNotFound
78829,"{{1, 3, 8, 11, 12}, {2, 5, 10, 15}, {4, 7, 13}, {6, 9}, {14}}","{{1, 2, 6, 7, 10}, {3, 5, 9, 12}, {4, 11, 14}, {8, 15}, {13}}",False,,,,False,FlipSYTNotFound
78851,"{{1, 3, 6, 12, 15}, {2, 5, 9, 14}, {4, 8, 11}, {7, 10}, {13}}","{{1, 2, 3, 6, 9}, {4, 5, 8, 12}, {7, 11, 14}, {10, 15}, {13}}",False,,,,False,FlipSYTNotFound
78855,"{{1, 3, 7, 11, 12}, {2, 5, 10, 15}, {4, 8, 13}, {6, 9}, {14}}","{{1, 2, 6, 7, 10}, {3, 5, 8, 12}, {4, 11, 14}, {9, 15}, {13}}",False,,,,False,FlipSYTNotFound
78936,"{{1, 3, 6, 11, 12}, {2, 5, 10, 15}, {4, 8, 13}, {7, 9}, {14}}","{{1, 2, 6, 7, 9}, {3, 5, 8, 12}, {4, 11, 14}, {10, 15}, {13}}",False,,,,False,FlipSYTNotFound
78954,"{{1, 4, 7, 12, 15}, {2, 5, 9, 14}, {3, 6, 11}, {8, 10}, {13}}","{{1, 2, 3, 6, 8}, {4, 5, 10, 13}, {7, 11, 14}, {9, 15}, {12}}",False,,,,False,FlipSYTNotFound
78964,"{{1, 3, 7, 12, 15}, {2, 5, 9, 14}, {4, 6, 11}, {8, 10}, {13}}","{{1, 2, 3, 6, 8}, {4, 5, 10, 12}, {7, 11, 14}, {9, 15}, {13}}",False,,,,False,FlipSYTNotFound
78973,"{{1, 3, 7, 11, 12}, {2, 5, 10, 15}, {4, 6, 13}, {8, 9}, {14}}","{{1, 2, 6, 7, 8}, {3, 5, 10, 12}, {4, 11, 14}, {9, 15}, {13}}",False,,,,False,FlipSYTNotFound
78984,"{{1, 3, 6, 12, 15}, {2, 5, 9, 14}, {4, 7, 11}, {8, 10}, {13}}","{{1, 2, 3, 6, 8}, {4, 5, 9, 12}, {7, 11, 14}, {10, 15}, {13}}",False,,,,False,FlipSYTNotFound
78985,"{{1, 3, 6, 11, 12}, {2, 5, 10, 15}, {4, 7, 13}, {8, 9}, {14}}","{{1, 2, 6, 7, 8}, {3, 5, 9, 12}, {4, 11, 14}, {10, 15}, {13}}",False,,,,False,FlipSYTNotFound
78998,"{{1, 2, 5, 12, 15}, {3, 6, 9, 14}, {4, 7, 11}, {8, 10}, {13}}","{{1, 2, 3, 6, 8}, {4, 5, 9, 12}, {7, 13, 15}, {10, 14}, {11}}",False,,,,False,FlipSYTNotFound
79039,"{{1, 3, 7, 10, 15}, {2, 5, 8, 13}, {4, 6, 12}, {9, 11}, {14}}","{{1, 2, 4, 5, 7}, {3, 8, 10, 12}, {6, 11, 14}, {9, 15}, {13}}",False,,,,False,FlipSYTNotFound
79051,"{{1, 3, 6, 10, 15}, {2, 5, 8, 13}, {4, 7, 12}, {9, 11}, {14}}","{{1, 2, 4, 5, 7}, {3, 8, 9, 12}, {6, 11, 14}, {10, 15}, {13}}",False,,,,False,FlipSYTNotFound
79052,"{{1, 4, 8, 11, 12}, {2, 6, 9, 15}, {3, 7, 13}, {5, 10}, {14}}","{{1, 2, 6, 9, 11}, {3, 5, 7, 13}, {4, 10, 14}, {8, 15}, {12}}",False,,,,False,FlipSYTNotFound
79062,"{{1, 3, 7, 12, 15}, {2, 6, 8, 14}, {4, 9, 11}, {5, 10}, {13}}","{{1, 2, 3, 6, 11}, {4, 5, 10, 12}, {7, 13, 14}, {8, 15}, {9}}",False,,,,False,FlipSYTNotFound
79067,"{{1, 3, 5, 9, 11}, {2, 7, 10, 15}, {4, 8, 14}, {6, 13}, {12}}","{{1, 2, 3, 4, 14}, {5, 6, 8, 10}, {7, 9, 12}, {11, 13}, {15}}",False,,,,False,FlipSYTNotFound
79089,"{{1, 3, 7, 11, 12}, {2, 5, 9, 15}, {4, 8, 13}, {6, 10}, {14}}","{{1, 2, 6, 8, 10}, {3, 5, 7, 12}, {4, 11, 14}, {9, 15}, {13}}",False,,,,False,FlipSYTNotFound
79092,"{{1, 3, 5, 9, 11}, {2, 6, 10, 15}, {4, 8, 14}, {7, 13}, {12}}","{{1, 2, 3, 4, 14}, {5, 6, 8, 9}, {7, 10, 12}, {11, 13}, {15}}",False,,,,False,FlipSYTNotFound
79107,"{{1, 3, 8, 11, 12}, {2, 5, 9, 15}, {4, 7, 13}, {6, 10}, {14}}","{{1, 2, 6, 9, 10}, {3, 5, 7, 12}, {4, 11, 14}, {8, 15}, {13}}",False,,,,False,FlipSYTNotFound
79130,"{{1, 3, 8, 11, 12}, {2, 4, 9, 15}, {5, 6, 13}, {7, 10}, {14}}","{{1, 2, 6, 9, 11}, {3, 5, 7, 10}, {4, 12, 14}, {8, 15}, {13}}",False,,,,False,FlipSYTNotFound
79175,"{{1, 3, 6, 11, 12}, {2, 5, 9, 15}, {4, 8, 13}, {7, 10}, {14}}","{{1, 2, 6, 8, 9}, {3, 5, 7, 12}, {4, 11, 14}, {10, 15}, {13}}",False,,,,False,FlipSYTNotFound
79270,"{{1, 3, 7, 12, 15}, {2, 5, 8, 14}, {4, 6, 11}, {9, 10}, {13}}","{{1, 2, 3, 6, 7}, {4, 5, 10, 12}, {8, 11, 14}, {9, 15}, {13}}",False,,,,False,FlipSYTNotFound
79286,"{{1, 3, 6, 12, 15}, {2, 5, 8, 14}, {4, 7, 11}, {9, 10}, {13}}","{{1, 2, 3, 6, 7}, {4, 5, 9, 12}, {8, 11, 14}, {10, 15}, {13}}",False,,,,False,FlipSYTNotFound
79290,"{{1, 4, 6, 12, 15}, {2, 5, 8, 14}, {3, 7, 11}, {9, 10}, {13}}","{{1, 2, 3, 6, 7}, {4, 5, 9, 13}, {8, 11, 14}, {10, 15}, {12}}",False,,,,False,FlipSYTNotFound
79315,"{{1, 2, 5, 12, 15}, {3, 6, 8, 14}, {4, 7, 11}, {9, 10}, {13}}","{{1, 2, 3, 6, 7}, {4, 5, 9, 12}, {8, 13, 15}, {10, 14}, {11}}",False,,,,False,FlipSYTNotFound
79325,"{{1, 3, 8, 9, 15}, {2, 5, 10, 13}, {4, 6, 12}, {7, 11}, {14}}","{{1, 2, 4, 5, 9}, {3, 8, 10, 12}, {6, 11, 14}, {7, 15}, {13}}",False,,,,False,FlipSYTNotFound
79331,"{{1, 3, 8, 9, 15}, {2, 5, 10, 13}, {4, 7, 12}, {6, 11}, {14}}","{{1, 2, 4, 5, 10}, {3, 8, 9, 12}, {6, 11, 14}, {7, 15}, {13}}",False,,,,False,FlipSYTNotFound
79393,"{{1, 3, 6, 11, 12}, {2, 5, 8, 15}, {4, 9, 13}, {7, 10}, {14}}","{{1, 2, 6, 9, 12}, {3, 5, 7, 11}, {4, 13, 14}, {8, 15}, {10}}",False,,,,False,FlipSYTNotFound
79520,"{{1, 3, 7, 12, 15}, {2, 6, 9, 14}, {4, 8, 10}, {5, 11}, {13}}","{{1, 2, 3, 8, 11}, {4, 5, 10, 12}, {6, 13, 14}, {7, 15}, {9}}",False,,,,False,FlipSYTNotFound
79615,"{{1, 3, 9, 10, 12}, {2, 5, 11, 15}, {4, 7, 13}, {6, 8}, {14}}","{{1, 2, 7, 8, 10}, {3, 5, 9, 12}, {4, 11, 14}, {6, 15}, {13}}",False,,,,False,FlipSYTNotFound
79656,"{{1, 3, 9, 10, 12}, {2, 5, 11, 15}, {4, 6, 13}, {7, 8}, {14}}","{{1, 2, 7, 8, 9}, {3, 5, 10, 12}, {4, 11, 14}, {6, 15}, {13}}",False,,,,False,FlipSYTNotFound
79691,"{{1, 3, 8, 10, 12}, {2, 5, 11, 15}, {4, 7, 13}, {6, 9}, {14}}","{{1, 2, 7, 9, 10}, {3, 5, 8, 12}, {4, 11, 14}, {6, 15}, {13}}",False,,,,False,FlipSYTNotFound
79716,"{{1, 3, 8, 10, 12}, {2, 4, 11, 15}, {5, 6, 13}, {7, 9}, {14}}","{{1, 2, 7, 9, 11}, {3, 5, 8, 10}, {4, 12, 14}, {6, 15}, {13}}",False,,,,False,FlipSYTNotFound
79748,"{{1, 3, 7, 12, 15}, {2, 6, 8, 14}, {4, 9, 10}, {5, 11}, {13}}","{{1, 2, 3, 7, 11}, {4, 5, 10, 12}, {6, 13, 14}, {8, 15}, {9}}",False,,,,False,FlipSYTNotFound
79899,"{{1, 3, 7, 8, 15}, {2, 5, 10, 13}, {4, 6, 12}, {9, 11}, {14}}","{{1, 2, 4, 5, 7}, {3, 9, 10, 12}, {6, 11, 14}, {8, 15}, {13}}",False,,,,False,FlipSYTNotFound
79922,"{{1, 3, 7, 10, 12}, {2, 4, 11, 15}, {5, 6, 13}, {8, 9}, {14}}","{{1, 2, 7, 8, 11}, {3, 5, 9, 10}, {4, 12, 14}, {6, 15}, {13}}",False,,,,False,FlipSYTNotFound
79999,"{{1, 4, 6, 7, 15}, {2, 5, 10, 13}, {3, 8, 12}, {9, 11}, {14}}","{{1, 2, 4, 5, 7}, {3, 8, 11, 13}, {6, 10, 14}, {9, 15}, {12}}",False,,,,False,FlipSYTNotFound
80000,"{{1, 3, 8, 9, 12}, {2, 4, 11, 15}, {5, 6, 13}, {7, 10}, {14}}","{{1, 2, 6, 9, 11}, {3, 5, 8, 10}, {4, 12, 14}, {7, 15}, {13}}",False,,,,False,FlipSYTNotFound
80007,"{{1, 3, 4, 10, 12}, {2, 5, 11, 15}, {6, 7, 13}, {8, 9}, {14}}","{{1, 2, 7, 8, 14}, {3, 5, 9, 10}, {4, 11, 13}, {6, 15}, {12}}",False,,,,False,FlipSYTNotFound
80029,"{{1, 3, 5, 10, 12}, {2, 6, 11, 15}, {4, 8, 13}, {7, 9}, {14}}","{{1, 2, 7, 9, 14}, {3, 5, 8, 12}, {4, 10, 13}, {6, 15}, {11}}",False,,,,False,FlipSYTNotFound
80062,"{{1, 3, 8, 9, 12}, {2, 5, 11, 15}, {4, 7, 13}, {6, 10}, {14}}","{{1, 2, 6, 9, 10}, {3, 5, 8, 12}, {4, 11, 14}, {7, 15}, {13}}",False,,,,False,FlipSYTNotFound
80079,"{{1, 3, 5, 9, 12}, {2, 6, 11, 15}, {4, 8, 13}, {7, 10}, {14}}","{{1, 2, 6, 9, 14}, {3, 5, 8, 12}, {4, 10, 13}, {7, 15}, {11}}",False,,,,False,FlipSYTNotFound
80094,"{{1, 3, 7, 9, 12}, {2, 4, 11, 15}, {5, 6, 13}, {8, 10}, {14}}","{{1, 2, 6, 8, 11}, {3, 5, 9, 10}, {4, 12, 14}, {7, 15}, {13}}",False,,,,False,FlipSYTNotFound
80200,"{{1, 3, 7, 9, 15}, {2, 6, 8, 13}, {4, 10, 12}, {5, 11}, {14}}","{{1, 2, 4, 5, 11}, {3, 8, 10, 12}, {6, 13, 14}, {7, 15}, {9}}",False,,,,False,FlipSYTNotFound
80349,"{{1, 3, 9, 11, 15}, {2, 5, 10, 14}, {4, 7, 12}, {6, 8}, {13}}","{{1, 2, 3, 8, 10}, {4, 6, 9, 12}, {5, 11, 14}, {7, 15}, {13}}",False,,,,False,FlipSYTNotFound
80353,"{{1, 3, 9, 11, 15}, {2, 5, 10, 14}, {4, 6, 12}, {7, 8}, {13}}","{{1, 2, 3, 8, 9}, {4, 6, 10, 12}, {5, 11, 14}, {7, 15}, {13}}",False,,,,False,FlipSYTNotFound
80361,"{{1, 3, 5, 8, 12}, {2, 4, 11, 15}, {6, 9, 13}, {7, 10}, {14}}","{{1, 2, 6, 9, 14}, {3, 5, 7, 10}, {4, 11, 12}, {8, 15}, {13}}",False,,,,False,FlipSYTNotFound
80385,"{{1, 2, 4, 9, 15}, {3, 5, 6, 13}, {7, 10, 12}, {8, 11}, {14}}","{{1, 2, 4, 5, 8}, {3, 9, 11, 13}, {6, 10, 15}, {7, 14}, {12}}",False,,,,False,FlipSYTNotFound
80397,"{{1, 3, 4, 6, 12}, {2, 8, 11, 15}, {5, 9, 13}, {7, 10}, {14}}","{{1, 2, 6, 9, 14}, {3, 5, 7, 11}, {4, 12, 13}, {8, 15}, {10}}",False,,,,False,FlipSYTNotFound
80416,"{{1, 3, 8, 11, 15}, {2, 5, 10, 14}, {4, 7, 12}, {6, 9}, {13}}","{{1, 2, 3, 7, 10}, {4, 6, 9, 12}, {5, 11, 14}, {8, 15}, {13}}",False,,,,False,FlipSYTNotFound
80424,"{{1, 3, 8, 11, 15}, {2, 5, 10, 14}, {4, 6, 12}, {7, 9}, {13}}","{{1, 2, 3, 7, 9}, {4, 6, 10, 12}, {5, 11, 14}, {8, 15}, {13}}",False,,,,False,FlipSYTNotFound
80466,"{{1, 3, 7, 11, 15}, {2, 5, 10, 14}, {4, 8, 12}, {6, 9}, {13}}","{{1, 2, 3, 7, 10}, {4, 6, 8, 12}, {5, 11, 14}, {9, 15}, {13}}",False,,,,False,FlipSYTNotFound
80477,"{{1, 3, 4, 7, 12}, {2, 5, 11, 15}, {6, 9, 13}, {8, 10}, {14}}","{{1, 2, 6, 8, 14}, {3, 5, 7, 10}, {4, 11, 13}, {9, 15}, {12}}",False,,,,False,FlipSYTNotFound
80539,"{{1, 3, 7, 8, 12}, {2, 4, 11, 15}, {5, 6, 13}, {9, 10}, {14}}","{{1, 2, 6, 7, 11}, {3, 5, 9, 10}, {4, 12, 14}, {8, 15}, {13}}",False,,,,False,FlipSYTNotFound
80549,"{{1, 3, 5, 11, 15}, {2, 6, 10, 14}, {4, 8, 12}, {7, 9}, {13}}","{{1, 2, 3, 7, 9}, {4, 6, 8, 12}, {5, 13, 14}, {10, 15}, {11}}",False,,,,False,FlipSYTNotFound
80556,"{{1, 4, 5, 11, 15}, {2, 6, 10, 14}, {3, 8, 12}, {7, 9}, {13}}","{{1, 2, 3, 7, 9}, {4, 6, 8, 13}, {5, 12, 14}, {10, 15}, {11}}",False,,,,False,FlipSYTNotFound
80563,"{{1, 3, 6, 11, 15}, {2, 5, 10, 14}, {4, 8, 12}, {7, 9}, {13}}","{{1, 2, 3, 7, 9}, {4, 6, 8, 12}, {5, 11, 14}, {10, 15}, {13}}",False,,,,False,FlipSYTNotFound
80576,"{{1, 3, 4, 8, 12}, {2, 5, 11, 15}, {6, 7, 13}, {9, 10}, {14}}","{{1, 2, 6, 7, 14}, {3, 5, 9, 10}, {4, 11, 13}, {8, 15}, {12}}",False,,,,False,FlipSYTNotFound
80602,"{{1, 3, 7, 11, 15}, {2, 5, 10, 14}, {4, 6, 12}, {8, 9}, {13}}","{{1, 2, 3, 7, 8}, {4, 6, 10, 12}, {5, 11, 14}, {9, 15}, {13}}",False,,,,False,FlipSYTNotFound
80619,"{{1, 3, 6, 11, 15}, {2, 5, 10, 14}, {4, 7, 12}, {8, 9}, {13}}","{{1, 2, 3, 7, 8}, {4, 6, 9, 12}, {5, 11, 14}, {10, 15}, {13}}",False,,,,False,FlipSYTNotFound
80645,"{{1, 2, 4, 11, 15}, {3, 5, 10, 14}, {6, 7, 12}, {8, 9}, {13}}","{{1, 2, 3, 7, 8}, {4, 6, 9, 10}, {5, 13, 15}, {11, 14}, {12}}",False,,,,False,FlipSYTNotFound
80664,"{{1, 3, 8, 11, 15}, {2, 5, 9, 14}, {4, 7, 12}, {6, 10}, {13}}","{{1, 2, 3, 6, 10}, {4, 7, 9, 12}, {5, 11, 14}, {8, 15}, {13}}",False,,,,False,FlipSYTNotFound
80698,"{{1, 3, 8, 10, 12}, {2, 5, 9, 15}, {4, 7, 13}, {6, 11}, {14}}","{{1, 2, 5, 9, 10}, {3, 6, 7, 12}, {4, 11, 14}, {8, 15}, {13}}",False,,,,False,FlipSYTNotFound
80724,"{{1, 3, 8, 11, 15}, {2, 5, 9, 14}, {4, 6, 12}, {7, 10}, {13}}","{{1, 2, 3, 6, 9}, {4, 7, 10, 12}, {5, 11, 14}, {8, 15}, {13}}",False,,,,False,FlipSYTNotFound
80741,"{{1, 3, 8, 10, 12}, {2, 4, 9, 15}, {5, 6, 13}, {7, 11}, {14}}","{{1, 2, 5, 9, 11}, {3, 6, 7, 10}, {4, 12, 14}, {8, 15}, {13}}",False,,,,False,FlipSYTNotFound
80745,"{{1, 3, 7, 11, 15}, {2, 5, 9, 14}, {4, 8, 12}, {6, 10}, {13}}","{{1, 2, 3, 6, 10}, {4, 7, 8, 12}, {5, 11, 14}, {9, 15}, {13}}",False,,,,False,FlipSYTNotFound
80810,"{{1, 3, 6, 10, 12}, {2, 5, 9, 15}, {4, 8, 13}, {7, 11}, {14}}","{{1, 2, 5, 8, 9}, {3, 6, 7, 12}, {4, 11, 14}, {10, 15}, {13}}",False,,,,False,FlipSYTNotFound
80876,"{{1, 3, 6, 11, 15}, {2, 5, 9, 14}, {4, 8, 12}, {7, 10}, {13}}","{{1, 2, 3, 6, 9}, {4, 7, 8, 12}, {5, 11, 14}, {10, 15}, {13}}",False,,,,False,FlipSYTNotFound
80906,"{{1, 2, 4, 8, 15}, {3, 5, 6, 13}, {7, 10, 12}, {9, 11}, {14}}","{{1, 2, 4, 5, 7}, {3, 9, 11, 13}, {6, 10, 15}, {8, 14}, {12}}",False,,,,False,FlipSYTNotFound
80924,"{{1, 3, 7, 11, 15}, {2, 5, 9, 14}, {4, 6, 12}, {8, 10}, {13}}","{{1, 2, 3, 6, 8}, {4, 7, 10, 12}, {5, 11, 14}, {9, 15}, {13}}",False,,,,False,FlipSYTNotFound
80965,"{{1, 3, 6, 11, 15}, {2, 5, 9, 14}, {4, 7, 12}, {8, 10}, {13}}","{{1, 2, 3, 6, 8}, {4, 7, 9, 12}, {5, 11, 14}, {10, 15}, {13}}",False,,,,False,FlipSYTNotFound
81013,"{{1, 2, 7, 11, 15}, {3, 6, 8, 14}, {4, 9, 12}, {5, 10}, {13}}","{{1, 2, 3, 6, 11}, {4, 7, 10, 12}, {5, 13, 15}, {8, 14}, {9}}",False,,,,False,FlipSYTNotFound
81092,"{{1, 3, 7, 9, 15}, {2, 5, 8, 13}, {4, 6, 12}, {10, 11}, {14}}","{{1, 2, 4, 5, 6}, {3, 8, 10, 12}, {7, 11, 14}, {9, 15}, {13}}",False,,,,False,FlipSYTNotFound
81133,"{{1, 2, 4, 7, 15}, {3, 5, 6, 13}, {8, 10, 12}, {9, 11}, {14}}","{{1, 2, 4, 5, 7}, {3, 8, 11, 13}, {6, 10, 15}, {9, 14}, {12}}",False,,,,False,FlipSYTNotFound
81149,"{{1, 3, 6, 9, 15}, {2, 5, 8, 13}, {4, 7, 12}, {10, 11}, {14}}","{{1, 2, 4, 5, 6}, {3, 8, 9, 12}, {7, 11, 14}, {10, 15}, {13}}",False,,,,False,FlipSYTNotFound
81150,"{{1, 2, 5, 9, 15}, {3, 6, 8, 13}, {4, 7, 12}, {10, 11}, {14}}","{{1, 2, 4, 5, 6}, {3, 8, 9, 12}, {7, 13, 15}, {10, 14}, {11}}",False,,,,False,FlipSYTNotFound
81162,"{{1, 5, 8, 9, 10}, {2, 6, 11, 15}, {3, 7, 14}, {4, 13}, {12}}","{{1, 2, 3, 4, 12}, {5, 7, 8, 9}, {6, 10, 13}, {11, 14}, {15}}",False,,,,False,FlipSYTNotFound
81186,"{{1, 4, 6, 9, 15}, {2, 5, 8, 13}, {3, 7, 12}, {10, 11}, {14}}","{{1, 2, 4, 5, 6}, {3, 8, 9, 13}, {7, 11, 14}, {10, 15}, {12}}",False,,,,False,FlipSYTNotFound
81200,"{{1, 4, 6, 9, 15}, {2, 5, 7, 13}, {3, 8, 12}, {10, 11}, {14}}","{{1, 2, 4, 5, 6}, {3, 8, 11, 13}, {7, 12, 14}, {9, 15}, {10}}",False,,,,False,FlipSYTNotFound
81260,"{{1, 3, 5, 9, 10}, {2, 7, 11, 15}, {4, 8, 14}, {6, 13}, {12}}","{{1, 2, 3, 4, 14}, {5, 7, 8, 10}, {6, 9, 12}, {11, 13}, {15}}",False,,,,False,FlipSYTNotFound
81286,"{{1, 3, 7, 11, 15}, {2, 5, 8, 14}, {4, 6, 12}, {9, 10}, {13}}","{{1, 2, 3, 6, 7}, {4, 8, 10, 12}, {5, 11, 14}, {9, 15}, {13}}",False,,,,False,FlipSYTNotFound
81287,"{{1, 3, 7, 8, 15}, {2, 5, 9, 13}, {4, 6, 12}, {10, 11}, {14}}","{{1, 2, 4, 5, 6}, {3, 9, 10, 12}, {7, 11, 14}, {8, 15}, {13}}",False,,,,False,FlipSYTNotFound
81300,"{{1, 3, 6, 11, 15}, {2, 5, 8, 14}, {4, 7, 12}, {9, 10}, {13}}","{{1, 2, 3, 6, 7}, {4, 8, 9, 12}, {5, 11, 14}, {10, 15}, {13}}",False,,,,False,FlipSYTNotFound
81311,"{{1, 4, 6, 9, 10}, {2, 5, 11, 15}, {3, 8, 14}, {7, 13}, {12}}","{{1, 2, 3, 4, 13}, {5, 7, 8, 9}, {6, 10, 11}, {12, 14}, {15}}",False,,,,False,FlipSYTNotFound
81312,"{{1, 3, 5, 9, 10}, {2, 6, 11, 15}, {4, 8, 14}, {7, 13}, {12}}","{{1, 2, 3, 4, 14}, {5, 7, 8, 9}, {6, 10, 12}, {11, 13}, {15}}",False,,,,False,FlipSYTNotFound
81334,"{{1, 4, 8, 9, 12}, {2, 6, 10, 15}, {3, 7, 13}, {5, 11}, {14}}","{{1, 2, 5, 9, 11}, {3, 6, 8, 13}, {4, 10, 14}, {7, 15}, {12}}",False,,,,False,FlipSYTNotFound
81342,"{{1, 3, 8, 9, 12}, {2, 5, 10, 15}, {4, 7, 13}, {6, 11}, {14}}","{{1, 2, 5, 9, 10}, {3, 6, 8, 12}, {4, 11, 14}, {7, 15}, {13}}",False,,,,False,FlipSYTNotFound
81343,"{{1, 3, 5, 9, 10}, {2, 6, 11, 15}, {4, 7, 14}, {8, 13}, {12}}","{{1, 2, 3, 4, 14}, {5, 7, 8, 12}, {6, 9, 13}, {10, 15}, {11}}",False,,,,False,FlipSYTNotFound
81376,"{{1, 3, 8, 9, 12}, {2, 4, 10, 15}, {5, 6, 13}, {7, 11}, {14}}","{{1, 2, 5, 9, 11}, {3, 6, 8, 10}, {4, 12, 14}, {7, 15}, {13}}",False,,,,False,FlipSYTNotFound
81418,"{{1, 3, 9, 10, 15}, {2, 5, 11, 14}, {4, 7, 12}, {6, 8}, {13}}","{{1, 2, 3, 8, 10}, {4, 7, 9, 12}, {5, 11, 14}, {6, 15}, {13}}",False,,,,False,FlipSYTNotFound
81421,"{{1, 4, 9, 10, 15}, {2, 5, 11, 14}, {3, 7, 12}, {6, 8}, {13}}","{{1, 2, 3, 8, 10}, {4, 7, 9, 13}, {5, 11, 14}, {6, 15}, {12}}",False,,,,False,FlipSYTNotFound
81452,"{{1, 3, 9, 10, 15}, {2, 5, 11, 14}, {4, 6, 12}, {7, 8}, {13}}","{{1, 2, 3, 8, 9}, {4, 7, 10, 12}, {5, 11, 14}, {6, 15}, {13}}",False,,,,False,FlipSYTNotFound
81470,"{{1, 3, 7, 9, 12}, {2, 4, 10, 15}, {5, 6, 13}, {8, 11}, {14}}","{{1, 2, 5, 8, 11}, {3, 6, 9, 10}, {4, 12, 14}, {7, 15}, {13}}",False,,,,False,FlipSYTNotFound
81497,"{{1, 3, 8, 10, 15}, {2, 5, 11, 14}, {4, 7, 12}, {6, 9}, {13}}","{{1, 2, 3, 7, 10}, {4, 8, 9, 12}, {5, 11, 14}, {6, 15}, {13}}",False,,,,False,FlipSYTNotFound
81512,"{{1, 3, 8, 10, 15}, {2, 5, 11, 14}, {4, 6, 12}, {7, 9}, {13}}","{{1, 2, 3, 7, 9}, {4, 8, 10, 12}, {5, 11, 14}, {6, 15}, {13}}",False,,,,False,FlipSYTNotFound
81575,"{{1, 2, 3, 4, 10}, {5, 8, 11, 15}, {6, 9, 14}, {7, 13}, {12}}","{{1, 2, 3, 4, 15}, {5, 7, 9, 14}, {6, 8, 10}, {11, 13}, {12}}",False,,,,False,FlipSYTNotFound
81605,"{{1, 3, 5, 6, 10}, {2, 8, 11, 15}, {4, 9, 14}, {7, 13}, {12}}","{{1, 2, 3, 4, 14}, {5, 7, 9, 12}, {6, 8, 11}, {10, 13}, {15}}",False,,,,False,FlipSYTNotFound
81660,"{{1, 2, 4, 8, 15}, {3, 5, 6, 13}, {7, 9, 12}, {10, 11}, {14}}","{{1, 2, 4, 5, 6}, {3, 9, 11, 13}, {7, 10, 15}, {8, 14}, {12}}",False,,,,False,FlipSYTNotFound
81690,"{{1, 3, 5, 8, 12}, {2, 4, 10, 15}, {6, 9, 13}, {7, 11}, {14}}","{{1, 2, 5, 9, 14}, {3, 6, 7, 10}, {4, 11, 12}, {8, 15}, {13}}",False,,,,False,FlipSYTNotFound
81716,"{{1, 3, 7, 10, 15}, {2, 5, 11, 14}, {4, 6, 12}, {8, 9}, {13}}","{{1, 2, 3, 7, 8}, {4, 9, 10, 12}, {5, 11, 14}, {6, 15}, {13}}",False,,,,False,FlipSYTNotFound
81737,"{{1, 3, 4, 6, 12}, {2, 8, 10, 15}, {5, 9, 13}, {7, 11}, {14}}","{{1, 2, 5, 9, 14}, {3, 6, 7, 11}, {4, 12, 13}, {8, 15}, {10}}",False,,,,False,FlipSYTNotFound
81800,"{{1, 3, 4, 7, 12}, {2, 5, 10, 15}, {6, 9, 13}, {8, 11}, {14}}","{{1, 2, 5, 8, 14}, {3, 6, 7, 10}, {4, 11, 13}, {9, 15}, {12}}",False,,,,False,FlipSYTNotFound
81813,"{{1, 3, 8, 9, 15}, {2, 5, 11, 14}, {4, 6, 12}, {7, 10}, {13}}","{{1, 2, 3, 6, 9}, {4, 8, 10, 12}, {5, 11, 14}, {7, 15}, {13}}",False,,,,False,FlipSYTNotFound
81830,"{{1, 2, 4, 7, 15}, {3, 5, 6, 13}, {8, 9, 12}, {10, 11}, {14}}","{{1, 2, 4, 5, 6}, {3, 8, 11, 13}, {7, 10, 15}, {9, 14}, {12}}",False,,,,False,FlipSYTNotFound
81840,"{{1, 3, 8, 9, 15}, {2, 5, 11, 14}, {4, 7, 12}, {6, 10}, {13}}","{{1, 2, 3, 6, 10}, {4, 8, 9, 12}, {5, 11, 14}, {7, 15}, {13}}",False,,,,False,FlipSYTNotFound
81873,"{{1, 3, 7, 8, 12}, {2, 4, 10, 15}, {5, 6, 13}, {9, 11}, {14}}","{{1, 2, 5, 7, 11}, {3, 6, 9, 10}, {4, 12, 14}, {8, 15}, {13}}",False,,,,False,FlipSYTNotFound
81912,"{{1, 3, 4, 8, 12}, {2, 5, 10, 15}, {6, 7, 13}, {9, 11}, {14}}","{{1, 2, 5, 7, 14}, {3, 6, 9, 10}, {4, 11, 13}, {8, 15}, {12}}",False,,,,False,FlipSYTNotFound
81940,"{{1, 2, 3, 5, 10}, {4, 6, 11, 15}, {7, 8, 14}, {9, 13}, {12}}","{{1, 2, 3, 4, 15}, {5, 7, 9, 14}, {6, 8, 12}, {10, 13}, {11}}",False,,,,False,FlipSYTNotFound
82025,"{{1, 3, 7, 9, 15}, {2, 5, 11, 14}, {4, 6, 12}, {8, 10}, {13}}","{{1, 2, 3, 6, 8}, {4, 9, 10, 12}, {5, 11, 14}, {7, 15}, {13}}",False,,,,False,FlipSYTNotFound
82256,"{{1, 3, 6, 9, 12}, {2, 5, 7, 15}, {4, 10, 13}, {8, 11}, {14}}","{{1, 2, 5, 8, 12}, {3, 6, 9, 11}, {4, 13, 14}, {7, 15}, {10}}",False,,,,False,FlipSYTNotFound
82475,"{{1, 3, 4, 6, 12}, {2, 8, 9, 15}, {5, 10, 13}, {7, 11}, {14}}","{{1, 2, 5, 9, 14}, {3, 6, 8, 11}, {4, 12, 13}, {7, 15}, {10}}",False,,,,False,FlipSYTNotFound
82515,"{{1, 3, 7, 8, 15}, {2, 5, 11, 14}, {4, 6, 12}, {9, 10}, {13}}","{{1, 2, 3, 6, 7}, {4, 9, 10, 12}, {5, 11, 14}, {8, 15}, {13}}",False,,,,False,FlipSYTNotFound
82609,"{{1, 2, 6, 8, 12}, {3, 5, 7, 15}, {4, 10, 13}, {9, 11}, {14}}","{{1, 2, 5, 7, 12}, {3, 6, 9, 11}, {4, 13, 15}, {8, 14}, {10}}",False,,,,False,FlipSYTNotFound
82715,"{{1, 4, 5, 10, 15}, {2, 7, 9, 13}, {3, 8, 11}, {6, 12}, {14}}","{{1, 2, 4, 8, 10}, {3, 7, 9, 13}, {5, 12, 14}, {6, 15}, {11}}",False,,,,False,FlipSYTNotFound
82741,"{{1, 3, 8, 10, 15}, {2, 5, 9, 14}, {4, 7, 12}, {6, 11}, {13}}","{{1, 2, 3, 5, 10}, {4, 7, 9, 12}, {6, 11, 14}, {8, 15}, {13}}",False,,,,False,FlipSYTNotFound
82769,"{{1, 3, 7, 10, 15}, {2, 5, 9, 14}, {4, 8, 12}, {6, 11}, {13}}","{{1, 2, 3, 5, 10}, {4, 7, 8, 12}, {6, 11, 14}, {9, 15}, {13}}",False,,,,False,FlipSYTNotFound
82779,"{{1, 3, 8, 10, 15}, {2, 5, 9, 14}, {4, 6, 12}, {7, 11}, {13}}","{{1, 2, 3, 5, 9}, {4, 7, 10, 12}, {6, 11, 14}, {8, 15}, {13}}",False,,,,False,FlipSYTNotFound
82805,"{{1, 3, 7, 10, 15}, {2, 6, 9, 14}, {4, 8, 12}, {5, 11}, {13}}","{{1, 2, 3, 5, 11}, {4, 7, 8, 12}, {6, 10, 14}, {9, 15}, {13}}",False,,,,False,FlipSYTNotFound
82883,"{{1, 2, 4, 10, 15}, {3, 6, 9, 13}, {5, 7, 11}, {8, 12}, {14}}","{{1, 2, 4, 8, 11}, {3, 7, 9, 13}, {5, 10, 15}, {6, 14}, {12}}",False,,,,False,FlipSYTNotFound
82899,"{{1, 3, 6, 10, 15}, {2, 5, 9, 14}, {4, 8, 12}, {7, 11}, {13}}","{{1, 2, 3, 5, 9}, {4, 7, 8, 12}, {6, 11, 14}, {10, 15}, {13}}",False,,,,False,FlipSYTNotFound
82946,"{{1, 3, 7, 10, 15}, {2, 5, 9, 14}, {4, 6, 12}, {8, 11}, {13}}","{{1, 2, 3, 5, 8}, {4, 7, 10, 12}, {6, 11, 14}, {9, 15}, {13}}",False,,,,False,FlipSYTNotFound
82952,"{{1, 3, 4, 10, 15}, {2, 6, 8, 13}, {5, 9, 11}, {7, 12}, {14}}","{{1, 2, 4, 7, 9}, {3, 8, 10, 11}, {5, 13, 14}, {6, 15}, {12}}",False,,,,False,FlipSYTNotFound
82958,"{{1, 4, 6, 10, 15}, {2, 5, 9, 14}, {3, 7, 12}, {8, 11}, {13}}","{{1, 2, 3, 5, 8}, {4, 7, 9, 13}, {6, 11, 14}, {10, 15}, {12}}",False,,,,False,FlipSYTNotFound
82988,"{{1, 3, 6, 10, 15}, {2, 5, 9, 14}, {4, 7, 12}, {8, 11}, {13}}","{{1, 2, 3, 5, 8}, {4, 7, 9, 12}, {6, 11, 14}, {10, 15}, {13}}",False,,,,False,FlipSYTNotFound
83007,"{{1, 4, 5, 10, 15}, {2, 6, 8, 13}, {3, 9, 11}, {7, 12}, {14}}","{{1, 2, 4, 7, 9}, {3, 8, 10, 13}, {5, 12, 14}, {6, 15}, {11}}",False,,,,False,FlipSYTNotFound
83063,"{{1, 3, 7, 10, 15}, {2, 6, 8, 14}, {4, 9, 12}, {5, 11}, {13}}","{{1, 2, 3, 5, 11}, {4, 7, 10, 12}, {6, 13, 14}, {8, 15}, {9}}",False,,,,False,FlipSYTNotFound
83111,"{{1, 3, 4, 8, 12}, {2, 5, 9, 15}, {6, 7, 13}, {10, 11}, {14}}","{{1, 2, 5, 6, 14}, {3, 7, 9, 10}, {4, 11, 13}, {8, 15}, {12}}",False,,,,False,FlipSYTNotFound
83131,"{{1, 2, 4, 10, 15}, {3, 5, 6, 13}, {7, 9, 11}, {8, 12}, {14}}","{{1, 2, 4, 7, 8}, {3, 9, 11, 13}, {5, 10, 15}, {6, 14}, {12}}",False,,,,False,FlipSYTNotFound
83191,"{{1, 2, 3, 10, 15}, {4, 6, 8, 14}, {5, 9, 12}, {7, 11}, {13}}","{{1, 2, 3, 5, 9}, {4, 7, 10, 11}, {6, 12, 15}, {8, 14}, {13}}",False,,,,False,FlipSYTNotFound
83254,"{{1, 3, 7, 10, 15}, {2, 5, 8, 14}, {4, 6, 12}, {9, 11}, {13}}","{{1, 2, 3, 5, 7}, {4, 8, 10, 12}, {6, 11, 14}, {9, 15}, {13}}",False,,,,False,FlipSYTNotFound
83294,"{{1, 4, 6, 10, 15}, {2, 5, 8, 14}, {3, 7, 12}, {9, 11}, {13}}","{{1, 2, 3, 5, 7}, {4, 8, 9, 13}, {6, 11, 14}, {10, 15}, {12}}",False,,,,False,FlipSYTNotFound
83314,"{{1, 2, 5, 10, 15}, {3, 6, 8, 14}, {4, 7, 12}, {9, 11}, {13}}","{{1, 2, 3, 5, 7}, {4, 8, 9, 12}, {6, 13, 15}, {10, 14}, {11}}",False,,,,False,FlipSYTNotFound
83317,"{{1, 3, 6, 10, 15}, {2, 5, 8, 14}, {4, 7, 12}, {9, 11}, {13}}","{{1, 2, 3, 5, 7}, {4, 8, 9, 12}, {6, 11, 14}, {10, 15}, {13}}",False,,,,False,FlipSYTNotFound
83490,"{{1, 3, 8, 9, 15}, {2, 5, 10, 14}, {4, 6, 12}, {7, 11}, {13}}","{{1, 2, 3, 5, 9}, {4, 8, 10, 12}, {6, 11, 14}, {7, 15}, {13}}",False,,,,False,FlipSYTNotFound
83496,"{{1, 3, 9, 10, 11}, {2, 5, 12, 15}, {4, 7, 13}, {6, 8}, {14}}","{{1, 2, 7, 8, 10}, {3, 6, 9, 12}, {4, 11, 14}, {5, 15}, {13}}",False,,,,False,FlipSYTNotFound
83520,"{{1, 3, 8, 9, 15}, {2, 5, 10, 14}, {4, 7, 12}, {6, 11}, {13}}","{{1, 2, 3, 5, 10}, {4, 8, 9, 12}, {6, 11, 14}, {7, 15}, {13}}",False,,,,False,FlipSYTNotFound
83531,"{{1, 3, 9, 10, 11}, {2, 5, 12, 15}, {4, 6, 13}, {7, 8}, {14}}","{{1, 2, 7, 8, 9}, {3, 6, 10, 12}, {4, 11, 14}, {5, 15}, {13}}",False,,,,False,FlipSYTNotFound
83580,"{{1, 3, 8, 10, 11}, {2, 5, 12, 15}, {4, 7, 13}, {6, 9}, {14}}","{{1, 2, 7, 9, 10}, {3, 6, 8, 12}, {4, 11, 14}, {5, 15}, {13}}",False,,,,False,FlipSYTNotFound
83583,"{{1, 3, 8, 10, 11}, {2, 4, 12, 15}, {5, 6, 13}, {7, 9}, {14}}","{{1, 2, 7, 9, 11}, {3, 6, 8, 10}, {4, 12, 14}, {5, 15}, {13}}",False,,,,False,FlipSYTNotFound
83661,"{{1, 3, 7, 9, 15}, {2, 5, 10, 14}, {4, 6, 12}, {8, 11}, {13}}","{{1, 2, 3, 5, 8}, {4, 9, 10, 12}, {6, 11, 14}, {7, 15}, {13}}",False,,,,False,FlipSYTNotFound
83745,"{{1, 3, 7, 10, 11}, {2, 4, 12, 15}, {5, 6, 13}, {8, 9}, {14}}","{{1, 2, 7, 8, 11}, {3, 6, 9, 10}, {4, 12, 14}, {5, 15}, {13}}",False,,,,False,FlipSYTNotFound
83778,"{{1, 3, 8, 9, 11}, {2, 5, 12, 15}, {4, 7, 13}, {6, 10}, {14}}","{{1, 2, 6, 9, 10}, {3, 7, 8, 12}, {4, 11, 14}, {5, 15}, {13}}",False,,,,False,FlipSYTNotFound
83814,"{{1, 3, 8, 9, 11}, {2, 4, 12, 15}, {5, 6, 13}, {7, 10}, {14}}","{{1, 2, 6, 9, 11}, {3, 7, 8, 10}, {4, 12, 14}, {5, 15}, {13}}",False,,,,False,FlipSYTNotFound
83847,"{{1, 4, 8, 9, 11}, {2, 6, 12, 15}, {3, 7, 13}, {5, 10}, {14}}","{{1, 2, 6, 9, 11}, {3, 7, 8, 13}, {4, 10, 14}, {5, 15}, {12}}",False,,,,False,FlipSYTNotFound
83862,"{{1, 3, 4, 10, 11}, {2, 5, 12, 15}, {6, 7, 13}, {8, 9}, {14}}","{{1, 2, 7, 8, 14}, {3, 6, 9, 10}, {4, 11, 13}, {5, 15}, {12}}",False,,,,False,FlipSYTNotFound
83947,"{{1, 3, 7, 9, 11}, {2, 4, 12, 15}, {5, 6, 13}, {8, 10}, {14}}","{{1, 2, 6, 8, 11}, {3, 7, 9, 10}, {4, 12, 14}, {5, 15}, {13}}",False,,,,False,FlipSYTNotFound
84116,"{{1, 3, 4, 6, 15}, {2, 7, 10, 14}, {5, 9, 12}, {8, 11}, {13}}","{{1, 2, 3, 5, 8}, {4, 7, 11, 14}, {6, 12, 13}, {9, 15}, {10}}",False,,,,False,FlipSYTNotFound
84163,"{{1, 3, 4, 8, 11}, {2, 6, 12, 15}, {5, 9, 13}, {7, 10}, {14}}","{{1, 2, 6, 9, 14}, {3, 7, 10, 11}, {4, 8, 13}, {5, 15}, {12}}",False,,,,False,FlipSYTNotFound
84204,"{{1, 3, 7, 8, 15}, {2, 5, 10, 14}, {4, 6, 12}, {9, 11}, {13}}","{{1, 2, 3, 5, 7}, {4, 9, 10, 12}, {6, 11, 14}, {8, 15}, {13}}",False,,,,False,FlipSYTNotFound
84338,"{{1, 3, 7, 9, 15}, {2, 6, 8, 13}, {4, 10, 11}, {5, 12}, {14}}","{{1, 2, 4, 6, 11}, {3, 8, 10, 12}, {5, 13, 14}, {7, 15}, {9}}",False,,,,False,FlipSYTNotFound
84356,"{{1, 3, 7, 8, 11}, {2, 4, 12, 15}, {5, 6, 13}, {9, 10}, {14}}","{{1, 2, 6, 7, 11}, {3, 8, 9, 10}, {4, 12, 14}, {5, 15}, {13}}",False,,,,False,FlipSYTNotFound
84425,"{{1, 3, 7, 9, 15}, {2, 6, 8, 14}, {4, 10, 12}, {5, 11}, {13}}","{{1, 2, 3, 5, 11}, {4, 8, 10, 12}, {6, 13, 14}, {7, 15}, {9}}",False,,,,False,FlipSYTNotFound
84500,"{{1, 3, 4, 9, 15}, {2, 7, 8, 14}, {5, 10, 12}, {6, 11}, {13}}","{{1, 2, 3, 5, 10}, {4, 8, 9, 11}, {6, 13, 14}, {7, 15}, {12}}",False,,,,False,FlipSYTNotFound
84523,"{{1, 3, 4, 9, 15}, {2, 6, 8, 14}, {5, 10, 12}, {7, 11}, {13}}","{{1, 2, 3, 5, 9}, {4, 8, 10, 11}, {6, 13, 14}, {7, 15}, {12}}",False,,,,False,FlipSYTNotFound
84602,"{{1, 3, 8, 9, 10}, {2, 4, 12, 15}, {5, 6, 13}, {7, 11}, {14}}","{{1, 2, 5, 9, 11}, {3, 7, 8, 10}, {4, 12, 14}, {6, 15}, {13}}",False,,,,False,FlipSYTNotFound
84633,"{{1, 3, 8, 9, 10}, {2, 5, 12, 15}, {4, 7, 13}, {6, 11}, {14}}","{{1, 2, 5, 9, 10}, {3, 7, 8, 12}, {4, 11, 14}, {6, 15}, {13}}",False,,,,False,FlipSYTNotFound
84644,"{{1, 2, 4, 9, 15}, {3, 5, 6, 14}, {7, 10, 12}, {8, 11}, {13}}","{{1, 2, 3, 5, 8}, {4, 9, 11, 13}, {6, 10, 15}, {7, 14}, {12}}",False,,,,False,FlipSYTNotFound
84708,"{{1, 3, 7, 9, 10}, {2, 4, 12, 15}, {5, 8, 13}, {6, 11}, {14}}","{{1, 2, 5, 10, 14}, {3, 7, 8, 11}, {4, 9, 12}, {6, 15}, {13}}",True,20,20,1.69942929933312118906E-1,False,DistanceAboveTolerance
84746,"{{1, 3, 7, 9, 10}, {2, 4, 12, 15}, {5, 6, 13}, {8, 11}, {14}}","{{1, 2, 5, 8, 11}, {3, 7, 9, 10}, {4, 12, 14}, {6, 15}, {13}}",False,,,,False,FlipSYTNotFound
84816,"{{1, 3, 4, 9, 10}, {2, 5, 12, 15}, {6, 7, 13}, {8, 11}, {14}}","{{1, 2, 5, 8, 14}, {3, 7, 9, 10}, {4, 11, 13}, {6, 15}, {12}}",False,,,,False,FlipSYTNotFound
84964,"{{1, 3, 4, 8, 10}, {2, 6, 12, 15}, {5, 9, 13}, {7, 11}, {14}}","{{1, 2, 5, 9, 14}, {3, 7, 10, 11}, {4, 8, 13}, {6, 15}, {12}}",False,,,,False,FlipSYTNotFound
85055,"{{1, 3, 6, 8, 15}, {2, 5, 7, 14}, {4, 10, 12}, {9, 11}, {13}}","{{1, 2, 3, 5, 7}, {4, 9, 11, 12}, {6, 13, 14}, {8, 15}, {10}}",False,,,,False,FlipSYTNotFound
85137,"{{1, 2, 6, 9, 10}, {3, 4, 8, 15}, {5, 7, 14}, {11, 13}, {12}}","{{1, 2, 3, 4, 11}, {5, 7, 8, 9}, {6, 12, 13}, {10, 15}, {14}}",False,,,,False,FlipSYTNotFound
85173,"{{1, 3, 7, 8, 10}, {2, 4, 12, 15}, {5, 6, 13}, {9, 11}, {14}}","{{1, 2, 5, 7, 11}, {3, 8, 9, 10}, {4, 12, 14}, {6, 15}, {13}}",False,,,,False,FlipSYTNotFound
85220,"{{1, 2, 6, 11, 15}, {3, 4, 9, 12}, {5, 7, 10}, {8, 13}, {14}}","{{1, 2, 6, 8, 11}, {3, 7, 9, 13}, {4, 12, 15}, {5, 14}, {10}}",False,,,,False,FlipSYTNotFound
85239,"{{1, 2, 4, 11, 15}, {3, 6, 9, 12}, {5, 7, 10}, {8, 13}, {14}}","{{1, 2, 6, 8, 11}, {3, 7, 9, 13}, {4, 10, 15}, {5, 14}, {12}}",False,,,,False,FlipSYTNotFound
85249,"{{1, 3, 4, 8, 10}, {2, 5, 12, 15}, {6, 7, 13}, {9, 11}, {14}}","{{1, 2, 5, 7, 14}, {3, 8, 9, 10}, {4, 11, 13}, {6, 15}, {12}}",False,,,,False,FlipSYTNotFound
85319,"{{1, 2, 4, 7, 15}, {3, 5, 6, 14}, {8, 10, 12}, {9, 11}, {13}}","{{1, 2, 3, 5, 7}, {4, 8, 11, 13}, {6, 10, 15}, {9, 14}, {12}}",False,,,,False,FlipSYTNotFound
85327,"{{1, 4, 5, 11, 15}, {2, 6, 8, 12}, {3, 9, 10}, {7, 13}, {14}}","{{1, 2, 6, 7, 9}, {3, 8, 10, 13}, {4, 12, 14}, {5, 15}, {11}}",False,,,,False,FlipSYTNotFound
85339,"{{1, 3, 4, 8, 10}, {2, 5, 9, 15}, {6, 7, 14}, {11, 13}, {12}}","{{1, 2, 3, 4, 14}, {5, 7, 9, 10}, {6, 11, 13}, {8, 15}, {12}}",False,,,,False,FlipSYTNotFound
85340,"{{1, 2, 5, 11, 15}, {3, 4, 8, 12}, {6, 9, 10}, {7, 13}, {14}}","{{1, 2, 6, 7, 9}, {3, 8, 10, 13}, {4, 12, 15}, {5, 14}, {11}}",False,,,,False,FlipSYTNotFound
85344,"{{1, 2, 3, 4, 10}, {5, 7, 12, 15}, {6, 8, 13}, {9, 11}, {14}}","{{1, 2, 5, 7, 15}, {3, 8, 10, 14}, {4, 9, 11}, {6, 13}, {12}}",False,,,,False,FlipSYTNotFound
85364,"{{1, 3, 4, 11, 15}, {2, 6, 8, 12}, {5, 9, 10}, {7, 13}, {14}}","{{1, 2, 6, 7, 9}, {3, 8, 10, 11}, {4, 13, 14}, {5, 15}, {12}}",False,,,,False,FlipSYTNotFound
85365,"{{1, 3, 7, 9, 15}, {2, 5, 8, 14}, {4, 6, 12}, {10, 11}, {13}}","{{1, 2, 3, 5, 6}, {4, 8, 10, 12}, {7, 11, 14}, {9, 15}, {13}}",False,,,,False,FlipSYTNotFound
85382,"{{1, 4, 6, 9, 15}, {2, 5, 8, 14}, {3, 7, 12}, {10, 11}, {13}}","{{1, 2, 3, 5, 6}, {4, 8, 9, 13}, {7, 11, 14}, {10, 15}, {12}}",False,,,,False,FlipSYTNotFound
85393,"{{1, 2, 5, 9, 15}, {3, 6, 8, 14}, {4, 7, 12}, {10, 11}, {13}}","{{1, 2, 3, 5, 6}, {4, 8, 9, 12}, {7, 13, 15}, {10, 14}, {11}}",False,,,,False,FlipSYTNotFound
85426,"{{1, 3, 6, 9, 15}, {2, 5, 8, 14}, {4, 7, 12}, {10, 11}, {13}}","{{1, 2, 3, 5, 6}, {4, 8, 9, 12}, {7, 11, 14}, {10, 15}, {13}}",False,,,,False,FlipSYTNotFound
85459,"{{1, 3, 4, 8, 9}, {2, 6, 12, 15}, {5, 10, 13}, {7, 11}, {14}}","{{1, 2, 5, 9, 14}, {3, 6, 10, 11}, {4, 8, 13}, {7, 15}, {12}}",False,,,,False,FlipSYTNotFound
85467,"{{1, 2, 4, 11, 15}, {3, 5, 6, 12}, {7, 9, 10}, {8, 13}, {14}}","{{1, 2, 6, 7, 8}, {3, 9, 11, 13}, {4, 10, 15}, {5, 14}, {12}}",False,,,,False,FlipSYTNotFound
85498,"{{1, 2, 5, 11, 15}, {3, 4, 8, 12}, {6, 7, 10}, {9, 13}, {14}}","{{1, 2, 6, 7, 10}, {3, 8, 9, 13}, {4, 12, 15}, {5, 14}, {11}}",False,,,,False,FlipSYTNotFound
85580,"{{1, 3, 7, 8, 15}, {2, 5, 9, 14}, {4, 6, 12}, {10, 11}, {13}}","{{1, 2, 3, 5, 6}, {4, 9, 10, 12}, {7, 11, 14}, {8, 15}, {13}}",False,,,,False,FlipSYTNotFound
85582,"{{1, 2, 6, 8, 10}, {3, 5, 7, 15}, {4, 9, 14}, {11, 13}, {12}}","{{1, 2, 3, 4, 12}, {5, 7, 9, 11}, {6, 13, 15}, {8, 14}, {10}}",False,,,,False,FlipSYTNotFound
85708,"{{1, 3, 7, 8, 9}, {2, 4, 10, 15}, {5, 6, 14}, {11, 13}, {12}}","{{1, 2, 3, 4, 11}, {5, 8, 9, 10}, {6, 12, 14}, {7, 15}, {13}}",False,,,,False,FlipSYTNotFound
85762,"{{1, 3, 6, 8, 9}, {2, 5, 10, 15}, {4, 7, 14}, {11, 13}, {12}}","{{1, 2, 3, 4, 12}, {5, 8, 9, 11}, {6, 10, 14}, {7, 15}, {13}}",False,,,,False,FlipSYTNotFound
85836,"{{1, 3, 4, 8, 9}, {2, 5, 10, 15}, {6, 7, 14}, {11, 13}, {12}}","{{1, 2, 3, 4, 14}, {5, 8, 9, 10}, {6, 11, 13}, {7, 15}, {12}}",False,,,,False,FlipSYTNotFound
85984,"{{1, 2, 3, 4, 8}, {5, 7, 10, 15}, {6, 9, 14}, {11, 13}, {12}}","{{1, 2, 3, 4, 15}, {5, 7, 10, 14}, {6, 9, 11}, {8, 13}, {12}}",False,,,,False,FlipSYTNotFound
86005,"{{1, 2, 6, 10, 15}, {3, 5, 9, 12}, {4, 8, 11}, {7, 13}, {14}}","{{1, 2, 5, 8, 9}, {3, 7, 11, 12}, {4, 13, 15}, {6, 14}, {10}}",False,,,,False,FlipSYTNotFound
86016,"{{1, 3, 4, 10, 15}, {2, 6, 9, 12}, {5, 8, 11}, {7, 13}, {14}}","{{1, 2, 5, 8, 9}, {3, 7, 10, 11}, {4, 13, 14}, {6, 15}, {12}}",False,,,,False,FlipSYTNotFound
86080,"{{1, 3, 7, 8, 9}, {2, 4, 12, 15}, {5, 6, 13}, {10, 11}, {14}}","{{1, 2, 5, 6, 11}, {3, 8, 9, 10}, {4, 12, 14}, {7, 15}, {13}}",False,,,,False,FlipSYTNotFound
86081,"{{1, 2, 5, 10, 15}, {3, 4, 9, 12}, {6, 8, 11}, {7, 13}, {14}}","{{1, 2, 5, 8, 9}, {3, 7, 10, 13}, {4, 12, 15}, {6, 14}, {11}}",False,,,,False,FlipSYTNotFound
86104,"{{1, 2, 4, 7, 15}, {3, 5, 6, 14}, {8, 9, 12}, {10, 11}, {13}}","{{1, 2, 3, 5, 6}, {4, 8, 11, 13}, {7, 10, 15}, {9, 14}, {12}}",False,,,,False,FlipSYTNotFound
86175,"{{1, 2, 7, 11, 15}, {3, 6, 9, 14}, {4, 8, 10}, {5, 12}, {13}}","{{1, 2, 3, 8, 11}, {4, 6, 10, 12}, {5, 13, 15}, {7, 14}, {9}}",False,,,,False,FlipSYTNotFound
86205,"{{1, 2, 4, 10, 15}, {3, 7, 8, 12}, {5, 9, 11}, {6, 13}, {14}}","{{1, 2, 5, 7, 10}, {3, 8, 9, 11}, {4, 13, 15}, {6, 14}, {12}}",False,,,,False,FlipSYTNotFound
86267,"{{1, 3, 4, 10, 15}, {2, 6, 8, 12}, {5, 9, 11}, {7, 13}, {14}}","{{1, 2, 5, 7, 9}, {3, 8, 10, 11}, {4, 13, 14}, {6, 15}, {12}}",False,,,,False,FlipSYTNotFound
86291,"{{1, 2, 5, 10, 15}, {3, 4, 8, 12}, {6, 9, 11}, {7, 13}, {14}}","{{1, 2, 5, 7, 9}, {3, 8, 10, 13}, {4, 12, 15}, {6, 14}, {11}}",False,,,,False,FlipSYTNotFound
86321,"{{1, 3, 4, 6, 9}, {2, 7, 8, 15}, {5, 10, 14}, {11, 13}, {12}}","{{1, 2, 3, 4, 14}, {5, 8, 9, 11}, {6, 12, 13}, {7, 15}, {10}}",False,,,,False,FlipSYTNotFound
86377,"{{1, 4, 6, 7, 8}, {2, 5, 9, 15}, {3, 10, 14}, {11, 13}, {12}}","{{1, 2, 3, 4, 13}, {5, 9, 10, 11}, {6, 12, 14}, {7, 15}, {8}}",False,,,,False,FlipSYTNotFound
86473,"{{1, 3, 8, 10, 11}, {2, 4, 9, 15}, {5, 6, 13}, {7, 12}, {14}}","{{1, 2, 4, 9, 11}, {3, 6, 7, 10}, {5, 12, 14}, {8, 15}, {13}}",False,,,,False,FlipSYTNotFound
86474,"{{1, 3, 8, 10, 11}, {2, 5, 9, 15}, {4, 7, 13}, {6, 12}, {14}}","{{1, 2, 4, 9, 10}, {3, 6, 7, 12}, {5, 11, 14}, {8, 15}, {13}}",False,,,,False,FlipSYTNotFound
86520,"{{1, 3, 6, 10, 11}, {2, 5, 9, 15}, {4, 8, 13}, {7, 12}, {14}}","{{1, 2, 4, 8, 9}, {3, 6, 7, 12}, {5, 11, 14}, {10, 15}, {13}}",False,,,,False,FlipSYTNotFound
86521,"{{1, 3, 7, 10, 11}, {2, 5, 9, 15}, {4, 8, 13}, {6, 12}, {14}}","{{1, 2, 4, 8, 10}, {3, 6, 7, 12}, {5, 11, 14}, {9, 15}, {13}}",False,,,,False,FlipSYTNotFound
86542,"{{1, 2, 6, 10, 11}, {3, 7, 9, 15}, {4, 8, 13}, {5, 12}, {14}}","{{1, 2, 4, 8, 11}, {3, 6, 7, 12}, {5, 13, 15}, {9, 14}, {10}}",False,,,,False,FlipSYTNotFound
86601,"{{1, 3, 4, 10, 11}, {2, 5, 9, 15}, {6, 8, 13}, {7, 12}, {14}}","{{1, 2, 4, 8, 9}, {3, 6, 7, 10}, {5, 13, 14}, {11, 15}, {12}}",False,,,,False,FlipSYTNotFound
86663,"{{1, 2, 3, 7, 8}, {4, 5, 6, 15}, {9, 10, 14}, {11, 13}, {12}}","{{1, 2, 3, 4, 12}, {5, 7, 10, 11}, {6, 9, 15}, {8, 14}, {13}}",False,,,,False,FlipSYTNotFound
86752,"{{1, 3, 9, 11, 12}, {2, 5, 10, 15}, {4, 6, 14}, {7, 8}, {13}}","{{1, 2, 3, 8, 9}, {4, 5, 6, 12}, {7, 10, 14}, {11, 15}, {13}}",False,,,,False,FlipSYTNotFound
86755,"{{1, 3, 9, 11, 12}, {2, 5, 10, 15}, {4, 7, 14}, {6, 8}, {13}}","{{1, 2, 3, 8, 10}, {4, 5, 6, 12}, {7, 9, 14}, {11, 15}, {13}}",False,,,,False,FlipSYTNotFound
86774,"{{1, 3, 8, 11, 12}, {2, 5, 10, 15}, {4, 7, 14}, {6, 9}, {13}}","{{1, 2, 3, 7, 10}, {4, 5, 6, 12}, {8, 9, 14}, {11, 15}, {13}}",False,,,,False,FlipSYTNotFound
86783,"{{1, 3, 8, 11, 12}, {2, 5, 10, 15}, {4, 6, 14}, {7, 9}, {13}}","{{1, 2, 3, 7, 9}, {4, 5, 6, 12}, {8, 10, 14}, {11, 15}, {13}}",False,,,,False,FlipSYTNotFound
86814,"{{1, 3, 7, 11, 12}, {2, 6, 10, 15}, {4, 8, 14}, {5, 9}, {13}}","{{1, 2, 3, 7, 11}, {4, 5, 6, 12}, {8, 10, 14}, {9, 15}, {13}}",False,,,,False,FlipSYTNotFound
86822,"{{1, 3, 7, 11, 12}, {2, 5, 10, 15}, {4, 8, 14}, {6, 9}, {13}}","{{1, 2, 3, 7, 10}, {4, 5, 6, 12}, {8, 11, 14}, {9, 15}, {13}}",False,,,,False,FlipSYTNotFound
86886,"{{1, 2, 5, 11, 15}, {3, 4, 8, 14}, {6, 7, 9}, {10, 12}, {13}}","{{1, 2, 3, 6, 10}, {4, 7, 9, 13}, {5, 12, 15}, {8, 14}, {11}}",False,,,,False,FlipSYTNotFound
86887,"{{1, 3, 6, 11, 12}, {2, 5, 10, 15}, {4, 8, 14}, {7, 9}, {13}}","{{1, 2, 3, 7, 9}, {4, 5, 6, 12}, {8, 11, 14}, {10, 15}, {13}}",False,,,,False,FlipSYTNotFound
86952,"{{1, 3, 7, 11, 12}, {2, 5, 10, 15}, {4, 6, 14}, {8, 9}, {13}}","{{1, 2, 3, 7, 8}, {4, 5, 6, 12}, {9, 10, 14}, {11, 15}, {13}}",False,,,,False,FlipSYTNotFound
86971,"{{1, 2, 5, 11, 15}, {3, 4, 7, 14}, {6, 8, 9}, {10, 12}, {13}}","{{1, 2, 3, 6, 10}, {4, 7, 8, 13}, {5, 12, 15}, {9, 14}, {11}}",False,,,,False,FlipSYTNotFound
86972,"{{1, 4, 6, 11, 12}, {2, 5, 10, 15}, {3, 7, 14}, {8, 9}, {13}}","{{1, 2, 3, 7, 8}, {4, 5, 6, 13}, {9, 11, 14}, {10, 15}, {12}}",False,,,,False,FlipSYTNotFound
86975,"{{1, 3, 6, 11, 12}, {2, 5, 10, 15}, {4, 7, 14}, {8, 9}, {13}}","{{1, 2, 3, 7, 8}, {4, 5, 6, 12}, {9, 11, 14}, {10, 15}, {13}}",False,,,,False,FlipSYTNotFound
87058,"{{1, 3, 8, 9, 11}, {2, 4, 10, 15}, {5, 6, 13}, {7, 12}, {14}}","{{1, 2, 4, 9, 11}, {3, 6, 8, 10}, {5, 12, 14}, {7, 15}, {13}}",False,,,,False,FlipSYTNotFound
87060,"{{1, 4, 8, 9, 11}, {2, 6, 10, 15}, {3, 7, 13}, {5, 12}, {14}}","{{1, 2, 4, 9, 11}, {3, 6, 8, 13}, {5, 10, 14}, {7, 15}, {12}}",False,,,,False,FlipSYTNotFound
87063,"{{1, 3, 8, 11, 12}, {2, 5, 9, 15}, {4, 7, 14}, {6, 10}, {13}}","{{1, 2, 3, 9, 10}, {4, 5, 6, 12}, {7, 11, 14}, {8, 15}, {13}}",False,,,,False,FlipSYTNotFound
87075,"{{1, 3, 8, 9, 11}, {2, 5, 10, 15}, {4, 7, 13}, {6, 12}, {14}}","{{1, 2, 4, 9, 10}, {3, 6, 8, 12}, {5, 11, 14}, {7, 15}, {13}}",False,,,,False,FlipSYTNotFound
87078,"{{1, 3, 8, 11, 12}, {2, 4, 9, 15}, {5, 6, 14}, {7, 10}, {13}}","{{1, 2, 3, 9, 11}, {4, 5, 6, 10}, {7, 12, 14}, {8, 15}, {13}}",False,,,,False,FlipSYTNotFound
87091,"{{1, 3, 7, 11, 12}, {2, 5, 9, 15}, {4, 8, 14}, {6, 10}, {13}}","{{1, 2, 3, 8, 10}, {4, 5, 6, 12}, {7, 11, 14}, {9, 15}, {13}}",False,,,,False,FlipSYTNotFound
87159,"{{1, 3, 6, 11, 12}, {2, 5, 9, 15}, {4, 8, 14}, {7, 10}, {13}}","{{1, 2, 3, 8, 9}, {4, 5, 6, 12}, {7, 11, 14}, {10, 15}, {13}}",False,,,,False,FlipSYTNotFound
87208,"{{1, 3, 7, 9, 11}, {2, 4, 10, 15}, {5, 6, 13}, {8, 12}, {14}}","{{1, 2, 4, 8, 11}, {3, 6, 9, 10}, {5, 12, 14}, {7, 15}, {13}}",False,,,,False,FlipSYTNotFound
87219,"{{1, 3, 4, 10, 15}, {2, 6, 9, 14}, {5, 8, 11}, {7, 12}, {13}}","{{1, 2, 3, 8, 9}, {4, 7, 10, 11}, {5, 13, 14}, {6, 15}, {12}}",False,,,,False,FlipSYTNotFound
87220,"{{1, 4, 5, 10, 15}, {2, 6, 9, 14}, {3, 8, 11}, {7, 12}, {13}}","{{1, 2, 3, 8, 9}, {4, 7, 10, 13}, {5, 12, 14}, {6, 15}, {11}}",False,,,,False,FlipSYTNotFound
87381,"{{1, 3, 4, 8, 11}, {2, 7, 10, 15}, {5, 9, 13}, {6, 12}, {14}}","{{1, 2, 4, 10, 14}, {3, 6, 7, 11}, {5, 9, 13}, {8, 15}, {12}}",False,,,,False,FlipSYTNotFound
87406,"{{1, 3, 6, 11, 12}, {2, 5, 8, 15}, {4, 9, 14}, {7, 10}, {13}}","{{1, 2, 3, 9, 12}, {4, 5, 6, 11}, {7, 13, 14}, {8, 15}, {10}}",False,,,,False,FlipSYTNotFound
87419,"{{1, 3, 5, 8, 11}, {2, 4, 10, 15}, {6, 9, 13}, {7, 12}, {14}}","{{1, 2, 4, 9, 14}, {3, 6, 7, 10}, {5, 11, 12}, {8, 15}, {13}}",False,,,,False,FlipSYTNotFound
87497,"{{1, 3, 4, 6, 11}, {2, 8, 10, 15}, {5, 9, 13}, {7, 12}, {14}}","{{1, 2, 4, 9, 14}, {3, 6, 7, 11}, {5, 12, 13}, {8, 15}, {10}}",False,,,,False,FlipSYTNotFound
87511,"{{1, 3, 4, 10, 15}, {2, 6, 8, 14}, {5, 9, 11}, {7, 12}, {13}}","{{1, 2, 3, 7, 9}, {4, 8, 10, 11}, {5, 13, 14}, {6, 15}, {12}}",False,,,,False,FlipSYTNotFound
87572,"{{1, 3, 7, 9, 15}, {2, 6, 8, 12}, {4, 10, 11}, {5, 13}, {14}}","{{1, 2, 5, 6, 11}, {3, 8, 10, 12}, {4, 13, 14}, {7, 15}, {9}}",False,,,,False,FlipSYTNotFound
87585,"{{1, 2, 4, 10, 15}, {3, 5, 6, 14}, {7, 9, 11}, {8, 12}, {13}}","{{1, 2, 3, 7, 8}, {4, 9, 11, 13}, {5, 10, 15}, {6, 14}, {12}}",False,,,,False,FlipSYTNotFound
87605,"{{1, 3, 4, 7, 11}, {2, 5, 10, 15}, {6, 9, 13}, {8, 12}, {14}}","{{1, 2, 4, 8, 14}, {3, 6, 7, 10}, {5, 11, 13}, {9, 15}, {12}}",False,,,,False,FlipSYTNotFound
87612,"{{1, 3, 7, 8, 11}, {2, 4, 10, 15}, {5, 6, 13}, {9, 12}, {14}}","{{1, 2, 4, 7, 11}, {3, 6, 9, 10}, {5, 12, 14}, {8, 15}, {13}}",False,,,,False,FlipSYTNotFound
87629,"{{1, 2, 4, 9, 15}, {3, 7, 8, 12}, {5, 10, 11}, {6, 13}, {14}}","{{1, 2, 5, 6, 10}, {3, 8, 9, 11}, {4, 13, 15}, {7, 14}, {12}}",False,,,,False,FlipSYTNotFound
87648,"{{1, 3, 9, 10, 12}, {2, 5, 11, 15}, {4, 6, 14}, {7, 8}, {13}}","{{1, 2, 3, 8, 9}, {4, 5, 7, 12}, {6, 10, 14}, {11, 15}, {13}}",False,,,,False,FlipSYTNotFound
87657,"{{1, 3, 9, 10, 12}, {2, 5, 11, 15}, {4, 7, 14}, {6, 8}, {13}}","{{1, 2, 3, 8, 10}, {4, 5, 7, 12}, {6, 9, 14}, {11, 15}, {13}}",False,,,,False,FlipSYTNotFound
87660,"{{1, 2, 6, 9, 15}, {3, 5, 8, 12}, {4, 10, 11}, {7, 13}, {14}}","{{1, 2, 5, 6, 9}, {3, 8, 11, 12}, {4, 13, 15}, {7, 14}, {10}}",False,,,,False,FlipSYTNotFound
87672,"{{1, 3, 4, 9, 15}, {2, 6, 8, 12}, {5, 10, 11}, {7, 13}, {14}}","{{1, 2, 5, 6, 9}, {3, 8, 10, 11}, {4, 13, 14}, {7, 15}, {12}}",False,,,,False,FlipSYTNotFound
87690,"{{1, 3, 8, 10, 12}, {2, 5, 11, 15}, {4, 7, 14}, {6, 9}, {13}}","{{1, 2, 3, 9, 10}, {4, 5, 7, 12}, {6, 8, 14}, {11, 15}, {13}}",False,,,,False,FlipSYTNotFound
87730,"{{1, 4, 8, 10, 12}, {2, 5, 11, 15}, {3, 7, 14}, {6, 9}, {13}}","{{1, 2, 3, 9, 10}, {4, 5, 7, 13}, {6, 8, 14}, {11, 15}, {12}}",False,,,,False,FlipSYTNotFound
87872,"{{1, 3, 8, 9, 12}, {2, 5, 11, 15}, {4, 7, 14}, {6, 10}, {13}}","{{1, 2, 3, 9, 10}, {4, 5, 6, 12}, {7, 8, 14}, {11, 15}, {13}}",False,,,,False,FlipSYTNotFound
87885,"{{1, 3, 4, 10, 12}, {2, 7, 11, 15}, {5, 8, 14}, {6, 9}, {13}}","{{1, 2, 3, 10, 14}, {4, 5, 7, 11}, {6, 8, 13}, {9, 15}, {12}}",False,,,,False,FlipSYTNotFound
87934,"{{1, 4, 8, 9, 12}, {2, 5, 11, 15}, {3, 7, 14}, {6, 10}, {13}}","{{1, 2, 3, 9, 10}, {4, 5, 6, 13}, {7, 8, 14}, {11, 15}, {12}}",False,,,,False,FlipSYTNotFound
87978,"{{1, 3, 6, 9, 11}, {2, 5, 8, 15}, {4, 10, 13}, {7, 12}, {14}}","{{1, 2, 4, 9, 12}, {3, 6, 8, 11}, {5, 13, 14}, {7, 15}, {10}}",False,,,,False,FlipSYTNotFound
88007,"{{1, 3, 6, 9, 11}, {2, 5, 7, 15}, {4, 10, 13}, {8, 12}, {14}}","{{1, 2, 4, 8, 12}, {3, 6, 9, 11}, {5, 13, 14}, {7, 15}, {10}}",False,,,,False,FlipSYTNotFound
88040,"{{1, 3, 4, 9, 12}, {2, 7, 11, 15}, {5, 8, 14}, {6, 10}, {13}}","{{1, 2, 3, 10, 14}, {4, 5, 6, 11}, {7, 8, 13}, {9, 15}, {12}}",False,,,,False,FlipSYTNotFound
88246,"{{1, 3, 4, 8, 12}, {2, 7, 11, 15}, {5, 9, 14}, {6, 10}, {13}}","{{1, 2, 3, 10, 14}, {4, 5, 6, 11}, {7, 9, 13}, {8, 15}, {12}}",False,,,,False,FlipSYTNotFound
88268,"{{1, 3, 4, 6, 11}, {2, 8, 9, 15}, {5, 10, 13}, {7, 12}, {14}}","{{1, 2, 4, 9, 14}, {3, 6, 8, 11}, {5, 12, 13}, {7, 15}, {10}}",False,,,,False,FlipSYTNotFound
88316,"{{1, 2, 4, 8, 15}, {3, 5, 6, 12}, {7, 10, 11}, {9, 13}, {14}}","{{1, 2, 5, 6, 7}, {3, 9, 11, 13}, {4, 10, 15}, {8, 14}, {12}}",False,,,,False,FlipSYTNotFound
88318,"{{1, 3, 5, 7, 12}, {2, 8, 11, 15}, {4, 9, 14}, {6, 10}, {13}}","{{1, 2, 3, 10, 14}, {4, 5, 6, 12}, {7, 11, 13}, {8, 15}, {9}}",False,,,,False,FlipSYTNotFound
88348,"{{1, 2, 6, 8, 11}, {3, 5, 7, 15}, {4, 10, 13}, {9, 12}, {14}}","{{1, 2, 4, 7, 12}, {3, 6, 9, 11}, {5, 13, 15}, {8, 14}, {10}}",False,,,,False,FlipSYTNotFound
88370,"{{1, 3, 4, 6, 12}, {2, 8, 11, 15}, {5, 9, 14}, {7, 10}, {13}}","{{1, 2, 3, 9, 14}, {4, 5, 6, 11}, {7, 12, 13}, {8, 15}, {10}}",False,,,,False,FlipSYTNotFound
88526,"{{1, 2, 4, 7, 15}, {3, 5, 6, 12}, {8, 10, 11}, {9, 13}, {14}}","{{1, 2, 5, 6, 7}, {3, 8, 11, 13}, {4, 10, 15}, {9, 14}, {12}}",False,,,,False,FlipSYTNotFound
88597,"{{1, 3, 5, 8, 12}, {2, 4, 11, 15}, {6, 7, 14}, {9, 10}, {13}}","{{1, 2, 3, 7, 14}, {4, 5, 6, 10}, {8, 9, 12}, {11, 15}, {13}}",False,,,,False,FlipSYTNotFound
88734,"{{1, 4, 8, 10, 12}, {2, 6, 9, 15}, {3, 7, 14}, {5, 11}, {13}}","{{1, 2, 3, 9, 11}, {4, 5, 7, 13}, {6, 10, 14}, {8, 15}, {12}}",False,,,,False,FlipSYTNotFound
88765,"{{1, 3, 6, 8, 11}, {2, 5, 9, 15}, {4, 7, 13}, {10, 12}, {14}}","{{1, 2, 4, 6, 12}, {3, 7, 9, 11}, {5, 10, 14}, {8, 15}, {13}}",False,,,,False,FlipSYTNotFound
88772,"{{1, 3, 8, 10, 12}, {2, 5, 9, 15}, {4, 7, 14}, {6, 11}, {13}}","{{1, 2, 3, 9, 10}, {4, 5, 7, 12}, {6, 11, 14}, {8, 15}, {13}}",False,,,,False,FlipSYTNotFound
88794,"{{1, 3, 8, 10, 12}, {2, 4, 9, 15}, {5, 6, 14}, {7, 11}, {13}}","{{1, 2, 3, 9, 11}, {4, 5, 7, 10}, {6, 12, 14}, {8, 15}, {13}}",False,,,,False,FlipSYTNotFound
88809,"{{1, 3, 7, 10, 12}, {2, 5, 9, 15}, {4, 8, 14}, {6, 11}, {13}}","{{1, 2, 3, 8, 10}, {4, 5, 7, 12}, {6, 11, 14}, {9, 15}, {13}}",False,,,,False,FlipSYTNotFound
88821,"{{1, 2, 6, 8, 11}, {3, 5, 7, 15}, {4, 9, 13}, {10, 12}, {14}}","{{1, 2, 4, 6, 12}, {3, 7, 9, 11}, {5, 13, 15}, {8, 14}, {10}}",False,,,,False,FlipSYTNotFound
88846,"{{1, 3, 6, 10, 12}, {2, 5, 9, 15}, {4, 8, 14}, {7, 11}, {13}}","{{1, 2, 3, 8, 9}, {4, 5, 7, 12}, {6, 11, 14}, {10, 15}, {13}}",False,,,,False,FlipSYTNotFound
88960,"{{1, 2, 4, 9, 15}, {3, 5, 6, 14}, {7, 10, 11}, {8, 12}, {13}}","{{1, 2, 3, 6, 8}, {4, 9, 11, 13}, {5, 10, 15}, {7, 14}, {12}}",False,,,,False,FlipSYTNotFound
89054,"{{1, 3, 6, 10, 12}, {2, 5, 8, 15}, {4, 9, 14}, {7, 11}, {13}}","{{1, 2, 3, 9, 12}, {4, 5, 7, 11}, {6, 13, 14}, {8, 15}, {10}}",False,,,,False,FlipSYTNotFound
89083,"{{1, 3, 8, 9, 10}, {2, 4, 11, 15}, {5, 6, 13}, {7, 12}, {14}}","{{1, 2, 4, 9, 11}, {3, 7, 8, 10}, {5, 12, 14}, {6, 15}, {13}}",False,,,,False,FlipSYTNotFound
89137,"{{1, 3, 8, 9, 10}, {2, 5, 11, 15}, {4, 7, 13}, {6, 12}, {14}}","{{1, 2, 4, 9, 10}, {3, 7, 8, 12}, {5, 11, 14}, {6, 15}, {13}}",False,,,,False,FlipSYTNotFound
89152,"{{1, 2, 6, 10, 12}, {3, 5, 7, 15}, {4, 9, 14}, {8, 11}, {13}}","{{1, 2, 3, 8, 12}, {4, 5, 7, 11}, {6, 13, 15}, {9, 14}, {10}}",False,,,,False,FlipSYTNotFound
89253,"{{1, 2, 4, 7, 15}, {3, 5, 6, 12}, {8, 9, 11}, {10, 13}, {14}}","{{1, 2, 5, 6, 8}, {3, 7, 11, 13}, {4, 10, 15}, {9, 14}, {12}}",False,,,,False,FlipSYTNotFound
89297,"{{1, 3, 7, 9, 10}, {2, 4, 11, 15}, {5, 6, 13}, {8, 12}, {14}}","{{1, 2, 4, 8, 11}, {3, 7, 9, 10}, {5, 12, 14}, {6, 15}, {13}}",False,,,,False,FlipSYTNotFound
89302,"{{1, 2, 4, 10, 12}, {3, 6, 7, 15}, {5, 8, 14}, {9, 11}, {13}}","{{1, 2, 3, 7, 11}, {4, 5, 8, 10}, {6, 13, 15}, {9, 14}, {12}}",False,,,,False,FlipSYTNotFound
89337,"{{1, 4, 8, 9, 12}, {2, 6, 10, 15}, {3, 7, 14}, {5, 11}, {13}}","{{1, 2, 3, 9, 11}, {4, 5, 8, 13}, {6, 10, 14}, {7, 15}, {12}}",False,,,,False,FlipSYTNotFound
89376,"{{1, 3, 4, 9, 10}, {2, 5, 11, 15}, {6, 7, 13}, {8, 12}, {14}}","{{1, 2, 4, 8, 14}, {3, 7, 9, 10}, {5, 11, 13}, {6, 15}, {12}}",False,,,,False,FlipSYTNotFound
89377,"{{1, 2, 5, 8, 15}, {3, 4, 7, 14}, {6, 10, 11}, {9, 12}, {13}}","{{1, 2, 3, 6, 7}, {4, 9, 10, 13}, {5, 12, 15}, {8, 14}, {11}}",False,,,,False,FlipSYTNotFound
89427,"{{1, 3, 8, 9, 12}, {2, 5, 10, 15}, {4, 7, 14}, {6, 11}, {13}}","{{1, 2, 3, 9, 10}, {4, 5, 8, 12}, {6, 11, 14}, {7, 15}, {13}}",False,,,,False,FlipSYTNotFound
89482,"{{1, 3, 4, 8, 10}, {2, 6, 11, 15}, {5, 9, 13}, {7, 12}, {14}}","{{1, 2, 4, 9, 14}, {3, 7, 10, 11}, {5, 8, 13}, {6, 15}, {12}}",False,,,,False,FlipSYTNotFound
89511,"{{1, 3, 5, 7, 10}, {2, 8, 11, 15}, {4, 9, 13}, {6, 12}, {14}}","{{1, 2, 4, 10, 14}, {3, 7, 11, 12}, {5, 8, 13}, {6, 15}, {9}}",False,,,,False,FlipSYTNotFound
89538,"{{1, 3, 5, 9, 12}, {2, 4, 10, 15}, {6, 8, 14}, {7, 11}, {13}}","{{1, 2, 3, 9, 14}, {4, 5, 8, 10}, {6, 11, 12}, {7, 15}, {13}}",False,,,,False,FlipSYTNotFound
89565,"{{1, 3, 7, 9, 12}, {2, 4, 10, 15}, {5, 6, 14}, {8, 11}, {13}}","{{1, 2, 3, 8, 11}, {4, 5, 9, 10}, {6, 12, 14}, {7, 15}, {13}}",False,,,,False,FlipSYTNotFound
89568,"{{1, 2, 4, 9, 15}, {3, 6, 7, 12}, {5, 8, 10}, {11, 13}, {14}}","{{1, 2, 5, 8, 11}, {3, 6, 10, 13}, {4, 9, 15}, {7, 14}, {12}}",False,,,,False,FlipSYTNotFound
89581,"{{1, 3, 4, 9, 12}, {2, 7, 10, 15}, {5, 8, 14}, {6, 11}, {13}}","{{1, 2, 3, 10, 14}, {4, 5, 8, 11}, {6, 9, 13}, {7, 15}, {12}}",False,,,,False,FlipSYTNotFound
89589,"{{1, 3, 4, 9, 12}, {2, 5, 10, 15}, {6, 7, 14}, {8, 11}, {13}}","{{1, 2, 3, 8, 14}, {4, 5, 9, 10}, {6, 11, 13}, {7, 15}, {12}}",False,,,,False,FlipSYTNotFound
89657,"{{1, 2, 4, 7, 15}, {3, 5, 6, 14}, {8, 10, 11}, {9, 12}, {13}}","{{1, 2, 3, 6, 7}, {4, 8, 11, 13}, {5, 10, 15}, {9, 14}, {12}}",False,,,,False,FlipSYTNotFound
89687,"{{1, 3, 7, 8, 10}, {2, 4, 11, 15}, {5, 6, 13}, {9, 12}, {14}}","{{1, 2, 4, 7, 11}, {3, 8, 9, 10}, {5, 12, 14}, {6, 15}, {13}}",False,,,,False,FlipSYTNotFound
89707,"{{1, 3, 5, 8, 12}, {2, 4, 10, 15}, {6, 9, 14}, {7, 11}, {13}}","{{1, 2, 3, 9, 14}, {4, 5, 7, 10}, {6, 11, 12}, {8, 15}, {13}}",False,,,,False,FlipSYTNotFound
89786,"{{1, 3, 5, 7, 12}, {2, 8, 10, 15}, {4, 9, 14}, {6, 11}, {13}}","{{1, 2, 3, 10, 14}, {4, 5, 7, 12}, {6, 11, 13}, {8, 15}, {9}}",False,,,,False,FlipSYTNotFound
89943,"{{1, 3, 7, 8, 12}, {2, 4, 10, 15}, {5, 6, 14}, {9, 11}, {13}}","{{1, 2, 3, 7, 11}, {4, 5, 9, 10}, {6, 12, 14}, {8, 15}, {13}}",False,,,,False,FlipSYTNotFound
89974,"{{1, 3, 4, 8, 9}, {2, 6, 11, 15}, {5, 10, 13}, {7, 12}, {14}}","{{1, 2, 4, 9, 14}, {3, 6, 10, 11}, {5, 8, 13}, {7, 15}, {12}}",False,,,,False,FlipSYTNotFound
90022,"{{1, 3, 4, 8, 12}, {2, 5, 10, 15}, {6, 7, 14}, {9, 11}, {13}}","{{1, 2, 3, 7, 14}, {4, 5, 9, 10}, {6, 11, 13}, {8, 15}, {12}}",False,,,,False,FlipSYTNotFound
90181,"{{1, 2, 8, 10, 15}, {3, 4, 9, 11}, {5, 6, 12}, {7, 13}, {14}}","{{1, 2, 7, 9, 11}, {3, 8, 10, 13}, {4, 12, 15}, {5, 14}, {6}}",False,,,,False,FlipSYTNotFound
90262,"{{1, 3, 6, 9, 12}, {2, 7, 8, 15}, {4, 10, 14}, {5, 11}, {13}}","{{1, 2, 3, 9, 11}, {4, 5, 8, 12}, {6, 13, 14}, {7, 15}, {10}}",False,,,,False,FlipSYTNotFound
90324,"{{1, 3, 6, 9, 12}, {2, 5, 8, 15}, {4, 10, 14}, {7, 11}, {13}}","{{1, 2, 3, 9, 12}, {4, 5, 8, 11}, {6, 13, 14}, {7, 15}, {10}}",False,,,,False,FlipSYTNotFound
90386,"{{1, 2, 4, 6, 15}, {3, 5, 7, 14}, {8, 9, 11}, {10, 12}, {13}}","{{1, 2, 3, 6, 8}, {4, 7, 13, 15}, {5, 11, 14}, {9, 12}, {10}}",False,,,,False,FlipSYTNotFound
90405,"{{1, 2, 4, 7, 15}, {3, 5, 6, 14}, {8, 9, 11}, {10, 12}, {13}}","{{1, 2, 3, 6, 8}, {4, 7, 11, 13}, {5, 10, 15}, {9, 14}, {12}}",False,,,,False,FlipSYTNotFound
90542,"{{1, 3, 7, 8, 9}, {2, 4, 11, 15}, {5, 6, 13}, {10, 12}, {14}}","{{1, 2, 4, 6, 11}, {3, 8, 9, 10}, {5, 12, 14}, {7, 15}, {13}}",False,,,,False,FlipSYTNotFound
90551,"{{1, 3, 6, 8, 9}, {2, 5, 11, 15}, {4, 7, 13}, {10, 12}, {14}}","{{1, 2, 4, 6, 12}, {3, 8, 9, 11}, {5, 10, 14}, {7, 15}, {13}}",False,,,,False,FlipSYTNotFound
90624,"{{1, 3, 4, 8, 9}, {2, 5, 11, 15}, {6, 7, 13}, {10, 12}, {14}}","{{1, 2, 4, 6, 14}, {3, 8, 9, 10}, {5, 11, 13}, {7, 15}, {12}}",False,,,,False,FlipSYTNotFound
90634,"{{1, 3, 4, 6, 12}, {2, 8, 9, 15}, {5, 10, 14}, {7, 11}, {13}}","{{1, 2, 3, 9, 14}, {4, 5, 8, 11}, {6, 12, 13}, {7, 15}, {10}}",False,,,,False,FlipSYTNotFound
90669,"{{1, 2, 4, 9, 15}, {3, 6, 8, 14}, {5, 7, 10}, {11, 12}, {13}}","{{1, 2, 3, 5, 11}, {4, 8, 9, 13}, {6, 10, 15}, {7, 14}, {12}}",False,,,,False,FlipSYTNotFound
91206,"{{1, 3, 4, 8, 12}, {2, 5, 9, 15}, {6, 7, 14}, {10, 11}, {13}}","{{1, 2, 3, 6, 14}, {4, 5, 9, 10}, {7, 11, 13}, {8, 15}, {12}}",False,,,,False,FlipSYTNotFound
91294,"{{1, 2, 4, 7, 15}, {3, 5, 6, 14}, {8, 9, 10}, {11, 12}, {13}}","{{1, 2, 3, 5, 8}, {4, 7, 11, 13}, {6, 10, 15}, {9, 14}, {12}}",False,,,,False,FlipSYTNotFound
91332,"{{1, 6, 10, 12, 15}, {2, 7, 11, 13}, {3, 8, 14}, {4, 9}, {5}}","{{1, 2, 5, 7, 11}, {3, 6, 8, 12}, {4, 9, 13}, {10, 14}, {15}}",False,,,,False,FlipSYTNotFound
91347,"{{1, 4, 10, 12, 15}, {2, 5, 11, 13}, {3, 8, 14}, {6, 9}, {7}}","{{1, 2, 5, 7, 9}, {3, 6, 8, 10}, {4, 11, 13}, {12, 14}, {15}}",False,,,,False,FlipSYTNotFound
91430,"{{1, 5, 10, 12, 15}, {2, 6, 11, 13}, {3, 7, 14}, {4, 8}, {9}}","{{1, 2, 5, 7, 12}, {3, 6, 8, 13}, {4, 9, 14}, {10, 15}, {11}}",True,20,20,5.00812404004710496145E-1,False,DistanceAboveTolerance
91463,"{{1, 3, 10, 12, 15}, {2, 5, 11, 13}, {4, 6, 14}, {7, 9}, {8}}","{{1, 2, 5, 7, 8}, {3, 6, 9, 12}, {4, 10, 14}, {11, 15}, {13}}",False,,,,False,FlipSYTNotFound
91514,"{{1, 3, 10, 12, 15}, {2, 5, 11, 13}, {4, 7, 14}, {6, 8}, {9}}","{{1, 2, 5, 7, 10}, {3, 6, 8, 12}, {4, 9, 14}, {11, 15}, {13}}",False,,,,False,FlipSYTNotFound
91529,"{{1, 3, 10, 12, 15}, {2, 5, 11, 13}, {4, 6, 14}, {7, 8}, {9}}","{{1, 2, 5, 7, 9}, {3, 6, 8, 12}, {4, 10, 14}, {11, 15}, {13}}",False,,,,False,FlipSYTNotFound
91537,"{{1, 4, 9, 12, 15}, {2, 5, 11, 13}, {3, 8, 14}, {6, 10}, {7}}","{{1, 2, 5, 6, 9}, {3, 7, 8, 10}, {4, 11, 13}, {12, 14}, {15}}",False,,,,False,FlipSYTNotFound
91589,"{{1, 3, 9, 10, 11}, {2, 5, 12, 15}, {4, 7, 14}, {6, 8}, {13}}","{{1, 2, 3, 8, 10}, {4, 6, 7, 12}, {5, 9, 14}, {11, 15}, {13}}",False,,,,False,FlipSYTNotFound
91605,"{{1, 3, 9, 10, 11}, {2, 5, 12, 15}, {4, 6, 14}, {7, 8}, {13}}","{{1, 2, 3, 8, 9}, {4, 6, 7, 12}, {5, 10, 14}, {11, 15}, {13}}",False,,,,False,FlipSYTNotFound
91618,"{{1, 6, 9, 12, 15}, {2, 7, 11, 13}, {3, 8, 14}, {4, 10}, {5}}","{{1, 2, 5, 6, 11}, {3, 7, 8, 12}, {4, 9, 13}, {10, 14}, {15}}",False,,,,False,FlipSYTNotFound
91639,"{{1, 3, 9, 12, 15}, {2, 5, 11, 13}, {4, 6, 14}, {7, 10}, {8}}","{{1, 2, 5, 6, 8}, {3, 7, 9, 12}, {4, 10, 14}, {11, 15}, {13}}",False,,,,False,FlipSYTNotFound
91657,"{{1, 3, 8, 10, 11}, {2, 5, 12, 15}, {4, 7, 14}, {6, 9}, {13}}","{{1, 2, 3, 9, 10}, {4, 6, 7, 12}, {5, 8, 14}, {11, 15}, {13}}",False,,,,False,FlipSYTNotFound
91680,"{{1, 6, 8, 12, 15}, {2, 7, 11, 13}, {3, 9, 14}, {4, 10}, {5}}","{{1, 2, 5, 6, 11}, {3, 7, 9, 12}, {4, 8, 13}, {10, 14}, {15}}",False,,,,False,FlipSYTNotFound
91716,"{{1, 4, 8, 10, 11}, {2, 5, 12, 15}, {3, 7, 14}, {6, 9}, {13}}","{{1, 2, 3, 9, 10}, {4, 6, 7, 13}, {5, 8, 14}, {11, 15}, {12}}",False,,,,False,FlipSYTNotFound
91776,"{{1, 3, 7, 10, 11}, {2, 5, 12, 15}, {4, 6, 14}, {8, 9}, {13}}","{{1, 2, 3, 8, 12}, {4, 6, 7, 10}, {5, 9, 14}, {11, 15}, {13}}",False,,,,False,FlipSYTNotFound
91778,"{{1, 3, 7, 10, 11}, {2, 4, 12, 15}, {5, 8, 14}, {6, 9}, {13}}","{{1, 2, 3, 10, 14}, {4, 6, 7, 11}, {5, 8, 12}, {9, 15}, {13}}",False,,,,False,FlipSYTNotFound
91838,"{{1, 3, 4, 10, 11}, {2, 7, 12, 15}, {5, 8, 14}, {6, 9}, {13}}","{{1, 2, 3, 10, 14}, {4, 6, 7, 11}, {5, 8, 13}, {9, 15}, {12}}",False,,,,False,FlipSYTNotFound
91852,"{{1, 3, 8, 9, 11}, {2, 5, 12, 15}, {4, 7, 14}, {6, 10}, {13}}","{{1, 2, 3, 9, 10}, {4, 6, 8, 12}, {5, 7, 14}, {11, 15}, {13}}",False,,,,False,FlipSYTNotFound
91939,"{{1, 4, 8, 9, 11}, {2, 5, 12, 15}, {3, 7, 14}, {6, 10}, {13}}","{{1, 2, 3, 9, 10}, {4, 6, 8, 13}, {5, 7, 14}, {11, 15}, {12}}",False,,,,False,FlipSYTNotFound
91984,"{{1, 3, 8, 12, 15}, {2, 5, 11, 13}, {4, 6, 14}, {7, 10}, {9}}","{{1, 2, 5, 6, 7}, {3, 8, 9, 12}, {4, 10, 14}, {11, 15}, {13}}",False,,,,False,FlipSYTNotFound
92054,"{{1, 3, 4, 9, 11}, {2, 7, 12, 15}, {5, 8, 14}, {6, 10}, {13}}","{{1, 2, 3, 10, 14}, {4, 6, 8, 11}, {5, 7, 13}, {9, 15}, {12}}",False,,,,False,FlipSYTNotFound
92079,"{{1, 3, 6, 9, 10}, {2, 5, 7, 15}, {4, 11, 12}, {8, 13}, {14}}","{{1, 2, 5, 8, 12}, {3, 7, 9, 11}, {4, 13, 14}, {6, 15}, {10}}",False,,,,False,FlipSYTNotFound
92100,"{{1, 3, 6, 9, 10}, {2, 5, 8, 15}, {4, 11, 12}, {7, 13}, {14}}","{{1, 2, 5, 9, 12}, {3, 7, 8, 11}, {4, 13, 14}, {6, 15}, {10}}",False,,,,False,FlipSYTNotFound
92135,"{{1, 3, 6, 8, 15}, {2, 4, 9, 11}, {5, 10, 12}, {7, 13}, {14}}","{{1, 2, 6, 9, 14}, {3, 7, 11, 15}, {4, 10, 12}, {5, 13}, {8}}",False,,,,False,FlipSYTNotFound
92156,"{{1, 3, 7, 12, 15}, {2, 5, 11, 13}, {4, 6, 14}, {8, 10}, {9}}","{{1, 2, 5, 6, 7}, {3, 8, 10, 12}, {4, 9, 14}, {11, 15}, {13}}",False,,,,False,FlipSYTNotFound
92200,"{{1, 3, 6, 12, 15}, {2, 5, 11, 13}, {4, 7, 14}, {8, 10}, {9}}","{{1, 2, 5, 6, 7}, {3, 8, 11, 12}, {4, 9, 14}, {10, 15}, {13}}",False,,,,False,FlipSYTNotFound
92288,"{{1, 3, 4, 8, 11}, {2, 6, 12, 15}, {5, 9, 14}, {7, 10}, {13}}","{{1, 2, 3, 9, 14}, {4, 6, 10, 11}, {5, 7, 13}, {8, 15}, {12}}",False,,,,False,FlipSYTNotFound
92295,"{{1, 3, 9, 12, 15}, {2, 5, 11, 13}, {4, 7, 14}, {6, 8}, {10}}","{{1, 2, 5, 6, 10}, {3, 7, 8, 12}, {4, 9, 14}, {11, 15}, {13}}",False,,,,False,FlipSYTNotFound
92320,"{{1, 3, 9, 12, 15}, {2, 5, 11, 13}, {4, 6, 14}, {7, 8}, {10}}","{{1, 2, 5, 6, 9}, {3, 7, 8, 12}, {4, 10, 14}, {11, 15}, {13}}",False,,,,False,FlipSYTNotFound
92326,"{{1, 4, 8, 12, 15}, {2, 5, 11, 13}, {3, 7, 14}, {6, 9}, {10}}","{{1, 2, 5, 6, 10}, {3, 7, 9, 13}, {4, 8, 14}, {11, 15}, {12}}",False,,,,False,FlipSYTNotFound
92337,"{{1, 3, 8, 12, 15}, {2, 5, 11, 13}, {4, 7, 14}, {6, 9}, {10}}","{{1, 2, 5, 6, 10}, {3, 7, 9, 12}, {4, 8, 14}, {11, 15}, {13}}",False,,,,False,FlipSYTNotFound
92346,"{{1, 3, 8, 12, 15}, {2, 5, 11, 13}, {4, 6, 14}, {7, 9}, {10}}","{{1, 2, 5, 6, 9}, {3, 7, 10, 12}, {4, 8, 14}, {11, 15}, {13}}",False,,,,False,FlipSYTNotFound
92375,"{{1, 3, 5, 7, 11}, {2, 6, 12, 15}, {4, 9, 14}, {8, 10}, {13}}","{{1, 2, 3, 8, 14}, {4, 6, 10, 12}, {5, 7, 13}, {9, 15}, {11}}",False,,,,False,FlipSYTNotFound
92456,"{{1, 4, 6, 12, 15}, {2, 5, 11, 13}, {3, 8, 14}, {7, 9}, {10}}","{{1, 2, 5, 6, 9}, {3, 7, 11, 13}, {4, 8, 14}, {10, 15}, {12}}",False,,,,False,FlipSYTNotFound
92481,"{{1, 3, 6, 8, 10}, {2, 5, 7, 15}, {4, 11, 12}, {9, 13}, {14}}","{{1, 2, 5, 7, 12}, {3, 8, 9, 11}, {4, 13, 14}, {6, 15}, {10}}",False,,,,False,FlipSYTNotFound
92545,"{{1, 3, 7, 12, 15}, {2, 5, 11, 13}, {4, 6, 14}, {8, 9}, {10}}","{{1, 2, 5, 6, 8}, {3, 7, 10, 12}, {4, 9, 14}, {11, 15}, {13}}",False,,,,False,FlipSYTNotFound
92638,"{{1, 6, 9, 12, 15}, {2, 7, 10, 13}, {3, 8, 14}, {4, 11}, {5}}","{{1, 2, 5, 8, 11}, {3, 6, 9, 12}, {4, 7, 13}, {10, 14}, {15}}",False,,,,False,FlipSYTNotFound
92693,"{{1, 3, 8, 9, 10}, {2, 5, 12, 15}, {4, 7, 14}, {6, 11}, {13}}","{{1, 2, 3, 9, 10}, {4, 5, 8, 12}, {6, 7, 14}, {11, 15}, {13}}",False,,,,False,FlipSYTNotFound
92741,"{{1, 4, 8, 9, 10}, {2, 5, 12, 15}, {3, 7, 14}, {6, 11}, {13}}","{{1, 2, 3, 9, 10}, {4, 5, 8, 13}, {6, 7, 14}, {11, 15}, {12}}",False,,,,False,FlipSYTNotFound
92797,"{{1, 6, 8, 12, 15}, {2, 7, 10, 13}, {3, 9, 14}, {4, 11}, {5}}","{{1, 2, 5, 7, 11}, {3, 6, 9, 12}, {4, 8, 13}, {10, 14}, {15}}",False,,,,False,FlipSYTNotFound
92969,"{{1, 3, 6, 12, 15}, {2, 5, 10, 13}, {4, 9, 14}, {7, 11}, {8}}","{{1, 2, 5, 7, 8}, {3, 6, 9, 12}, {4, 10, 11}, {13, 14}, {15}}",False,,,,False,FlipSYTNotFound
93054,"{{1, 3, 4, 8, 10}, {2, 6, 12, 15}, {5, 9, 14}, {7, 11}, {13}}","{{1, 2, 3, 9, 14}, {4, 5, 10, 11}, {6, 7, 13}, {8, 15}, {12}}",False,,,,False,FlipSYTNotFound
93185,"{{1, 2, 5, 7, 15}, {3, 4, 9, 11}, {6, 8, 12}, {10, 13}, {14}}","{{1, 2, 6, 8, 10}, {3, 7, 12, 13}, {4, 11, 15}, {5, 14}, {9}}",False,,,,False,FlipSYTNotFound
93364,"{{1, 3, 8, 12, 15}, {2, 4, 9, 13}, {5, 10, 14}, {6, 11}, {7}}","{{1, 2, 5, 9, 14}, {3, 6, 10, 15}, {4, 7, 11}, {8, 12}, {13}}",True,20,20,5.00214469516348234559E-1,False,DistanceAboveTolerance
93378,"{{1, 4, 8, 12, 15}, {2, 5, 9, 13}, {3, 10, 14}, {6, 11}, {7}}","{{1, 2, 5, 9, 13}, {3, 6, 10, 14}, {4, 7, 11}, {8, 12}, {15}}",True,20,20,5.59447269627859830949E-1,False,DistanceAboveTolerance
93409,"{{1, 2, 4, 6, 10}, {3, 7, 12, 15}, {5, 8, 14}, {9, 11}, {13}}","{{1, 2, 3, 7, 15}, {4, 5, 11, 13}, {6, 8, 12}, {9, 14}, {10}}",False,,,,False,FlipSYTNotFound
93908,"{{1, 2, 5, 6, 8}, {3, 4, 7, 15}, {9, 11, 12}, {10, 13}, {14}}","{{1, 2, 5, 6, 13}, {3, 7, 11, 12}, {4, 9, 15}, {8, 14}, {10}}",False,,,,False,FlipSYTNotFound
94001,"{{1, 2, 6, 9, 10}, {3, 4, 8, 15}, {5, 7, 12}, {11, 13}, {14}}","{{1, 2, 5, 9, 11}, {3, 7, 8, 13}, {4, 12, 15}, {6, 14}, {10}}",False,,,,False,FlipSYTNotFound
94021,"{{1, 2, 4, 9, 10}, {3, 6, 8, 15}, {5, 7, 12}, {11, 13}, {14}}","{{1, 2, 5, 9, 11}, {3, 7, 8, 13}, {4, 10, 15}, {6, 14}, {12}}",False,,,,False,FlipSYTNotFound
94549,"{{1, 4, 5, 12, 15}, {2, 6, 8, 13}, {3, 7, 14}, {9, 11}, {10}}","{{1, 2, 5, 6, 13}, {3, 7, 9, 14}, {4, 8, 12}, {10, 15}, {11}}",False,,,,False,FlipSYTNotFound
94601,"{{1, 4, 5, 12, 15}, {2, 6, 7, 13}, {3, 8, 14}, {9, 11}, {10}}","{{1, 2, 5, 6, 13}, {3, 7, 10, 14}, {4, 8, 12}, {9, 15}, {11}}",False,,,,False,FlipSYTNotFound
94649,"{{1, 4, 9, 12, 15}, {2, 5, 10, 13}, {3, 7, 14}, {6, 8}, {11}}","{{1, 2, 5, 8, 10}, {3, 6, 9, 13}, {4, 7, 14}, {11, 15}, {12}}",False,,,,False,FlipSYTNotFound
94657,"{{1, 3, 8, 10, 11}, {2, 5, 9, 15}, {4, 7, 14}, {6, 12}, {13}}","{{1, 2, 3, 9, 10}, {4, 6, 7, 12}, {5, 11, 14}, {8, 15}, {13}}",False,,,,False,FlipSYTNotFound
94667,"{{1, 3, 9, 12, 15}, {2, 5, 10, 13}, {4, 7, 14}, {6, 8}, {11}}","{{1, 2, 5, 8, 10}, {3, 6, 9, 12}, {4, 7, 14}, {11, 15}, {13}}",False,,,,False,FlipSYTNotFound
94672,"{{1, 3, 9, 12, 15}, {2, 5, 10, 13}, {4, 6, 14}, {7, 8}, {11}}","{{1, 2, 5, 8, 9}, {3, 6, 10, 12}, {4, 7, 14}, {11, 15}, {13}}",False,,,,False,FlipSYTNotFound
94679,"{{1, 3, 8, 10, 11}, {2, 4, 9, 15}, {5, 6, 14}, {7, 12}, {13}}","{{1, 2, 3, 9, 11}, {4, 6, 7, 10}, {5, 12, 14}, {8, 15}, {13}}",False,,,,False,FlipSYTNotFound
94692,"{{1, 3, 8, 12, 15}, {2, 5, 10, 13}, {4, 7, 14}, {6, 9}, {11}}","{{1, 2, 5, 7, 10}, {3, 6, 9, 12}, {4, 8, 14}, {11, 15}, {13}}",False,,,,False,FlipSYTNotFound
94730,"{{1, 4, 8, 12, 15}, {2, 5, 10, 13}, {3, 7, 14}, {6, 9}, {11}}","{{1, 2, 5, 7, 10}, {3, 6, 9, 13}, {4, 8, 14}, {11, 15}, {12}}",False,,,,False,FlipSYTNotFound
94735,"{{1, 3, 8, 12, 15}, {2, 5, 10, 13}, {4, 6, 14}, {7, 9}, {11}}","{{1, 2, 5, 7, 9}, {3, 6, 10, 12}, {4, 8, 14}, {11, 15}, {13}}",False,,,,False,FlipSYTNotFound
94750,"{{1, 3, 7, 10, 11}, {2, 5, 9, 15}, {4, 8, 14}, {6, 12}, {13}}","{{1, 2, 3, 8, 10}, {4, 6, 7, 12}, {5, 11, 14}, {9, 15}, {13}}",False,,,,False,FlipSYTNotFound
94812,"{{1, 3, 6, 10, 11}, {2, 5, 9, 15}, {4, 8, 14}, {7, 12}, {13}}","{{1, 2, 3, 8, 9}, {4, 6, 7, 12}, {5, 11, 14}, {10, 15}, {13}}",False,,,,False,FlipSYTNotFound
94873,"{{1, 4, 6, 12, 15}, {2, 5, 10, 13}, {3, 8, 14}, {7, 9}, {11}}","{{1, 2, 5, 7, 9}, {3, 6, 11, 13}, {4, 8, 14}, {10, 15}, {12}}",False,,,,False,FlipSYTNotFound
94910,"{{1, 2, 5, 12, 15}, {3, 6, 10, 13}, {4, 8, 14}, {7, 9}, {11}}","{{1, 2, 5, 7, 9}, {3, 6, 12, 15}, {4, 8, 13}, {10, 14}, {11}}",False,,,,False,FlipSYTNotFound
94982,"{{1, 3, 7, 12, 15}, {2, 5, 10, 13}, {4, 6, 14}, {8, 9}, {11}}","{{1, 2, 5, 7, 8}, {3, 6, 10, 12}, {4, 9, 14}, {11, 15}, {13}}",False,,,,False,FlipSYTNotFound
95044,"{{1, 2, 6, 10, 11}, {3, 5, 7, 15}, {4, 9, 14}, {8, 12}, {13}}","{{1, 2, 3, 8, 12}, {4, 6, 7, 11}, {5, 13, 15}, {9, 14}, {10}}",False,,,,False,FlipSYTNotFound
95131,"{{1, 3, 5, 12, 15}, {2, 7, 9, 13}, {4, 8, 14}, {6, 10}, {11}}","{{1, 2, 5, 8, 10}, {3, 6, 12, 14}, {4, 7, 13}, {9, 15}, {11}}",False,,,,False,FlipSYTNotFound
95137,"{{1, 4, 6, 7, 9}, {2, 5, 8, 15}, {3, 10, 12}, {11, 13}, {14}}","{{1, 2, 5, 11, 13}, {3, 6, 10, 14}, {4, 8, 15}, {7, 12}, {9}}",False,,,,False,FlipSYTNotFound
95157,"{{1, 4, 6, 12, 15}, {2, 5, 9, 13}, {3, 8, 14}, {7, 10}, {11}}","{{1, 2, 5, 8, 9}, {3, 6, 11, 13}, {4, 7, 14}, {10, 15}, {12}}",False,,,,False,FlipSYTNotFound
95234,"{{1, 3, 8, 9, 11}, {2, 4, 10, 15}, {5, 6, 14}, {7, 12}, {13}}","{{1, 2, 3, 9, 11}, {4, 6, 8, 10}, {5, 12, 14}, {7, 15}, {13}}",False,,,,False,FlipSYTNotFound
95256,"{{1, 2, 6, 10, 11}, {3, 5, 7, 15}, {4, 8, 14}, {9, 12}, {13}}","{{1, 2, 3, 7, 12}, {4, 6, 8, 11}, {5, 13, 15}, {9, 14}, {10}}",False,,,,False,FlipSYTNotFound
95275,"{{1, 4, 8, 9, 11}, {2, 6, 10, 15}, {3, 7, 14}, {5, 12}, {13}}","{{1, 2, 3, 9, 11}, {4, 6, 8, 13}, {5, 10, 14}, {7, 15}, {12}}",False,,,,False,FlipSYTNotFound
95299,"{{1, 3, 8, 9, 11}, {2, 5, 10, 15}, {4, 7, 14}, {6, 12}, {13}}","{{1, 2, 3, 9, 10}, {4, 6, 8, 12}, {5, 11, 14}, {7, 15}, {13}}",False,,,,False,FlipSYTNotFound
95301,"{{1, 3, 7, 12, 15}, {2, 4, 8, 13}, {5, 9, 14}, {6, 10}, {11}}","{{1, 2, 5, 10, 14}, {3, 6, 11, 15}, {4, 7, 12}, {8, 13}, {9}}",True,20,20,5.00030254494251174592E-1,False,DistanceAboveTolerance
95302,"{{1, 4, 5, 12, 15}, {2, 6, 9, 13}, {3, 7, 14}, {8, 10}, {11}}","{{1, 2, 5, 8, 13}, {3, 6, 9, 14}, {4, 7, 12}, {10, 15}, {11}}",False,,,,False,FlipSYTNotFound
95392,"{{1, 3, 7, 9, 11}, {2, 4, 10, 15}, {5, 6, 14}, {8, 12}, {13}}","{{1, 2, 3, 8, 11}, {4, 6, 9, 10}, {5, 12, 14}, {7, 15}, {13}}",False,,,,False,FlipSYTNotFound
95468,"{{1, 3, 5, 9, 11}, {2, 4, 10, 15}, {6, 8, 14}, {7, 12}, {13}}","{{1, 2, 3, 9, 14}, {4, 6, 8, 10}, {5, 11, 12}, {7, 15}, {13}}",False,,,,False,FlipSYTNotFound
95524,"{{1, 4, 5, 12, 15}, {2, 6, 7, 13}, {3, 9, 14}, {8, 10}, {11}}","{{1, 2, 5, 8, 13}, {3, 6, 10, 14}, {4, 7, 12}, {9, 15}, {11}}",False,,,,False,FlipSYTNotFound
95610,"{{1, 4, 5, 12, 15}, {2, 6, 8, 13}, {3, 7, 14}, {9, 10}, {11}}","{{1, 2, 5, 7, 13}, {3, 6, 9, 14}, {4, 8, 12}, {10, 15}, {11}}",False,,,,False,FlipSYTNotFound
95669,"{{1, 3, 5, 8, 11}, {2, 4, 10, 15}, {6, 9, 14}, {7, 12}, {13}}","{{1, 2, 3, 9, 14}, {4, 6, 7, 10}, {5, 11, 12}, {8, 15}, {13}}",False,,,,False,FlipSYTNotFound
95705,"{{1, 2, 4, 10, 11}, {3, 6, 8, 15}, {5, 7, 9}, {12, 13}, {14}}","{{1, 2, 4, 9, 11}, {3, 6, 7, 13}, {5, 10, 15}, {8, 14}, {12}}",False,,,,False,FlipSYTNotFound
95719,"{{1, 6, 10, 11, 15}, {2, 7, 12, 13}, {3, 8, 14}, {4, 9}, {5}}","{{1, 2, 4, 7, 11}, {3, 6, 8, 12}, {5, 9, 13}, {10, 14}, {15}}",False,,,,False,FlipSYTNotFound
95737,"{{1, 4, 5, 12, 15}, {2, 6, 7, 13}, {3, 8, 14}, {9, 10}, {11}}","{{1, 2, 5, 7, 13}, {3, 6, 10, 14}, {4, 8, 12}, {9, 15}, {11}}",False,,,,False,FlipSYTNotFound
95821,"{{1, 3, 4, 7, 11}, {2, 5, 10, 15}, {6, 9, 14}, {8, 12}, {13}}","{{1, 2, 3, 8, 14}, {4, 6, 7, 10}, {5, 11, 13}, {9, 15}, {12}}",False,,,,False,FlipSYTNotFound
95834,"{{1, 3, 10, 11, 15}, {2, 5, 12, 13}, {4, 6, 14}, {7, 9}, {8}}","{{1, 2, 4, 7, 8}, {3, 6, 9, 12}, {5, 10, 14}, {11, 15}, {13}}",False,,,,False,FlipSYTNotFound
95881,"{{1, 2, 4, 9, 11}, {3, 6, 8, 15}, {5, 7, 10}, {12, 13}, {14}}","{{1, 2, 4, 9, 11}, {3, 6, 8, 13}, {5, 10, 15}, {7, 14}, {12}}",False,,,,False,FlipSYTNotFound
95889,"{{1, 3, 10, 11, 15}, {2, 5, 12, 13}, {4, 7, 14}, {6, 8}, {9}}","{{1, 2, 4, 7, 10}, {3, 6, 8, 12}, {5, 9, 14}, {11, 15}, {13}}",False,,,,False,FlipSYTNotFound
95897,"{{1, 3, 10, 11, 15}, {2, 5, 12, 13}, {4, 6, 14}, {7, 8}, {9}}","{{1, 2, 4, 7, 9}, {3, 6, 8, 12}, {5, 10, 14}, {11, 15}, {13}}",False,,,,False,FlipSYTNotFound
95928,"{{1, 6, 9, 11, 15}, {2, 7, 12, 13}, {3, 8, 14}, {4, 10}, {5}}","{{1, 2, 4, 6, 11}, {3, 7, 8, 12}, {5, 9, 13}, {10, 14}, {15}}",False,,,,False,FlipSYTNotFound
96004,"{{1, 3, 7, 8, 11}, {2, 4, 10, 15}, {5, 6, 14}, {9, 12}, {13}}","{{1, 2, 3, 7, 11}, {4, 6, 9, 10}, {5, 12, 14}, {8, 15}, {13}}",False,,,,False,FlipSYTNotFound
96037,"{{1, 3, 4, 8, 11}, {2, 5, 10, 15}, {6, 7, 14}, {9, 12}, {13}}","{{1, 2, 3, 7, 14}, {4, 6, 9, 10}, {5, 11, 13}, {8, 15}, {12}}",False,,,,False,FlipSYTNotFound
96056,"{{1, 3, 9, 11, 15}, {2, 5, 12, 13}, {4, 6, 14}, {7, 10}, {8}}","{{1, 2, 4, 6, 8}, {3, 7, 9, 12}, {5, 10, 14}, {11, 15}, {13}}",False,,,,False,FlipSYTNotFound
96079,"{{1, 6, 8, 11, 15}, {2, 7, 12, 13}, {3, 9, 14}, {4, 10}, {5}}","{{1, 2, 4, 6, 11}, {3, 7, 9, 12}, {5, 8, 13}, {10, 14}, {15}}",False,,,,False,FlipSYTNotFound
96142,"{{1, 3, 6, 9, 11}, {2, 7, 8, 15}, {4, 10, 14}, {5, 12}, {13}}","{{1, 2, 3, 9, 11}, {4, 6, 8, 12}, {5, 13, 14}, {7, 15}, {10}}",False,,,,False,FlipSYTNotFound
96187,"{{1, 3, 6, 9, 11}, {2, 5, 8, 15}, {4, 10, 14}, {7, 12}, {13}}","{{1, 2, 3, 9, 12}, {4, 6, 8, 11}, {5, 13, 14}, {7, 15}, {10}}",False,,,,False,FlipSYTNotFound
96228,"{{1, 3, 6, 9, 11}, {2, 5, 7, 15}, {4, 10, 14}, {8, 12}, {13}}","{{1, 2, 3, 8, 12}, {4, 6, 9, 11}, {5, 13, 14}, {7, 15}, {10}}",False,,,,False,FlipSYTNotFound
96269,"{{1, 3, 6, 11, 15}, {2, 5, 12, 13}, {4, 9, 14}, {7, 10}, {8}}","{{1, 2, 4, 6, 8}, {3, 7, 9, 12}, {5, 10, 11}, {13, 14}, {15}}",False,,,,False,FlipSYTNotFound
96332,"{{1, 3, 8, 11, 15}, {2, 5, 12, 13}, {4, 6, 14}, {7, 10}, {9}}","{{1, 2, 4, 6, 7}, {3, 8, 9, 12}, {5, 10, 14}, {11, 15}, {13}}",False,,,,False,FlipSYTNotFound
96529,"{{1, 2, 4, 9, 10}, {3, 6, 8, 15}, {5, 7, 11}, {12, 13}, {14}}","{{1, 2, 4, 9, 11}, {3, 7, 8, 13}, {5, 10, 15}, {6, 14}, {12}}",False,,,,False,FlipSYTNotFound
96532,"{{1, 3, 7, 11, 15}, {2, 5, 12, 13}, {4, 6, 14}, {8, 10}, {9}}","{{1, 2, 4, 6, 7}, {3, 8, 10, 12}, {5, 9, 14}, {11, 15}, {13}}",False,,,,False,FlipSYTNotFound
96611,"{{1, 3, 6, 11, 15}, {2, 5, 12, 13}, {4, 7, 14}, {8, 10}, {9}}","{{1, 2, 4, 6, 7}, {3, 8, 11, 12}, {5, 9, 14}, {10, 15}, {13}}",False,,,,False,FlipSYTNotFound
96629,"{{1, 3, 9, 11, 15}, {2, 5, 12, 13}, {4, 7, 14}, {6, 8}, {10}}","{{1, 2, 4, 6, 10}, {3, 7, 8, 12}, {5, 9, 14}, {11, 15}, {13}}",False,,,,False,FlipSYTNotFound
96642,"{{1, 3, 9, 11, 15}, {2, 5, 12, 13}, {4, 6, 14}, {7, 8}, {10}}","{{1, 2, 4, 6, 9}, {3, 7, 8, 12}, {5, 10, 14}, {11, 15}, {13}}",False,,,,False,FlipSYTNotFound
96684,"{{1, 3, 4, 9, 10}, {2, 5, 7, 15}, {6, 8, 11}, {12, 13}, {14}}","{{1, 2, 4, 10, 14}, {3, 7, 8, 11}, {5, 9, 15}, {6, 13}, {12}}",False,,,,False,FlipSYTNotFound
96688,"{{1, 3, 8, 11, 15}, {2, 5, 12, 13}, {4, 6, 14}, {7, 9}, {10}}","{{1, 2, 4, 6, 9}, {3, 7, 10, 12}, {5, 8, 14}, {11, 15}, {13}}",False,,,,False,FlipSYTNotFound
96691,"{{1, 3, 8, 11, 15}, {2, 5, 12, 13}, {4, 7, 14}, {6, 9}, {10}}","{{1, 2, 4, 6, 10}, {3, 7, 9, 12}, {5, 8, 14}, {11, 15}, {13}}",False,,,,False,FlipSYTNotFound
96737,"{{1, 3, 5, 7, 10}, {2, 6, 9, 15}, {4, 8, 11}, {12, 13}, {14}}","{{1, 2, 4, 12, 14}, {3, 7, 8, 13}, {5, 10, 15}, {6, 11}, {9}}",False,,,,False,FlipSYTNotFound
96754,"{{1, 4, 6, 11, 15}, {2, 5, 12, 13}, {3, 8, 14}, {7, 9}, {10}}","{{1, 2, 4, 6, 9}, {3, 7, 11, 13}, {5, 8, 14}, {10, 15}, {12}}",False,,,,False,FlipSYTNotFound
96806,"{{1, 2, 4, 7, 15}, {3, 5, 6, 11}, {8, 9, 10}, {12, 13}, {14}}","{{1, 2, 4, 7, 8}, {3, 6, 11, 13}, {5, 10, 15}, {9, 14}, {12}}",False,,,,False,FlipSYTNotFound
96879,"{{1, 3, 7, 11, 15}, {2, 5, 12, 13}, {4, 6, 14}, {8, 9}, {10}}","{{1, 2, 4, 6, 8}, {3, 7, 10, 12}, {5, 9, 14}, {11, 15}, {13}}",False,,,,False,FlipSYTNotFound
97009,"{{1, 6, 9, 10, 15}, {2, 7, 12, 13}, {3, 8, 14}, {4, 11}, {5}}","{{1, 2, 4, 5, 11}, {3, 7, 8, 12}, {6, 9, 13}, {10, 14}, {15}}",False,,,,False,FlipSYTNotFound
97082,"{{1, 3, 6, 8, 11}, {2, 5, 9, 15}, {4, 7, 14}, {10, 12}, {13}}","{{1, 2, 3, 6, 12}, {4, 7, 9, 11}, {5, 10, 14}, {8, 15}, {13}}",False,,,,False,FlipSYTNotFound
97099,"{{1, 3, 9, 10, 15}, {2, 5, 12, 13}, {4, 6, 14}, {7, 11}, {8}}","{{1, 2, 4, 5, 8}, {3, 7, 9, 12}, {6, 10, 14}, {11, 15}, {13}}",False,,,,False,FlipSYTNotFound
97110,"{{1, 6, 8, 10, 15}, {2, 7, 12, 13}, {3, 9, 14}, {4, 11}, {5}}","{{1, 2, 4, 5, 11}, {3, 7, 9, 12}, {6, 8, 13}, {10, 14}, {15}}",False,,,,False,FlipSYTNotFound
97117,"{{1, 3, 4, 8, 11}, {2, 5, 9, 15}, {6, 7, 14}, {10, 12}, {13}}","{{1, 2, 3, 6, 14}, {4, 7, 9, 10}, {5, 11, 13}, {8, 15}, {12}}",False,,,,False,FlipSYTNotFound
97446,"{{1, 3, 8, 10, 15}, {2, 5, 12, 13}, {4, 6, 14}, {7, 11}, {9}}","{{1, 2, 4, 5, 7}, {3, 8, 9, 12}, {6, 10, 14}, {11, 15}, {13}}",False,,,,False,FlipSYTNotFound
97583,"{{1, 3, 8, 9, 10}, {2, 4, 11, 15}, {5, 6, 14}, {7, 12}, {13}}","{{1, 2, 3, 9, 11}, {4, 7, 8, 10}, {5, 12, 14}, {6, 15}, {13}}",False,,,,False,FlipSYTNotFound
97591,"{{1, 4, 8, 9, 10}, {2, 6, 11, 15}, {3, 7, 14}, {5, 12}, {13}}","{{1, 2, 3, 9, 11}, {4, 7, 8, 13}, {5, 10, 14}, {6, 15}, {12}}",False,,,,False,FlipSYTNotFound
97592,"{{1, 3, 7, 10, 15}, {2, 5, 12, 13}, {4, 6, 14}, {8, 11}, {9}}","{{1, 2, 4, 5, 7}, {3, 8, 10, 12}, {6, 9, 14}, {11, 15}, {13}}",False,,,,False,FlipSYTNotFound
97603,"{{1, 2, 3, 8, 9}, {4, 5, 7, 15}, {6, 10, 11}, {12, 13}, {14}}","{{1, 2, 4, 10, 12}, {3, 6, 9, 11}, {5, 8, 15}, {7, 14}, {13}}",False,,,,False,FlipSYTNotFound
97621,"{{1, 3, 8, 9, 10}, {2, 5, 11, 15}, {4, 7, 14}, {6, 12}, {13}}","{{1, 2, 3, 9, 10}, {4, 7, 8, 12}, {5, 11, 14}, {6, 15}, {13}}",False,,,,False,FlipSYTNotFound
97627,"{{1, 3, 6, 10, 15}, {2, 5, 12, 13}, {4, 7, 14}, {8, 11}, {9}}","{{1, 2, 4, 5, 7}, {3, 8, 11, 12}, {6, 9, 14}, {10, 15}, {13}}",False,,,,False,FlipSYTNotFound
97709,"{{1, 6, 8, 9, 15}, {2, 7, 12, 13}, {3, 10, 14}, {4, 11}, {5}}","{{1, 2, 4, 5, 11}, {3, 6, 9, 12}, {7, 8, 13}, {10, 14}, {15}}",False,,,,False,FlipSYTNotFound
97718,"{{1, 4, 10, 13, 14}, {2, 5, 11, 15}, {3, 8, 12}, {6, 9}, {7}}","{{1, 3, 4, 7, 9}, {2, 5, 8, 10}, {6, 11, 13}, {12, 14}, {15}}",False,,,,False,FlipSYTNotFound
97734,"{{1, 6, 10, 13, 14}, {2, 7, 11, 15}, {3, 8, 12}, {4, 9}, {5}}","{{1, 3, 4, 7, 11}, {2, 5, 8, 12}, {6, 9, 13}, {10, 14}, {15}}",False,,,,False,FlipSYTNotFound
97745,"{{1, 3, 7, 9, 10}, {2, 4, 11, 15}, {5, 6, 14}, {8, 12}, {13}}","{{1, 2, 3, 8, 11}, {4, 7, 9, 10}, {5, 12, 14}, {6, 15}, {13}}",False,,,,False,FlipSYTNotFound
97804,"{{1, 3, 5, 9, 10}, {2, 6, 11, 15}, {4, 8, 14}, {7, 12}, {13}}","{{1, 2, 3, 9, 14}, {4, 7, 8, 12}, {5, 10, 13}, {6, 15}, {11}}",False,,,,False,FlipSYTNotFound
97847,"{{1, 3, 10, 13, 14}, {2, 5, 11, 15}, {4, 6, 12}, {7, 9}, {8}}","{{1, 3, 4, 7, 8}, {2, 5, 9, 12}, {6, 10, 14}, {11, 15}, {13}}",False,,,,False,FlipSYTNotFound
97941,"{{1, 5, 9, 13, 14}, {2, 7, 11, 15}, {3, 8, 12}, {4, 10}, {6}}","{{1, 3, 4, 6, 10}, {2, 5, 8, 12}, {7, 9, 13}, {11, 14}, {15}}",False,,,,False,FlipSYTNotFound
97946,"{{1, 3, 10, 13, 14}, {2, 5, 11, 15}, {4, 6, 12}, {7, 8}, {9}}","{{1, 3, 4, 7, 9}, {2, 5, 8, 12}, {6, 10, 14}, {11, 15}, {13}}",False,,,,False,FlipSYTNotFound
97949,"{{1, 3, 10, 13, 14}, {2, 5, 11, 15}, {4, 7, 12}, {6, 8}, {9}}","{{1, 3, 4, 7, 10}, {2, 5, 8, 12}, {6, 9, 14}, {11, 15}, {13}}",False,,,,False,FlipSYTNotFound
97953,"{{1, 3, 4, 8, 10}, {2, 6, 11, 15}, {5, 9, 14}, {7, 12}, {13}}","{{1, 2, 3, 9, 14}, {4, 7, 10, 11}, {5, 8, 13}, {6, 15}, {12}}",False,,,,False,FlipSYTNotFound
97960,"{{1, 6, 9, 13, 14}, {2, 7, 11, 15}, {3, 8, 12}, {4, 10}, {5}}","{{1, 3, 4, 6, 11}, {2, 5, 8, 12}, {7, 9, 13}, {10, 14}, {15}}",False,,,,False,FlipSYTNotFound
98034,"{{1, 3, 5, 7, 10}, {2, 8, 11, 15}, {4, 9, 14}, {6, 12}, {13}}","{{1, 2, 3, 10, 14}, {4, 7, 11, 12}, {5, 8, 13}, {6, 15}, {9}}",False,,,,False,FlipSYTNotFound
98047,"{{1, 6, 10, 12, 14}, {2, 7, 11, 13}, {3, 8, 15}, {4, 9}, {5}}","{{1, 3, 5, 7, 11}, {2, 6, 8, 12}, {4, 9, 13}, {10, 14}, {15}}",False,,,,False,FlipSYTNotFound
98080,"{{1, 3, 9, 13, 14}, {2, 5, 11, 15}, {4, 6, 12}, {7, 10}, {8}}","{{1, 3, 4, 6, 8}, {2, 5, 9, 12}, {7, 10, 14}, {11, 15}, {13}}",False,,,,False,FlipSYTNotFound
98093,"{{1, 6, 8, 13, 14}, {2, 7, 11, 15}, {3, 9, 12}, {4, 10}, {5}}","{{1, 3, 4, 6, 11}, {2, 5, 7, 12}, {8, 9, 13}, {10, 14}, {15}}",False,,,,False,FlipSYTNotFound
98112,"{{1, 5, 6, 13, 14}, {2, 8, 11, 15}, {3, 9, 12}, {4, 10}, {7}}","{{1, 3, 4, 6, 9}, {2, 5, 7, 12}, {8, 11, 13}, {10, 14}, {15}}",False,,,,False,FlipSYTNotFound
98113,"{{1, 4, 10, 12, 14}, {2, 5, 11, 13}, {3, 8, 15}, {6, 9}, {7}}","{{1, 3, 5, 7, 9}, {2, 6, 8, 10}, {4, 11, 13}, {12, 14}, {15}}",False,,,,False,FlipSYTNotFound
98205,"{{1, 3, 10, 12, 14}, {2, 5, 11, 13}, {4, 6, 15}, {7, 9}, {8}}","{{1, 3, 5, 7, 8}, {2, 6, 9, 12}, {4, 10, 14}, {11, 15}, {13}}",False,,,,False,FlipSYTNotFound
98220,"{{1, 3, 7, 8, 10}, {2, 4, 11, 15}, {5, 6, 14}, {9, 12}, {13}}","{{1, 2, 3, 7, 11}, {4, 8, 9, 10}, {5, 12, 14}, {6, 15}, {13}}",False,,,,False,FlipSYTNotFound
98255,"{{1, 3, 10, 12, 14}, {2, 5, 11, 13}, {4, 6, 15}, {7, 8}, {9}}","{{1, 3, 5, 7, 9}, {2, 6, 8, 12}, {4, 10, 14}, {11, 15}, {13}}",False,,,,False,FlipSYTNotFound
98259,"{{1, 3, 10, 12, 14}, {2, 5, 11, 13}, {4, 7, 15}, {6, 8}, {9}}","{{1, 3, 5, 7, 10}, {2, 6, 8, 12}, {4, 9, 14}, {11, 15}, {13}}",False,,,,False,FlipSYTNotFound
98277,"{{1, 3, 4, 8, 10}, {2, 5, 11, 15}, {6, 7, 14}, {9, 12}, {13}}","{{1, 2, 3, 7, 14}, {4, 8, 9, 10}, {5, 11, 13}, {6, 15}, {12}}",False,,,,False,FlipSYTNotFound
98292,"{{1, 4, 9, 12, 14}, {2, 5, 11, 13}, {3, 8, 15}, {6, 10}, {7}}","{{1, 3, 5, 6, 9}, {2, 7, 8, 10}, {4, 11, 13}, {12, 14}, {15}}",False,,,,False,FlipSYTNotFound
98325,"{{1, 6, 9, 12, 14}, {2, 7, 11, 13}, {3, 8, 15}, {4, 10}, {5}}","{{1, 3, 5, 6, 11}, {2, 7, 8, 12}, {4, 9, 13}, {10, 14}, {15}}",False,,,,False,FlipSYTNotFound
98328,"{{1, 3, 7, 13, 14}, {2, 6, 11, 15}, {4, 8, 12}, {5, 10}, {9}}","{{1, 3, 4, 6, 7}, {2, 5, 8, 11}, {9, 10, 12}, {13, 14}, {15}}",False,,,,False,FlipSYTNotFound
98337,"{{1, 3, 8, 13, 14}, {2, 5, 11, 15}, {4, 6, 12}, {7, 10}, {9}}","{{1, 3, 4, 6, 7}, {2, 5, 9, 12}, {8, 10, 14}, {11, 15}, {13}}",False,,,,False,FlipSYTNotFound
98391,"{{1, 3, 9, 12, 14}, {2, 5, 11, 13}, {4, 6, 15}, {7, 10}, {8}}","{{1, 3, 5, 6, 8}, {2, 7, 9, 12}, {4, 10, 14}, {11, 15}, {13}}",False,,,,False,FlipSYTNotFound
98416,"{{1, 6, 8, 12, 14}, {2, 7, 11, 13}, {3, 9, 15}, {4, 10}, {5}}","{{1, 3, 5, 6, 11}, {2, 7, 9, 12}, {4, 8, 13}, {10, 14}, {15}}",False,,,,False,FlipSYTNotFound
98554,"{{1, 3, 7, 13, 14}, {2, 5, 11, 15}, {4, 6, 12}, {8, 10}, {9}}","{{1, 3, 4, 6, 7}, {2, 5, 8, 12}, {9, 10, 14}, {11, 15}, {13}}",False,,,,False,FlipSYTNotFound
98557,"{{1, 3, 9, 13, 14}, {2, 5, 11, 15}, {4, 6, 12}, {7, 8}, {10}}","{{1, 3, 4, 6, 9}, {2, 5, 8, 12}, {7, 10, 14}, {11, 15}, {13}}",False,,,,False,FlipSYTNotFound
98564,"{{1, 3, 4, 8, 9}, {2, 6, 11, 15}, {5, 10, 14}, {7, 12}, {13}}","{{1, 2, 3, 9, 14}, {4, 6, 10, 11}, {5, 8, 13}, {7, 15}, {12}}",False,,,,False,FlipSYTNotFound
98568,"{{1, 3, 9, 13, 14}, {2, 5, 11, 15}, {4, 7, 12}, {6, 8}, {10}}","{{1, 3, 4, 6, 10}, {2, 5, 8, 12}, {7, 9, 14}, {11, 15}, {13}}",False,,,,False,FlipSYTNotFound
98570,"{{1, 3, 6, 13, 14}, {2, 5, 11, 15}, {4, 7, 12}, {8, 10}, {9}}","{{1, 3, 4, 6, 7}, {2, 5, 8, 12}, {9, 11, 14}, {10, 15}, {13}}",False,,,,False,FlipSYTNotFound
98576,"{{1, 3, 8, 13, 14}, {2, 5, 11, 15}, {4, 7, 12}, {6, 9}, {10}}","{{1, 3, 4, 6, 10}, {2, 5, 7, 12}, {8, 9, 14}, {11, 15}, {13}}",False,,,,False,FlipSYTNotFound
98584,"{{1, 4, 6, 13, 14}, {2, 5, 11, 15}, {3, 7, 12}, {8, 10}, {9}}","{{1, 3, 4, 6, 7}, {2, 5, 8, 13}, {9, 11, 14}, {10, 15}, {12}}",False,,,,False,FlipSYTNotFound
98591,"{{1, 3, 8, 13, 14}, {2, 5, 11, 15}, {4, 6, 12}, {7, 9}, {10}}","{{1, 3, 4, 6, 9}, {2, 5, 7, 12}, {8, 10, 14}, {11, 15}, {13}}",False,,,,False,FlipSYTNotFound
98615,"{{1, 3, 7, 13, 14}, {2, 6, 11, 15}, {4, 8, 12}, {5, 9}, {10}}","{{1, 3, 4, 6, 11}, {2, 5, 7, 12}, {8, 10, 14}, {9, 15}, {13}}",False,,,,False,FlipSYTNotFound
98641,"{{1, 3, 7, 13, 14}, {2, 5, 11, 15}, {4, 8, 12}, {6, 9}, {10}}","{{1, 3, 4, 6, 10}, {2, 5, 7, 12}, {8, 11, 14}, {9, 15}, {13}}",False,,,,False,FlipSYTNotFound
98646,"{{1, 3, 8, 9, 15}, {2, 5, 12, 13}, {4, 6, 14}, {7, 11}, {10}}","{{1, 2, 4, 5, 6}, {3, 8, 9, 12}, {7, 10, 14}, {11, 15}, {13}}",False,,,,False,FlipSYTNotFound
98673,"{{1, 3, 8, 12, 14}, {2, 5, 11, 13}, {4, 6, 15}, {7, 10}, {9}}","{{1, 3, 5, 6, 7}, {2, 8, 9, 12}, {4, 10, 14}, {11, 15}, {13}}",False,,,,False,FlipSYTNotFound
98677,"{{1, 3, 4, 13, 14}, {2, 7, 11, 15}, {5, 8, 12}, {6, 9}, {10}}","{{1, 3, 4, 6, 10}, {2, 5, 7, 11}, {8, 13, 14}, {9, 15}, {12}}",False,,,,False,FlipSYTNotFound
98726,"{{1, 3, 6, 13, 14}, {2, 5, 11, 15}, {4, 8, 12}, {7, 9}, {10}}","{{1, 3, 4, 6, 9}, {2, 5, 7, 12}, {8, 11, 14}, {10, 15}, {13}}",False,,,,False,FlipSYTNotFound
98800,"{{1, 3, 7, 12, 14}, {2, 5, 11, 13}, {4, 6, 15}, {8, 10}, {9}}","{{1, 3, 5, 6, 7}, {2, 8, 10, 12}, {4, 9, 14}, {11, 15}, {13}}",False,,,,False,FlipSYTNotFound
98805,"{{1, 3, 7, 13, 14}, {2, 5, 11, 15}, {4, 6, 12}, {8, 9}, {10}}","{{1, 3, 4, 6, 8}, {2, 5, 7, 12}, {9, 10, 14}, {11, 15}, {13}}",False,,,,False,FlipSYTNotFound
98807,"{{1, 4, 6, 13, 14}, {2, 5, 11, 15}, {3, 7, 12}, {8, 9}, {10}}","{{1, 3, 4, 6, 8}, {2, 5, 7, 13}, {9, 11, 14}, {10, 15}, {12}}",False,,,,False,FlipSYTNotFound
98823,"{{1, 3, 7, 9, 15}, {2, 5, 12, 13}, {4, 6, 14}, {8, 11}, {10}}","{{1, 2, 4, 5, 6}, {3, 8, 10, 12}, {7, 9, 14}, {11, 15}, {13}}",False,,,,False,FlipSYTNotFound
98826,"{{1, 3, 6, 12, 14}, {2, 5, 11, 13}, {4, 7, 15}, {8, 10}, {9}}","{{1, 3, 5, 6, 7}, {2, 8, 11, 12}, {4, 9, 14}, {10, 15}, {13}}",False,,,,False,FlipSYTNotFound
98832,"{{1, 2, 5, 13, 14}, {3, 6, 11, 15}, {4, 7, 12}, {8, 9}, {10}}","{{1, 3, 4, 6, 8}, {2, 5, 7, 12}, {9, 13, 15}, {10, 14}, {11}}",False,,,,False,FlipSYTNotFound
98845,"{{1, 3, 6, 13, 14}, {2, 5, 11, 15}, {4, 7, 12}, {8, 9}, {10}}","{{1, 3, 4, 6, 8}, {2, 5, 7, 12}, {9, 11, 14}, {10, 15}, {13}}",False,,,,False,FlipSYTNotFound
98850,"{{1, 3, 6, 9, 15}, {2, 5, 12, 13}, {4, 7, 14}, {8, 11}, {10}}","{{1, 2, 4, 5, 6}, {3, 8, 11, 12}, {7, 9, 14}, {10, 15}, {13}}",False,,,,False,FlipSYTNotFound
98864,"{{1, 6, 9, 13, 14}, {2, 7, 10, 15}, {3, 8, 12}, {4, 11}, {5}}","{{1, 3, 4, 5, 11}, {2, 6, 8, 12}, {7, 9, 13}, {10, 14}, {15}}",False,,,,False,FlipSYTNotFound
98938,"{{1, 3, 9, 12, 14}, {2, 5, 11, 13}, {4, 7, 15}, {6, 8}, {10}}","{{1, 3, 5, 6, 10}, {2, 7, 8, 12}, {4, 9, 14}, {11, 15}, {13}}",False,,,,False,FlipSYTNotFound
98940,"{{1, 3, 9, 12, 14}, {2, 5, 11, 13}, {4, 6, 15}, {7, 8}, {10}}","{{1, 3, 5, 6, 9}, {2, 7, 8, 12}, {4, 10, 14}, {11, 15}, {13}}",False,,,,False,FlipSYTNotFound
98943,"{{1, 3, 9, 13, 14}, {2, 5, 10, 15}, {4, 6, 12}, {7, 11}, {8}}","{{1, 3, 4, 5, 8}, {2, 6, 9, 12}, {7, 10, 14}, {11, 15}, {13}}",False,,,,False,FlipSYTNotFound
98968,"{{1, 4, 8, 12, 14}, {2, 5, 11, 13}, {3, 7, 15}, {6, 9}, {10}}","{{1, 3, 5, 6, 10}, {2, 7, 9, 13}, {4, 8, 14}, {11, 15}, {12}}",False,,,,False,FlipSYTNotFound
98980,"{{1, 6, 8, 13, 14}, {2, 7, 10, 15}, {3, 9, 12}, {4, 11}, {5}}","{{1, 3, 4, 5, 11}, {2, 6, 7, 12}, {8, 9, 13}, {10, 14}, {15}}",False,,,,False,FlipSYTNotFound
98991,"{{1, 3, 8, 12, 14}, {2, 5, 11, 13}, {4, 7, 15}, {6, 9}, {10}}","{{1, 3, 5, 6, 10}, {2, 7, 9, 12}, {4, 8, 14}, {11, 15}, {13}}",False,,,,False,FlipSYTNotFound
98995,"{{1, 3, 8, 12, 14}, {2, 5, 11, 13}, {4, 6, 15}, {7, 9}, {10}}","{{1, 3, 5, 6, 9}, {2, 7, 10, 12}, {4, 8, 14}, {11, 15}, {13}}",False,,,,False,FlipSYTNotFound
99042,"{{1, 4, 7, 13, 14}, {2, 5, 10, 15}, {3, 9, 12}, {6, 11}, {8}}","{{1, 3, 4, 5, 8}, {2, 6, 7, 10}, {9, 11, 13}, {12, 14}, {15}}",False,,,,False,FlipSYTNotFound
99124,"{{1, 2, 4, 13, 14}, {3, 5, 10, 15}, {6, 9, 12}, {7, 11}, {8}}","{{1, 3, 4, 5, 8}, {2, 6, 7, 9}, {10, 13, 15}, {11, 14}, {12}}",False,,,,False,FlipSYTNotFound
99126,"{{1, 4, 6, 12, 14}, {2, 5, 11, 13}, {3, 8, 15}, {7, 9}, {10}}","{{1, 3, 5, 6, 9}, {2, 7, 11, 13}, {4, 8, 14}, {10, 15}, {12}}",False,,,,False,FlipSYTNotFound
99156,"{{1, 3, 7, 8, 9}, {2, 4, 11, 15}, {5, 6, 14}, {10, 12}, {13}}","{{1, 2, 3, 6, 11}, {4, 8, 9, 10}, {5, 12, 14}, {7, 15}, {13}}",False,,,,False,FlipSYTNotFound
99174,"{{1, 3, 7, 12, 14}, {2, 5, 11, 13}, {4, 6, 15}, {8, 9}, {10}}","{{1, 3, 5, 6, 8}, {2, 7, 10, 12}, {4, 9, 14}, {11, 15}, {13}}",False,,,,False,FlipSYTNotFound
99195,"{{1, 3, 6, 8, 9}, {2, 5, 11, 15}, {4, 7, 14}, {10, 12}, {13}}","{{1, 2, 3, 6, 12}, {4, 8, 9, 11}, {5, 10, 14}, {7, 15}, {13}}",False,,,,False,FlipSYTNotFound
99205,"{{1, 3, 8, 13, 14}, {2, 5, 10, 15}, {4, 6, 12}, {7, 11}, {9}}","{{1, 3, 4, 5, 7}, {2, 6, 9, 12}, {8, 10, 14}, {11, 15}, {13}}",False,,,,False,FlipSYTNotFound
99266,"{{1, 6, 9, 12, 14}, {2, 7, 10, 13}, {3, 8, 15}, {4, 11}, {5}}","{{1, 3, 5, 8, 11}, {2, 6, 9, 12}, {4, 7, 13}, {10, 14}, {15}}",False,,,,False,FlipSYTNotFound
99299,"{{1, 3, 4, 8, 9}, {2, 5, 11, 15}, {6, 7, 14}, {10, 12}, {13}}","{{1, 2, 3, 6, 14}, {4, 8, 9, 10}, {5, 11, 13}, {7, 15}, {12}}",False,,,,False,FlipSYTNotFound
99316,"{{1, 3, 7, 8, 15}, {2, 5, 12, 13}, {4, 6, 14}, {9, 11}, {10}}","{{1, 2, 4, 5, 6}, {3, 7, 10, 12}, {8, 9, 14}, {11, 15}, {13}}",False,,,,False,FlipSYTNotFound
99331,"{{1, 2, 4, 13, 14}, {3, 5, 10, 15}, {6, 8, 12}, {7, 11}, {9}}","{{1, 3, 4, 5, 7}, {2, 6, 8, 9}, {10, 13, 15}, {11, 14}, {12}}",False,,,,False,FlipSYTNotFound
99340,"{{1, 3, 6, 8, 15}, {2, 5, 12, 13}, {4, 7, 14}, {9, 11}, {10}}","{{1, 2, 4, 5, 6}, {3, 7, 11, 12}, {8, 9, 14}, {10, 15}, {13}}",False,,,,False,FlipSYTNotFound
99377,"{{1, 3, 7, 13, 14}, {2, 5, 10, 15}, {4, 6, 12}, {8, 11}, {9}}","{{1, 3, 4, 5, 7}, {2, 6, 8, 12}, {9, 10, 14}, {11, 15}, {13}}",False,,,,False,FlipSYTNotFound
99390,"{{1, 4, 6, 7, 15}, {2, 5, 12, 13}, {3, 8, 14}, {9, 11}, {10}}","{{1, 2, 4, 5, 6}, {3, 7, 11, 13}, {8, 10, 14}, {9, 15}, {12}}",False,,,,False,FlipSYTNotFound
99396,"{{1, 3, 6, 13, 14}, {2, 5, 10, 15}, {4, 7, 12}, {8, 11}, {9}}","{{1, 3, 4, 5, 7}, {2, 6, 8, 12}, {9, 11, 14}, {10, 15}, {13}}",False,,,,False,FlipSYTNotFound
99416,"{{1, 5, 8, 13, 14}, {2, 6, 9, 15}, {3, 10, 12}, {4, 11}, {7}}","{{1, 3, 4, 5, 9}, {2, 6, 10, 12}, {7, 11, 13}, {8, 14}, {15}}",False,,,,False,FlipSYTNotFound
99418,"{{1, 6, 8, 12, 14}, {2, 7, 10, 13}, {3, 9, 15}, {4, 11}, {5}}","{{1, 3, 5, 7, 11}, {2, 6, 9, 12}, {4, 8, 13}, {10, 14}, {15}}",False,,,,False,FlipSYTNotFound
99561,"{{1, 3, 6, 12, 14}, {2, 5, 10, 13}, {4, 9, 15}, {7, 11}, {8}}","{{1, 3, 5, 7, 8}, {2, 6, 9, 12}, {4, 10, 11}, {13, 14}, {15}}",False,,,,False,FlipSYTNotFound
99625,"{{1, 3, 9, 10, 15}, {2, 5, 12, 13}, {4, 7, 14}, {6, 8}, {11}}","{{1, 2, 4, 5, 10}, {3, 7, 8, 12}, {6, 9, 14}, {11, 15}, {13}}",False,,,,False,FlipSYTNotFound
99647,"{{1, 3, 9, 10, 15}, {2, 5, 12, 13}, {4, 6, 14}, {7, 8}, {11}}","{{1, 2, 4, 5, 9}, {3, 7, 8, 12}, {6, 10, 14}, {11, 15}, {13}}",False,,,,False,FlipSYTNotFound
99687,"{{1, 3, 8, 10, 15}, {2, 5, 12, 13}, {4, 6, 14}, {7, 9}, {11}}","{{1, 2, 4, 5, 9}, {3, 7, 10, 12}, {6, 8, 14}, {11, 15}, {13}}",False,,,,False,FlipSYTNotFound
99694,"{{1, 3, 8, 10, 15}, {2, 5, 12, 13}, {4, 7, 14}, {6, 9}, {11}}","{{1, 2, 4, 5, 10}, {3, 7, 9, 12}, {6, 8, 14}, {11, 15}, {13}}",False,,,,False,FlipSYTNotFound
99714,"{{1, 3, 6, 9, 10}, {2, 7, 8, 15}, {4, 11, 14}, {5, 12}, {13}}","{{1, 2, 3, 9, 11}, {4, 7, 8, 12}, {5, 13, 14}, {6, 15}, {10}}",False,,,,False,FlipSYTNotFound
99800,"{{1, 3, 6, 9, 10}, {2, 5, 7, 15}, {4, 11, 14}, {8, 12}, {13}}","{{1, 2, 3, 8, 12}, {4, 7, 9, 11}, {5, 13, 14}, {6, 15}, {10}}",False,,,,False,FlipSYTNotFound
99801,"{{1, 4, 6, 10, 15}, {2, 5, 12, 13}, {3, 8, 14}, {7, 9}, {11}}","{{1, 2, 4, 5, 9}, {3, 7, 11, 13}, {6, 8, 14}, {10, 15}, {12}}",False,,,,False,FlipSYTNotFound
99835,"{{1, 3, 7, 10, 15}, {2, 5, 12, 13}, {4, 6, 14}, {8, 9}, {11}}","{{1, 2, 4, 5, 8}, {3, 7, 10, 12}, {6, 9, 14}, {11, 15}, {13}}",False,,,,False,FlipSYTNotFound
99868,"{{1, 3, 8, 13, 14}, {2, 5, 9, 15}, {4, 6, 12}, {7, 11}, {10}}","{{1, 3, 4, 5, 6}, {2, 7, 9, 12}, {8, 10, 14}, {11, 15}, {13}}",False,,,,False,FlipSYTNotFound
99905,"{{1, 3, 7, 13, 14}, {2, 6, 9, 15}, {4, 8, 12}, {5, 11}, {10}}","{{1, 3, 4, 5, 6}, {2, 7, 8, 11}, {9, 10, 12}, {13, 14}, {15}}",False,,,,False,FlipSYTNotFound
99913,"{{1, 3, 8, 12, 14}, {2, 4, 9, 13}, {5, 10, 15}, {6, 11}, {7}}","{{1, 3, 5, 9, 14}, {2, 6, 10, 15}, {4, 7, 11}, {8, 12}, {13}}",True,20,20,5.43900388974594736898E-1,False,DistanceAboveTolerance
100020,"{{1, 3, 7, 13, 14}, {2, 5, 9, 15}, {4, 6, 12}, {8, 11}, {10}}","{{1, 3, 4, 5, 6}, {2, 7, 8, 12}, {9, 10, 14}, {11, 15}, {13}}",False,,,,False,FlipSYTNotFound
100028,"{{1, 2, 4, 13, 14}, {3, 5, 9, 15}, {6, 8, 12}, {7, 11}, {10}}","{{1, 3, 4, 5, 6}, {2, 7, 8, 9}, {10, 13, 15}, {11, 14}, {12}}",False,,,,False,FlipSYTNotFound
100034,"{{1, 3, 8, 9, 15}, {2, 5, 12, 13}, {4, 6, 14}, {7, 10}, {11}}","{{1, 2, 4, 5, 9}, {3, 6, 10, 12}, {7, 8, 14}, {11, 15}, {13}}",False,,,,False,FlipSYTNotFound
100048,"{{1, 3, 6, 13, 14}, {2, 5, 9, 15}, {4, 7, 12}, {8, 11}, {10}}","{{1, 3, 4, 5, 6}, {2, 7, 8, 12}, {9, 11, 14}, {10, 15}, {13}}",False,,,,False,FlipSYTNotFound
100050,"{{1, 3, 8, 9, 15}, {2, 5, 12, 13}, {4, 7, 14}, {6, 10}, {11}}","{{1, 2, 4, 5, 10}, {3, 6, 9, 12}, {7, 8, 14}, {11, 15}, {13}}",False,,,,False,FlipSYTNotFound
100052,"{{1, 4, 6, 13, 14}, {2, 5, 9, 15}, {3, 7, 12}, {8, 11}, {10}}","{{1, 3, 4, 5, 6}, {2, 7, 8, 13}, {9, 11, 14}, {10, 15}, {12}}",False,,,,False,FlipSYTNotFound
100136,"{{1, 4, 6, 9, 15}, {2, 5, 12, 13}, {3, 8, 14}, {7, 10}, {11}}","{{1, 2, 4, 5, 9}, {3, 6, 11, 13}, {7, 8, 14}, {10, 15}, {12}}",False,,,,False,FlipSYTNotFound
100152,"{{1, 3, 4, 6, 10}, {2, 8, 9, 15}, {5, 11, 14}, {7, 12}, {13}}","{{1, 2, 3, 9, 14}, {4, 7, 8, 11}, {5, 12, 13}, {6, 15}, {10}}",False,,,,False,FlipSYTNotFound
100179,"{{1, 3, 6, 9, 15}, {2, 5, 12, 13}, {4, 7, 14}, {8, 10}, {11}}","{{1, 2, 4, 5, 8}, {3, 6, 11, 12}, {7, 9, 14}, {10, 15}, {13}}",False,,,,False,FlipSYTNotFound
100180,"{{1, 3, 7, 9, 15}, {2, 5, 12, 13}, {4, 6, 14}, {8, 10}, {11}}","{{1, 2, 4, 5, 8}, {3, 6, 10, 12}, {7, 9, 14}, {11, 15}, {13}}",False,,,,False,FlipSYTNotFound
100187,"{{1, 3, 6, 8, 10}, {2, 5, 7, 15}, {4, 11, 14}, {9, 12}, {13}}","{{1, 2, 3, 7, 12}, {4, 8, 9, 11}, {5, 13, 14}, {6, 15}, {10}}",False,,,,False,FlipSYTNotFound
100309,"{{1, 3, 7, 13, 14}, {2, 5, 8, 15}, {4, 6, 12}, {9, 11}, {10}}","{{1, 3, 4, 5, 6}, {2, 7, 10, 12}, {8, 11, 14}, {9, 15}, {13}}",False,,,,False,FlipSYTNotFound
100339,"{{1, 3, 6, 13, 14}, {2, 5, 8, 15}, {4, 7, 12}, {9, 11}, {10}}","{{1, 3, 4, 5, 6}, {2, 7, 9, 12}, {8, 11, 14}, {10, 15}, {13}}",False,,,,False,FlipSYTNotFound
100345,"{{1, 2, 5, 13, 14}, {3, 6, 8, 15}, {4, 7, 12}, {9, 11}, {10}}","{{1, 3, 4, 5, 6}, {2, 7, 9, 12}, {8, 13, 15}, {10, 14}, {11}}",False,,,,False,FlipSYTNotFound
100381,"{{1, 4, 6, 13, 14}, {2, 5, 8, 15}, {3, 7, 12}, {9, 11}, {10}}","{{1, 3, 4, 5, 6}, {2, 7, 9, 13}, {8, 11, 14}, {10, 15}, {12}}",False,,,,False,FlipSYTNotFound
100504,"{{1, 3, 9, 13, 14}, {2, 5, 10, 15}, {4, 6, 12}, {7, 8}, {11}}","{{1, 3, 4, 5, 9}, {2, 6, 8, 12}, {7, 10, 14}, {11, 15}, {13}}",False,,,,False,FlipSYTNotFound
100510,"{{1, 3, 9, 13, 14}, {2, 5, 10, 15}, {4, 7, 12}, {6, 8}, {11}}","{{1, 3, 4, 5, 10}, {2, 6, 8, 12}, {7, 9, 14}, {11, 15}, {13}}",False,,,,False,FlipSYTNotFound
100580,"{{1, 3, 7, 13, 14}, {2, 6, 10, 15}, {4, 8, 12}, {5, 9}, {11}}","{{1, 3, 4, 5, 11}, {2, 6, 7, 12}, {8, 10, 14}, {9, 15}, {13}}",False,,,,False,FlipSYTNotFound
100608,"{{1, 3, 8, 13, 14}, {2, 5, 10, 15}, {4, 7, 12}, {6, 9}, {11}}","{{1, 3, 4, 5, 10}, {2, 6, 7, 12}, {8, 9, 14}, {11, 15}, {13}}",False,,,,False,FlipSYTNotFound
100611,"{{1, 3, 8, 13, 14}, {2, 5, 10, 15}, {4, 6, 12}, {7, 9}, {11}}","{{1, 3, 4, 5, 9}, {2, 6, 7, 12}, {8, 10, 14}, {11, 15}, {13}}",False,,,,False,FlipSYTNotFound
100621,"{{1, 3, 7, 13, 14}, {2, 5, 10, 15}, {4, 8, 12}, {6, 9}, {11}}","{{1, 3, 4, 5, 10}, {2, 6, 7, 12}, {8, 11, 14}, {9, 15}, {13}}",False,,,,False,FlipSYTNotFound
100663,"{{1, 3, 4, 13, 14}, {2, 7, 10, 15}, {5, 8, 12}, {6, 9}, {11}}","{{1, 3, 4, 5, 10}, {2, 6, 7, 11}, {8, 13, 14}, {9, 15}, {12}}",False,,,,False,FlipSYTNotFound
100666,"{{1, 3, 6, 13, 14}, {2, 5, 10, 15}, {4, 8, 12}, {7, 9}, {11}}","{{1, 3, 4, 5, 9}, {2, 6, 7, 12}, {8, 11, 14}, {10, 15}, {13}}",False,,,,False,FlipSYTNotFound
100673,"{{1, 3, 6, 8, 15}, {2, 5, 12, 13}, {4, 7, 14}, {9, 10}, {11}}","{{1, 2, 4, 5, 7}, {3, 6, 11, 12}, {8, 9, 14}, {10, 15}, {13}}",False,,,,False,FlipSYTNotFound
100691,"{{1, 3, 7, 8, 15}, {2, 5, 12, 13}, {4, 6, 14}, {9, 10}, {11}}","{{1, 2, 4, 5, 7}, {3, 6, 10, 12}, {8, 9, 14}, {11, 15}, {13}}",False,,,,False,FlipSYTNotFound
100696,"{{1, 3, 6, 13, 14}, {2, 5, 10, 15}, {4, 7, 12}, {8, 9}, {11}}","{{1, 3, 4, 5, 8}, {2, 6, 7, 12}, {9, 11, 14}, {10, 15}, {13}}",False,,,,False,FlipSYTNotFound
100700,"{{1, 3, 7, 13, 14}, {2, 5, 10, 15}, {4, 6, 12}, {8, 9}, {11}}","{{1, 3, 4, 5, 8}, {2, 6, 7, 12}, {9, 10, 14}, {11, 15}, {13}}",False,,,,False,FlipSYTNotFound
100727,"{{1, 4, 6, 13, 14}, {2, 5, 10, 15}, {3, 7, 12}, {8, 9}, {11}}","{{1, 3, 4, 5, 8}, {2, 6, 7, 13}, {9, 11, 14}, {10, 15}, {12}}",False,,,,False,FlipSYTNotFound
100801,"{{1, 4, 8, 13, 14}, {2, 6, 9, 15}, {3, 7, 12}, {5, 10}, {11}}","{{1, 3, 4, 5, 11}, {2, 6, 9, 13}, {7, 10, 14}, {8, 15}, {12}}",False,,,,False,FlipSYTNotFound
100806,"{{1, 4, 6, 7, 15}, {2, 5, 12, 13}, {3, 8, 14}, {9, 10}, {11}}","{{1, 2, 4, 5, 7}, {3, 6, 11, 13}, {8, 10, 14}, {9, 15}, {12}}",False,,,,False,FlipSYTNotFound
100826,"{{1, 5, 7, 13, 14}, {2, 6, 9, 15}, {3, 8, 12}, {4, 10}, {11}}","{{1, 3, 4, 5, 12}, {2, 6, 8, 13}, {7, 10, 14}, {9, 15}, {11}}",False,,,,False,FlipSYTNotFound
100832,"{{1, 3, 8, 13, 14}, {2, 5, 9, 15}, {4, 6, 12}, {7, 10}, {11}}","{{1, 3, 4, 5, 9}, {2, 6, 10, 12}, {7, 11, 14}, {8, 15}, {13}}",False,,,,False,FlipSYTNotFound
100848,"{{1, 3, 8, 13, 14}, {2, 5, 9, 15}, {4, 7, 12}, {6, 10}, {11}}","{{1, 3, 4, 5, 10}, {2, 6, 9, 12}, {7, 11, 14}, {8, 15}, {13}}",False,,,,False,FlipSYTNotFound
100860,"{{1, 3, 7, 13, 14}, {2, 5, 9, 15}, {4, 8, 12}, {6, 10}, {11}}","{{1, 3, 4, 5, 10}, {2, 6, 8, 12}, {7, 11, 14}, {9, 15}, {13}}",False,,,,False,FlipSYTNotFound
100895,"{{1, 4, 5, 12, 14}, {2, 6, 8, 13}, {3, 7, 15}, {9, 11}, {10}}","{{1, 3, 5, 6, 13}, {2, 7, 9, 14}, {4, 8, 12}, {10, 15}, {11}}",False,,,,False,FlipSYTNotFound
100964,"{{1, 6, 9, 11, 15}, {2, 7, 10, 13}, {3, 8, 14}, {4, 12}, {5}}","{{1, 2, 4, 8, 11}, {3, 6, 9, 12}, {5, 7, 13}, {10, 14}, {15}}",False,,,,False,FlipSYTNotFound
100980,"{{1, 3, 6, 13, 14}, {2, 5, 9, 15}, {4, 8, 12}, {7, 10}, {11}}","{{1, 3, 4, 5, 9}, {2, 6, 8, 12}, {7, 11, 14}, {10, 15}, {13}}",False,,,,False,FlipSYTNotFound
100999,"{{1, 4, 5, 12, 14}, {2, 6, 7, 13}, {3, 8, 15}, {9, 11}, {10}}","{{1, 3, 5, 6, 13}, {2, 7, 10, 14}, {4, 8, 12}, {9, 15}, {11}}",False,,,,False,FlipSYTNotFound
101000,"{{1, 3, 7, 13, 14}, {2, 5, 9, 15}, {4, 6, 12}, {8, 10}, {11}}","{{1, 3, 4, 5, 8}, {2, 6, 10, 12}, {7, 11, 14}, {9, 15}, {13}}",False,,,,False,FlipSYTNotFound
101003,"{{1, 4, 9, 11, 15}, {2, 5, 10, 13}, {3, 7, 14}, {6, 12}, {8}}","{{1, 2, 4, 8, 10}, {3, 6, 9, 13}, {5, 7, 11}, {12, 14}, {15}}",False,,,,False,FlipSYTNotFound
101009,"{{1, 4, 6, 13, 14}, {2, 5, 9, 15}, {3, 7, 12}, {8, 10}, {11}}","{{1, 3, 4, 5, 8}, {2, 6, 9, 13}, {7, 11, 14}, {10, 15}, {12}}",False,,,,False,FlipSYTNotFound
101015,"{{1, 3, 6, 13, 14}, {2, 5, 9, 15}, {4, 7, 12}, {8, 10}, {11}}","{{1, 3, 4, 5, 8}, {2, 6, 9, 12}, {7, 11, 14}, {10, 15}, {13}}",False,,,,False,FlipSYTNotFound
101060,"{{1, 3, 7, 13, 14}, {2, 6, 8, 15}, {4, 9, 12}, {5, 10}, {11}}","{{1, 3, 4, 5, 11}, {2, 6, 10, 12}, {7, 13, 14}, {8, 15}, {9}}",False,,,,False,FlipSYTNotFound
101103,"{{1, 3, 9, 12, 14}, {2, 5, 10, 13}, {4, 7, 15}, {6, 8}, {11}}","{{1, 3, 5, 8, 10}, {2, 6, 9, 12}, {4, 7, 14}, {11, 15}, {13}}",False,,,,False,FlipSYTNotFound
101120,"{{1, 3, 8, 12, 14}, {2, 5, 10, 13}, {4, 7, 15}, {6, 9}, {11}}","{{1, 3, 5, 7, 10}, {2, 6, 9, 12}, {4, 8, 14}, {11, 15}, {13}}",False,,,,False,FlipSYTNotFound
101121,"{{1, 6, 8, 11, 15}, {2, 7, 10, 13}, {3, 9, 14}, {4, 12}, {5}}","{{1, 2, 4, 7, 11}, {3, 6, 9, 12}, {5, 8, 13}, {10, 14}, {15}}",False,,,,False,FlipSYTNotFound
101125,"{{1, 3, 9, 12, 14}, {2, 5, 10, 13}, {4, 6, 15}, {7, 8}, {11}}","{{1, 3, 5, 8, 9}, {2, 6, 10, 12}, {4, 7, 14}, {11, 15}, {13}}",False,,,,False,FlipSYTNotFound
101127,"{{1, 3, 8, 12, 14}, {2, 5, 10, 13}, {4, 6, 15}, {7, 9}, {11}}","{{1, 3, 5, 7, 9}, {2, 6, 10, 12}, {4, 8, 14}, {11, 15}, {13}}",False,,,,False,FlipSYTNotFound
101157,"{{1, 4, 8, 12, 14}, {2, 5, 10, 13}, {3, 7, 15}, {6, 9}, {11}}","{{1, 3, 5, 7, 10}, {2, 6, 9, 13}, {4, 8, 14}, {11, 15}, {12}}",False,,,,False,FlipSYTNotFound
101166,"{{1, 3, 6, 8, 9}, {2, 5, 7, 15}, {4, 11, 14}, {10, 12}, {13}}","{{1, 2, 3, 6, 12}, {4, 8, 9, 11}, {5, 13, 14}, {7, 15}, {10}}",False,,,,False,FlipSYTNotFound
101212,"{{1, 4, 6, 12, 14}, {2, 5, 10, 13}, {3, 8, 15}, {7, 9}, {11}}","{{1, 3, 5, 7, 9}, {2, 6, 11, 13}, {4, 8, 14}, {10, 15}, {12}}",False,,,,False,FlipSYTNotFound
101282,"{{1, 3, 7, 13, 14}, {2, 5, 8, 15}, {4, 6, 12}, {9, 10}, {11}}","{{1, 3, 4, 5, 7}, {2, 6, 10, 12}, {8, 11, 14}, {9, 15}, {13}}",False,,,,False,FlipSYTNotFound
101297,"{{1, 3, 7, 12, 14}, {2, 5, 10, 13}, {4, 6, 15}, {8, 9}, {11}}","{{1, 3, 5, 7, 8}, {2, 6, 10, 12}, {4, 9, 14}, {11, 15}, {13}}",False,,,,False,FlipSYTNotFound
101299,"{{1, 3, 6, 13, 14}, {2, 5, 8, 15}, {4, 7, 12}, {9, 10}, {11}}","{{1, 3, 4, 5, 7}, {2, 6, 9, 12}, {8, 11, 14}, {10, 15}, {13}}",False,,,,False,FlipSYTNotFound
101326,"{{1, 2, 5, 13, 14}, {3, 6, 8, 15}, {4, 7, 12}, {9, 10}, {11}}","{{1, 3, 4, 5, 7}, {2, 6, 9, 12}, {8, 13, 15}, {10, 14}, {11}}",False,,,,False,FlipSYTNotFound
101530,"{{1, 5, 8, 13, 14}, {2, 6, 10, 15}, {3, 9, 11}, {4, 12}, {7}}","{{1, 3, 4, 7, 9}, {2, 5, 10, 12}, {6, 11, 13}, {8, 14}, {15}}",False,,,,False,FlipSYTNotFound
101533,"{{1, 4, 6, 12, 14}, {2, 5, 9, 13}, {3, 8, 15}, {7, 10}, {11}}","{{1, 3, 5, 8, 9}, {2, 6, 11, 13}, {4, 7, 14}, {10, 15}, {12}}",False,,,,False,FlipSYTNotFound
101665,"{{1, 3, 7, 12, 14}, {2, 4, 8, 13}, {5, 9, 15}, {6, 10}, {11}}","{{1, 3, 5, 10, 14}, {2, 6, 11, 15}, {4, 7, 12}, {8, 13}, {9}}",True,20,20,5.17014848975390686484E-1,False,DistanceAboveTolerance
101670,"{{1, 4, 5, 12, 14}, {2, 6, 9, 13}, {3, 7, 15}, {8, 10}, {11}}","{{1, 3, 5, 8, 13}, {2, 6, 9, 14}, {4, 7, 12}, {10, 15}, {11}}",False,,,,False,FlipSYTNotFound
101705,"{{1, 2, 4, 12, 14}, {3, 7, 8, 13}, {5, 9, 15}, {6, 10}, {11}}","{{1, 3, 5, 9, 10}, {2, 6, 11, 15}, {4, 7, 13}, {8, 14}, {12}}",False,,,,False,FlipSYTNotFound
101864,"{{1, 4, 5, 12, 14}, {2, 6, 7, 13}, {3, 9, 15}, {8, 10}, {11}}","{{1, 3, 5, 8, 13}, {2, 6, 10, 14}, {4, 7, 12}, {9, 15}, {11}}",False,,,,False,FlipSYTNotFound
101951,"{{1, 4, 5, 12, 14}, {2, 6, 8, 13}, {3, 7, 15}, {9, 10}, {11}}","{{1, 3, 5, 7, 13}, {2, 6, 9, 14}, {4, 8, 12}, {10, 15}, {11}}",False,,,,False,FlipSYTNotFound
101978,"{{1, 6, 10, 11, 14}, {2, 7, 12, 13}, {3, 8, 15}, {4, 9}, {5}}","{{1, 3, 4, 7, 11}, {2, 6, 8, 12}, {5, 9, 13}, {10, 14}, {15}}",False,,,,False,FlipSYTNotFound
101980,"{{1, 4, 5, 12, 14}, {2, 6, 7, 13}, {3, 8, 15}, {9, 10}, {11}}","{{1, 3, 5, 7, 13}, {2, 6, 10, 14}, {4, 8, 12}, {9, 15}, {11}}",False,,,,False,FlipSYTNotFound
102078,"{{1, 5, 8, 13, 14}, {2, 6, 9, 15}, {3, 10, 11}, {4, 12}, {7}}","{{1, 3, 4, 6, 9}, {2, 5, 10, 12}, {7, 11, 13}, {8, 14}, {15}}",False,,,,False,FlipSYTNotFound
102095,"{{1, 3, 6, 8, 10}, {2, 5, 7, 15}, {4, 9, 14}, {11, 12}, {13}}","{{1, 2, 3, 5, 12}, {4, 7, 9, 11}, {6, 13, 14}, {8, 15}, {10}}",False,,,,False,FlipSYTNotFound
102104,"{{1, 3, 10, 11, 14}, {2, 5, 12, 13}, {4, 6, 15}, {7, 9}, {8}}","{{1, 3, 4, 7, 8}, {2, 6, 9, 12}, {5, 10, 14}, {11, 15}, {13}}",False,,,,False,FlipSYTNotFound
102110,"{{1, 2, 6, 8, 10}, {3, 5, 7, 15}, {4, 9, 14}, {11, 12}, {13}}","{{1, 2, 3, 5, 12}, {4, 7, 9, 11}, {6, 13, 15}, {8, 14}, {10}}",False,,,,False,FlipSYTNotFound
102115,"{{1, 2, 4, 13, 14}, {3, 5, 10, 15}, {6, 7, 11}, {8, 12}, {9}}","{{1, 3, 4, 7, 10}, {2, 5, 8, 13}, {6, 9, 15}, {11, 14}, {12}}",False,,,,False,FlipSYTNotFound
102192,"{{1, 3, 10, 11, 14}, {2, 5, 12, 13}, {4, 7, 15}, {6, 8}, {9}}","{{1, 3, 4, 7, 10}, {2, 6, 8, 12}, {5, 9, 14}, {11, 15}, {13}}",False,,,,False,FlipSYTNotFound
102200,"{{1, 3, 10, 11, 14}, {2, 5, 12, 13}, {4, 6, 15}, {7, 8}, {9}}","{{1, 3, 4, 7, 9}, {2, 6, 8, 12}, {5, 10, 14}, {11, 15}, {13}}",False,,,,False,FlipSYTNotFound
102202,"{{1, 4, 9, 11, 14}, {2, 5, 12, 13}, {3, 8, 15}, {6, 10}, {7}}","{{1, 3, 4, 6, 9}, {2, 7, 8, 10}, {5, 11, 13}, {12, 14}, {15}}",False,,,,False,FlipSYTNotFound
102210,"{{1, 4, 6, 7, 10}, {2, 5, 8, 15}, {3, 9, 14}, {11, 12}, {13}}","{{1, 2, 3, 5, 13}, {4, 7, 10, 11}, {6, 12, 14}, {8, 15}, {9}}",False,,,,False,FlipSYTNotFound
102237,"{{1, 6, 9, 11, 14}, {2, 7, 12, 13}, {3, 8, 15}, {4, 10}, {5}}","{{1, 3, 4, 6, 11}, {2, 7, 8, 12}, {5, 9, 13}, {10, 14}, {15}}",False,,,,False,FlipSYTNotFound
102268,"{{1, 3, 9, 11, 14}, {2, 5, 12, 13}, {4, 6, 15}, {7, 10}, {8}}","{{1, 3, 4, 6, 8}, {2, 7, 9, 12}, {5, 10, 14}, {11, 15}, {13}}",False,,,,False,FlipSYTNotFound
102309,"{{1, 6, 8, 11, 14}, {2, 7, 12, 13}, {3, 9, 15}, {4, 10}, {5}}","{{1, 3, 4, 6, 11}, {2, 7, 9, 12}, {5, 8, 13}, {10, 14}, {15}}",False,,,,False,FlipSYTNotFound
102385,"{{1, 3, 6, 8, 9}, {2, 5, 10, 15}, {4, 7, 14}, {11, 12}, {13}}","{{1, 2, 3, 5, 12}, {4, 8, 9, 11}, {6, 10, 14}, {7, 15}, {13}}",False,,,,False,FlipSYTNotFound
102389,"{{1, 3, 7, 8, 9}, {2, 4, 10, 15}, {5, 6, 14}, {11, 12}, {13}}","{{1, 2, 3, 5, 11}, {4, 8, 9, 10}, {6, 12, 14}, {7, 15}, {13}}",False,,,,False,FlipSYTNotFound
102415,"{{1, 3, 6, 11, 15}, {2, 5, 9, 13}, {4, 8, 14}, {7, 12}, {10}}","{{1, 2, 4, 6, 9}, {3, 7, 8, 12}, {5, 10, 11}, {13, 14}, {15}}",False,,,,False,FlipSYTNotFound
102567,"{{1, 3, 8, 11, 14}, {2, 5, 12, 13}, {4, 6, 15}, {7, 10}, {9}}","{{1, 3, 4, 6, 7}, {2, 8, 9, 12}, {5, 10, 14}, {11, 15}, {13}}",False,,,,False,FlipSYTNotFound
102727,"{{1, 3, 7, 11, 14}, {2, 5, 12, 13}, {4, 6, 15}, {8, 10}, {9}}","{{1, 3, 4, 6, 7}, {2, 8, 10, 12}, {5, 9, 14}, {11, 15}, {13}}",False,,,,False,FlipSYTNotFound
102745,"{{1, 3, 6, 11, 14}, {2, 5, 12, 13}, {4, 7, 15}, {8, 10}, {9}}","{{1, 3, 4, 6, 7}, {2, 8, 11, 12}, {5, 9, 14}, {10, 15}, {13}}",False,,,,False,FlipSYTNotFound
102804,"{{1, 3, 9, 11, 14}, {2, 5, 12, 13}, {4, 6, 15}, {7, 8}, {10}}","{{1, 3, 4, 6, 9}, {2, 7, 8, 12}, {5, 10, 14}, {11, 15}, {13}}",False,,,,False,FlipSYTNotFound
102805,"{{1, 3, 9, 11, 14}, {2, 5, 12, 13}, {4, 7, 15}, {6, 8}, {10}}","{{1, 3, 4, 6, 10}, {2, 7, 8, 12}, {5, 9, 14}, {11, 15}, {13}}",False,,,,False,FlipSYTNotFound
102912,"{{1, 3, 8, 11, 14}, {2, 5, 12, 13}, {4, 7, 15}, {6, 9}, {10}}","{{1, 3, 4, 6, 10}, {2, 7, 9, 12}, {5, 8, 14}, {11, 15}, {13}}",False,,,,False,FlipSYTNotFound
102915,"{{1, 4, 8, 11, 14}, {2, 5, 12, 13}, {3, 7, 15}, {6, 9}, {10}}","{{1, 3, 4, 6, 10}, {2, 7, 9, 13}, {5, 8, 14}, {11, 15}, {12}}",False,,,,False,FlipSYTNotFound
102926,"{{1, 3, 8, 11, 14}, {2, 5, 12, 13}, {4, 6, 15}, {7, 9}, {10}}","{{1, 3, 4, 6, 9}, {2, 7, 10, 12}, {5, 8, 14}, {11, 15}, {13}}",False,,,,False,FlipSYTNotFound
102954,"{{1, 4, 5, 11, 15}, {2, 6, 8, 13}, {3, 7, 14}, {9, 12}, {10}}","{{1, 2, 4, 6, 13}, {3, 7, 9, 14}, {5, 8, 12}, {10, 15}, {11}}",False,,,,False,FlipSYTNotFound
102993,"{{1, 4, 6, 11, 14}, {2, 5, 12, 13}, {3, 8, 15}, {7, 9}, {10}}","{{1, 3, 4, 6, 9}, {2, 7, 11, 13}, {5, 8, 14}, {10, 15}, {12}}",False,,,,False,FlipSYTNotFound
103001,"{{1, 3, 4, 6, 9}, {2, 7, 8, 15}, {5, 10, 14}, {11, 12}, {13}}","{{1, 2, 3, 5, 14}, {4, 8, 9, 11}, {6, 12, 13}, {7, 15}, {10}}",False,,,,False,FlipSYTNotFound
103054,"{{1, 4, 5, 11, 15}, {2, 6, 7, 13}, {3, 8, 14}, {9, 12}, {10}}","{{1, 2, 4, 6, 13}, {3, 7, 10, 14}, {5, 8, 12}, {9, 15}, {11}}",False,,,,False,FlipSYTNotFound
103092,"{{1, 3, 7, 11, 14}, {2, 5, 12, 13}, {4, 6, 15}, {8, 9}, {10}}","{{1, 3, 4, 6, 8}, {2, 7, 10, 12}, {5, 9, 14}, {11, 15}, {13}}",False,,,,False,FlipSYTNotFound
103135,"{{1, 4, 9, 10, 14}, {2, 5, 12, 13}, {3, 8, 15}, {6, 11}, {7}}","{{1, 3, 4, 5, 9}, {2, 7, 8, 10}, {6, 11, 13}, {12, 14}, {15}}",False,,,,False,FlipSYTNotFound
103151,"{{1, 6, 9, 10, 14}, {2, 7, 12, 13}, {3, 8, 15}, {4, 11}, {5}}","{{1, 3, 4, 5, 11}, {2, 7, 8, 12}, {6, 9, 13}, {10, 14}, {15}}",False,,,,False,FlipSYTNotFound
103179,"{{1, 4, 9, 10, 15}, {2, 5, 11, 13}, {3, 7, 14}, {6, 12}, {8}}","{{1, 2, 4, 8, 10}, {3, 5, 9, 13}, {6, 7, 11}, {12, 14}, {15}}",False,,,,False,FlipSYTNotFound
103203,"{{1, 6, 8, 10, 15}, {2, 7, 11, 13}, {3, 9, 14}, {4, 12}, {5}}","{{1, 2, 4, 7, 11}, {3, 5, 9, 12}, {6, 8, 13}, {10, 14}, {15}}",False,,,,False,FlipSYTNotFound
103236,"{{1, 3, 9, 10, 14}, {2, 5, 12, 13}, {4, 6, 15}, {7, 11}, {8}}","{{1, 3, 4, 5, 8}, {2, 7, 9, 12}, {6, 10, 14}, {11, 15}, {13}}",False,,,,False,FlipSYTNotFound
103244,"{{1, 6, 8, 10, 14}, {2, 7, 12, 13}, {3, 9, 15}, {4, 11}, {5}}","{{1, 3, 4, 5, 11}, {2, 7, 9, 12}, {6, 8, 13}, {10, 14}, {15}}",False,,,,False,FlipSYTNotFound
103343,"{{1, 2, 4, 13, 14}, {3, 5, 9, 15}, {6, 7, 10}, {8, 12}, {11}}","{{1, 3, 4, 5, 10}, {2, 6, 8, 13}, {7, 9, 15}, {11, 14}, {12}}",False,,,,False,FlipSYTNotFound
103529,"{{1, 3, 8, 10, 14}, {2, 5, 12, 13}, {4, 6, 15}, {7, 11}, {9}}","{{1, 3, 4, 5, 7}, {2, 8, 9, 12}, {6, 10, 14}, {11, 15}, {13}}",False,,,,False,FlipSYTNotFound
103573,"{{1, 5, 8, 12, 13}, {2, 6, 10, 15}, {3, 9, 11}, {4, 14}, {7}}","{{1, 2, 5, 7, 9}, {3, 4, 10, 12}, {6, 11, 13}, {8, 14}, {15}}",False,,,,False,FlipSYTNotFound
103697,"{{1, 3, 7, 10, 14}, {2, 5, 12, 13}, {4, 6, 15}, {8, 11}, {9}}","{{1, 3, 4, 5, 7}, {2, 8, 10, 12}, {6, 9, 14}, {11, 15}, {13}}",False,,,,False,FlipSYTNotFound
103763,"{{1, 3, 6, 10, 15}, {2, 5, 11, 13}, {4, 8, 14}, {7, 12}, {9}}","{{1, 2, 4, 7, 9}, {3, 5, 8, 12}, {6, 10, 11}, {13, 14}, {15}}",False,,,,False,FlipSYTNotFound
103771,"{{1, 6, 8, 9, 14}, {2, 7, 12, 13}, {3, 10, 15}, {4, 11}, {5}}","{{1, 3, 4, 5, 11}, {2, 6, 9, 12}, {7, 8, 13}, {10, 14}, {15}}",False,,,,False,FlipSYTNotFound
103810,"{{1, 3, 6, 10, 14}, {2, 5, 12, 13}, {4, 7, 15}, {8, 11}, {9}}","{{1, 3, 4, 5, 7}, {2, 8, 11, 12}, {6, 9, 14}, {10, 15}, {13}}",False,,,,False,FlipSYTNotFound
103824,"{{1, 2, 5, 13, 14}, {3, 4, 7, 15}, {6, 8, 9}, {10, 12}, {11}}","{{1, 3, 4, 5, 10}, {2, 6, 8, 13}, {7, 12, 15}, {9, 14}, {11}}",False,,,,False,FlipSYTNotFound
103866,"{{1, 6, 8, 9, 15}, {2, 7, 11, 13}, {3, 10, 14}, {4, 12}, {5}}","{{1, 2, 4, 6, 11}, {3, 5, 9, 12}, {7, 8, 13}, {10, 14}, {15}}",False,,,,False,FlipSYTNotFound
103876,"{{1, 4, 9, 13, 14}, {2, 6, 10, 15}, {3, 7, 11}, {5, 8}, {12}}","{{1, 3, 4, 8, 11}, {2, 5, 9, 13}, {6, 10, 14}, {7, 15}, {12}}",False,,,,False,FlipSYTNotFound
103884,"{{1, 3, 9, 13, 14}, {2, 5, 10, 15}, {4, 7, 11}, {6, 8}, {12}}","{{1, 3, 4, 8, 10}, {2, 5, 9, 12}, {6, 11, 14}, {7, 15}, {13}}",False,,,,False,FlipSYTNotFound
103908,"{{1, 3, 9, 13, 14}, {2, 5, 10, 15}, {4, 6, 11}, {7, 8}, {12}}","{{1, 3, 4, 8, 9}, {2, 5, 10, 12}, {6, 11, 14}, {7, 15}, {13}}",False,,,,False,FlipSYTNotFound
103952,"{{1, 3, 8, 13, 14}, {2, 5, 10, 15}, {4, 6, 11}, {7, 9}, {12}}","{{1, 3, 4, 7, 9}, {2, 5, 10, 12}, {6, 11, 14}, {8, 15}, {13}}",False,,,,False,FlipSYTNotFound
103963,"{{1, 3, 8, 13, 14}, {2, 5, 10, 15}, {4, 7, 11}, {6, 9}, {12}}","{{1, 3, 4, 7, 10}, {2, 5, 9, 12}, {6, 11, 14}, {8, 15}, {13}}",False,,,,False,FlipSYTNotFound
104007,"{{1, 3, 7, 13, 14}, {2, 5, 10, 15}, {4, 8, 11}, {6, 9}, {12}}","{{1, 3, 4, 7, 10}, {2, 5, 8, 12}, {6, 11, 14}, {9, 15}, {13}}",False,,,,False,FlipSYTNotFound
104012,"{{1, 2, 7, 13, 14}, {3, 4, 10, 15}, {5, 8, 11}, {6, 9}, {12}}","{{1, 3, 4, 7, 10}, {2, 5, 8, 11}, {6, 12, 13}, {9, 15}, {14}}",False,,,,False,FlipSYTNotFound
104071,"{{1, 3, 6, 13, 14}, {2, 5, 10, 15}, {4, 8, 11}, {7, 9}, {12}}","{{1, 3, 4, 7, 9}, {2, 5, 8, 12}, {6, 11, 14}, {10, 15}, {13}}",False,,,,False,FlipSYTNotFound
104089,"{{1, 3, 7, 13, 14}, {2, 5, 10, 15}, {4, 6, 11}, {8, 9}, {12}}","{{1, 3, 4, 7, 8}, {2, 5, 10, 12}, {6, 11, 14}, {9, 15}, {13}}",False,,,,False,FlipSYTNotFound
104124,"{{1, 3, 6, 13, 14}, {2, 5, 10, 15}, {4, 7, 11}, {8, 9}, {12}}","{{1, 3, 4, 7, 8}, {2, 5, 9, 12}, {6, 11, 14}, {10, 15}, {13}}",False,,,,False,FlipSYTNotFound
104148,"{{1, 2, 4, 12, 13}, {3, 5, 10, 15}, {6, 7, 11}, {8, 14}, {9}}","{{1, 2, 5, 7, 10}, {3, 4, 8, 13}, {6, 9, 15}, {11, 14}, {12}}",False,,,,False,FlipSYTNotFound
104158,"{{1, 2, 4, 13, 14}, {3, 5, 10, 15}, {6, 7, 11}, {8, 9}, {12}}","{{1, 3, 4, 7, 8}, {2, 5, 9, 10}, {6, 13, 15}, {11, 14}, {12}}",False,,,,False,FlipSYTNotFound
104173,"{{1, 3, 8, 13, 14}, {2, 5, 9, 15}, {4, 7, 11}, {6, 10}, {12}}","{{1, 3, 4, 6, 10}, {2, 5, 9, 12}, {7, 11, 14}, {8, 15}, {13}}",False,,,,False,FlipSYTNotFound
104200,"{{1, 3, 8, 13, 14}, {2, 5, 9, 15}, {4, 6, 11}, {7, 10}, {12}}","{{1, 3, 4, 6, 9}, {2, 5, 10, 12}, {7, 11, 14}, {8, 15}, {13}}",False,,,,False,FlipSYTNotFound
104237,"{{1, 3, 7, 13, 14}, {2, 5, 9, 15}, {4, 8, 11}, {6, 10}, {12}}","{{1, 3, 4, 6, 10}, {2, 5, 8, 12}, {7, 11, 14}, {9, 15}, {13}}",False,,,,False,FlipSYTNotFound
104337,"{{1, 3, 6, 13, 14}, {2, 5, 9, 15}, {4, 8, 11}, {7, 10}, {12}}","{{1, 3, 4, 6, 9}, {2, 5, 8, 12}, {7, 11, 14}, {10, 15}, {13}}",False,,,,False,FlipSYTNotFound
104343,"{{1, 2, 3, 13, 14}, {4, 7, 9, 15}, {5, 8, 11}, {6, 10}, {12}}","{{1, 3, 4, 6, 10}, {2, 5, 8, 11}, {7, 12, 15}, {9, 14}, {13}}",False,,,,False,FlipSYTNotFound
104358,"{{1, 4, 7, 13, 14}, {2, 5, 9, 15}, {3, 6, 11}, {8, 10}, {12}}","{{1, 3, 4, 6, 8}, {2, 5, 10, 13}, {7, 11, 14}, {9, 15}, {12}}",False,,,,False,FlipSYTNotFound
104377,"{{1, 3, 7, 13, 14}, {2, 5, 9, 15}, {4, 6, 11}, {8, 10}, {12}}","{{1, 3, 4, 6, 8}, {2, 5, 10, 12}, {7, 11, 14}, {9, 15}, {13}}",False,,,,False,FlipSYTNotFound
104391,"{{1, 4, 6, 13, 14}, {2, 5, 9, 15}, {3, 7, 11}, {8, 10}, {12}}","{{1, 3, 4, 6, 8}, {2, 5, 9, 13}, {7, 11, 14}, {10, 15}, {12}}",False,,,,False,FlipSYTNotFound
104393,"{{1, 3, 6, 13, 14}, {2, 5, 9, 15}, {4, 7, 11}, {8, 10}, {12}}","{{1, 3, 4, 6, 8}, {2, 5, 9, 12}, {7, 11, 14}, {10, 15}, {13}}",False,,,,False,FlipSYTNotFound
104499,"{{1, 3, 7, 13, 14}, {2, 6, 8, 15}, {4, 9, 11}, {5, 10}, {12}}","{{1, 3, 4, 6, 11}, {2, 5, 10, 12}, {7, 13, 14}, {8, 15}, {9}}",False,,,,False,FlipSYTNotFound
104531,"{{1, 3, 8, 9, 14}, {2, 5, 12, 13}, {4, 6, 15}, {7, 11}, {10}}","{{1, 3, 4, 5, 6}, {2, 8, 9, 12}, {7, 10, 14}, {11, 15}, {13}}",False,,,,False,FlipSYTNotFound
104630,"{{1, 3, 7, 9, 14}, {2, 5, 12, 13}, {4, 6, 15}, {8, 11}, {10}}","{{1, 3, 4, 5, 6}, {2, 8, 10, 12}, {7, 9, 14}, {11, 15}, {13}}",False,,,,False,FlipSYTNotFound
104651,"{{1, 3, 7, 13, 14}, {2, 5, 8, 15}, {4, 6, 11}, {9, 10}, {12}}","{{1, 3, 4, 6, 7}, {2, 5, 10, 12}, {8, 11, 14}, {9, 15}, {13}}",False,,,,False,FlipSYTNotFound
104652,"{{1, 3, 6, 9, 14}, {2, 5, 12, 13}, {4, 7, 15}, {8, 11}, {10}}","{{1, 3, 4, 5, 6}, {2, 8, 11, 12}, {7, 9, 14}, {10, 15}, {13}}",False,,,,False,FlipSYTNotFound
104659,"{{1, 3, 6, 13, 14}, {2, 5, 8, 15}, {4, 7, 11}, {9, 10}, {12}}","{{1, 3, 4, 6, 7}, {2, 5, 9, 12}, {8, 11, 14}, {10, 15}, {13}}",False,,,,False,FlipSYTNotFound
104711,"{{1, 4, 8, 9, 15}, {2, 5, 11, 13}, {3, 7, 14}, {6, 12}, {10}}","{{1, 2, 4, 6, 10}, {3, 5, 9, 13}, {7, 8, 11}, {12, 14}, {15}}",False,,,,False,FlipSYTNotFound
104733,"{{1, 5, 8, 13, 14}, {2, 6, 9, 15}, {3, 7, 10}, {4, 11}, {12}}","{{1, 3, 4, 9, 12}, {2, 5, 10, 13}, {6, 11, 14}, {7, 15}, {8}}",False,,,,False,FlipSYTNotFound
104746,"{{1, 4, 6, 13, 14}, {2, 5, 8, 15}, {3, 7, 11}, {9, 10}, {12}}","{{1, 3, 4, 6, 7}, {2, 5, 9, 13}, {8, 11, 14}, {10, 15}, {12}}",False,,,,False,FlipSYTNotFound
104841,"{{1, 2, 4, 12, 13}, {3, 5, 9, 15}, {6, 7, 11}, {8, 14}, {10}}","{{1, 2, 5, 6, 10}, {3, 4, 8, 13}, {7, 9, 15}, {11, 14}, {12}}",False,,,,False,FlipSYTNotFound
104964,"{{1, 2, 5, 13, 14}, {3, 4, 9, 15}, {6, 8, 10}, {7, 11}, {12}}","{{1, 3, 4, 8, 9}, {2, 5, 10, 13}, {6, 12, 15}, {7, 14}, {11}}",False,,,,False,FlipSYTNotFound
105074,"{{1, 3, 7, 8, 14}, {2, 5, 12, 13}, {4, 6, 15}, {9, 11}, {10}}","{{1, 3, 4, 5, 6}, {2, 7, 10, 12}, {8, 9, 14}, {11, 15}, {13}}",False,,,,False,FlipSYTNotFound
105082,"{{1, 3, 6, 8, 14}, {2, 5, 12, 13}, {4, 7, 15}, {9, 11}, {10}}","{{1, 3, 4, 5, 6}, {2, 7, 11, 12}, {8, 9, 14}, {10, 15}, {13}}",False,,,,False,FlipSYTNotFound
105091,"{{1, 2, 4, 13, 14}, {3, 6, 9, 15}, {5, 7, 10}, {8, 11}, {12}}","{{1, 3, 4, 8, 11}, {2, 5, 9, 13}, {6, 10, 15}, {7, 14}, {12}}",False,,,,False,FlipSYTNotFound
105113,"{{1, 3, 6, 8, 15}, {2, 5, 11, 13}, {4, 9, 14}, {7, 12}, {10}}","{{1, 2, 4, 6, 9}, {3, 5, 7, 12}, {8, 10, 11}, {13, 14}, {15}}",False,,,,False,FlipSYTNotFound
105117,"{{1, 4, 6, 7, 14}, {2, 5, 12, 13}, {3, 8, 15}, {9, 11}, {10}}","{{1, 3, 4, 5, 6}, {2, 7, 11, 13}, {8, 10, 14}, {9, 15}, {12}}",False,,,,False,FlipSYTNotFound
105142,"{{1, 3, 7, 13, 14}, {2, 6, 8, 15}, {4, 9, 10}, {5, 11}, {12}}","{{1, 3, 4, 7, 11}, {2, 5, 10, 12}, {6, 13, 14}, {8, 15}, {9}}",False,,,,False,FlipSYTNotFound
105206,"{{1, 2, 5, 12, 13}, {3, 4, 7, 15}, {6, 8, 11}, {9, 14}, {10}}","{{1, 2, 5, 6, 10}, {3, 4, 7, 13}, {8, 12, 15}, {9, 14}, {11}}",False,,,,False,FlipSYTNotFound
105244,"{{1, 3, 4, 7, 15}, {2, 8, 11, 13}, {5, 9, 14}, {6, 12}, {10}}","{{1, 2, 4, 6, 10}, {3, 5, 7, 14}, {8, 11, 13}, {9, 12}, {15}}",False,,,,False,FlipSYTNotFound
105313,"{{1, 3, 9, 10, 14}, {2, 5, 12, 13}, {4, 7, 15}, {6, 8}, {11}}","{{1, 3, 4, 5, 10}, {2, 7, 8, 12}, {6, 9, 14}, {11, 15}, {13}}",False,,,,False,FlipSYTNotFound
105325,"{{1, 3, 9, 10, 14}, {2, 5, 12, 13}, {4, 6, 15}, {7, 8}, {11}}","{{1, 3, 4, 5, 9}, {2, 7, 8, 12}, {6, 10, 14}, {11, 15}, {13}}",False,,,,False,FlipSYTNotFound
105391,"{{1, 3, 8, 10, 14}, {2, 5, 12, 13}, {4, 6, 15}, {7, 9}, {11}}","{{1, 3, 4, 5, 9}, {2, 7, 10, 12}, {6, 8, 14}, {11, 15}, {13}}",False,,,,False,FlipSYTNotFound
105402,"{{1, 3, 8, 10, 14}, {2, 5, 12, 13}, {4, 7, 15}, {6, 9}, {11}}","{{1, 3, 4, 5, 10}, {2, 7, 9, 12}, {6, 8, 14}, {11, 15}, {13}}",False,,,,False,FlipSYTNotFound
105465,"{{1, 4, 6, 10, 14}, {2, 5, 12, 13}, {3, 8, 15}, {7, 9}, {11}}","{{1, 3, 4, 5, 9}, {2, 7, 11, 13}, {6, 8, 14}, {10, 15}, {12}}",False,,,,False,FlipSYTNotFound
105555,"{{1, 3, 7, 10, 14}, {2, 5, 12, 13}, {4, 6, 15}, {8, 9}, {11}}","{{1, 3, 4, 5, 8}, {2, 7, 10, 12}, {6, 9, 14}, {11, 15}, {13}}",False,,,,False,FlipSYTNotFound
105588,"{{1, 4, 5, 7, 15}, {2, 6, 11, 13}, {3, 8, 14}, {9, 12}, {10}}","{{1, 2, 4, 6, 13}, {3, 5, 7, 14}, {8, 10, 12}, {9, 15}, {11}}",False,,,,False,FlipSYTNotFound
105612,"{{1, 4, 10, 12, 14}, {2, 5, 11, 15}, {3, 8, 13}, {6, 9}, {7}}","{{1, 3, 5, 7, 9}, {2, 4, 8, 10}, {6, 11, 13}, {12, 14}, {15}}",False,,,,False,FlipSYTNotFound
105682,"{{1, 3, 10, 12, 14}, {2, 5, 11, 15}, {4, 6, 13}, {7, 9}, {8}}","{{1, 3, 5, 7, 8}, {2, 4, 9, 12}, {6, 10, 14}, {11, 15}, {13}}",False,,,,False,FlipSYTNotFound
105691,"{{1, 3, 8, 9, 14}, {2, 5, 12, 13}, {4, 7, 15}, {6, 10}, {11}}","{{1, 3, 4, 5, 10}, {2, 6, 9, 12}, {7, 8, 14}, {11, 15}, {13}}",False,,,,False,FlipSYTNotFound
105708,"{{1, 3, 10, 12, 14}, {2, 5, 11, 15}, {4, 7, 13}, {6, 8}, {9}}","{{1, 3, 5, 7, 10}, {2, 4, 8, 12}, {6, 9, 14}, {11, 15}, {13}}",False,,,,False,FlipSYTNotFound
105712,"{{1, 3, 8, 9, 14}, {2, 5, 12, 13}, {4, 6, 15}, {7, 10}, {11}}","{{1, 3, 4, 5, 9}, {2, 6, 10, 12}, {7, 8, 14}, {11, 15}, {13}}",False,,,,False,FlipSYTNotFound
105722,"{{1, 3, 10, 12, 14}, {2, 5, 11, 15}, {4, 6, 13}, {7, 8}, {9}}","{{1, 3, 5, 7, 9}, {2, 4, 8, 12}, {6, 10, 14}, {11, 15}, {13}}",False,,,,False,FlipSYTNotFound
105772,"{{1, 4, 6, 9, 14}, {2, 5, 12, 13}, {3, 8, 15}, {7, 10}, {11}}","{{1, 3, 4, 5, 9}, {2, 6, 11, 13}, {7, 8, 14}, {10, 15}, {12}}",False,,,,False,FlipSYTNotFound
105781,"{{1, 3, 7, 9, 14}, {2, 5, 12, 13}, {4, 6, 15}, {8, 10}, {11}}","{{1, 3, 4, 5, 8}, {2, 6, 10, 12}, {7, 9, 14}, {11, 15}, {13}}",False,,,,False,FlipSYTNotFound
105818,"{{1, 3, 9, 12, 14}, {2, 5, 11, 15}, {4, 6, 13}, {7, 10}, {8}}","{{1, 3, 5, 6, 8}, {2, 4, 9, 12}, {7, 10, 14}, {11, 15}, {13}}",False,,,,False,FlipSYTNotFound
105834,"{{1, 6, 8, 12, 14}, {2, 7, 11, 15}, {3, 9, 13}, {4, 10}, {5}}","{{1, 3, 5, 6, 11}, {2, 4, 7, 12}, {8, 9, 13}, {10, 14}, {15}}",False,,,,False,FlipSYTNotFound
105851,"{{1, 3, 6, 9, 14}, {2, 5, 12, 13}, {4, 7, 15}, {8, 10}, {11}}","{{1, 3, 4, 5, 8}, {2, 6, 11, 12}, {7, 9, 14}, {10, 15}, {13}}",False,,,,False,FlipSYTNotFound
105853,"{{1, 2, 5, 12, 13}, {3, 4, 7, 15}, {6, 8, 10}, {9, 14}, {11}}","{{1, 2, 5, 7, 10}, {3, 4, 6, 13}, {8, 12, 15}, {9, 14}, {11}}",False,,,,False,FlipSYTNotFound
105930,"{{1, 6, 9, 11, 13}, {2, 7, 10, 15}, {3, 8, 12}, {4, 14}, {5}}","{{1, 2, 6, 8, 11}, {3, 4, 9, 12}, {5, 10, 13}, {7, 14}, {15}}",False,,,,False,FlipSYTNotFound
106016,"{{1, 2, 5, 12, 13}, {3, 4, 7, 15}, {6, 8, 9}, {10, 14}, {11}}","{{1, 2, 5, 8, 10}, {3, 4, 6, 13}, {7, 12, 15}, {9, 14}, {11}}",False,,,,False,FlipSYTNotFound
106029,"{{1, 2, 4, 12, 13}, {3, 6, 8, 15}, {5, 7, 9}, {10, 14}, {11}}","{{1, 2, 5, 9, 11}, {3, 4, 6, 13}, {7, 10, 15}, {8, 14}, {12}}",False,,,,False,FlipSYTNotFound
106094,"{{1, 3, 8, 12, 14}, {2, 5, 11, 15}, {4, 6, 13}, {7, 10}, {9}}","{{1, 3, 5, 6, 7}, {2, 4, 9, 12}, {8, 10, 14}, {11, 15}, {13}}",False,,,,False,FlipSYTNotFound
106156,"{{1, 5, 8, 11, 13}, {2, 6, 10, 15}, {3, 9, 12}, {4, 14}, {7}}","{{1, 2, 6, 7, 9}, {3, 4, 10, 12}, {5, 11, 13}, {8, 14}, {15}}",False,,,,False,FlipSYTNotFound
106176,"{{1, 4, 6, 7, 14}, {2, 5, 12, 13}, {3, 9, 15}, {8, 10}, {11}}","{{1, 3, 4, 5, 8}, {2, 6, 11, 13}, {7, 10, 14}, {9, 15}, {12}}",False,,,,False,FlipSYTNotFound
106203,"{{1, 3, 7, 8, 14}, {2, 5, 12, 13}, {4, 6, 15}, {9, 10}, {11}}","{{1, 3, 4, 5, 7}, {2, 6, 10, 12}, {8, 9, 14}, {11, 15}, {13}}",False,,,,False,FlipSYTNotFound
106207,"{{1, 3, 6, 8, 14}, {2, 5, 12, 13}, {4, 7, 15}, {9, 10}, {11}}","{{1, 3, 4, 5, 7}, {2, 6, 11, 12}, {8, 9, 14}, {10, 15}, {13}}",False,,,,False,FlipSYTNotFound
106238,"{{1, 3, 7, 12, 14}, {2, 5, 11, 15}, {4, 6, 13}, {8, 10}, {9}}","{{1, 3, 5, 6, 7}, {2, 4, 8, 12}, {9, 10, 14}, {11, 15}, {13}}",False,,,,False,FlipSYTNotFound
106244,"{{1, 4, 6, 7, 14}, {2, 5, 12, 13}, {3, 8, 15}, {9, 10}, {11}}","{{1, 3, 4, 5, 7}, {2, 6, 11, 13}, {8, 10, 14}, {9, 15}, {12}}",False,,,,False,FlipSYTNotFound
106256,"{{1, 3, 6, 12, 14}, {2, 5, 11, 15}, {4, 7, 13}, {8, 10}, {9}}","{{1, 3, 5, 6, 7}, {2, 4, 8, 12}, {9, 11, 14}, {10, 15}, {13}}",False,,,,False,FlipSYTNotFound
106273,"{{1, 4, 6, 12, 14}, {2, 5, 11, 15}, {3, 7, 13}, {8, 10}, {9}}","{{1, 3, 5, 6, 7}, {2, 4, 8, 13}, {9, 11, 14}, {10, 15}, {12}}",False,,,,False,FlipSYTNotFound
106328,"{{1, 3, 9, 12, 14}, {2, 5, 11, 15}, {4, 6, 13}, {7, 8}, {10}}","{{1, 3, 5, 6, 9}, {2, 4, 8, 12}, {7, 10, 14}, {11, 15}, {13}}",False,,,,False,FlipSYTNotFound
106335,"{{1, 3, 9, 12, 14}, {2, 5, 11, 15}, {4, 7, 13}, {6, 8}, {10}}","{{1, 3, 5, 6, 10}, {2, 4, 8, 12}, {7, 9, 14}, {11, 15}, {13}}",False,,,,False,FlipSYTNotFound
106360,"{{1, 3, 8, 12, 14}, {2, 5, 11, 15}, {4, 6, 13}, {7, 9}, {10}}","{{1, 3, 5, 6, 9}, {2, 4, 7, 12}, {8, 10, 14}, {11, 15}, {13}}",False,,,,False,FlipSYTNotFound
106401,"{{1, 3, 8, 12, 14}, {2, 5, 11, 15}, {4, 7, 13}, {6, 9}, {10}}","{{1, 3, 5, 6, 10}, {2, 4, 7, 12}, {8, 9, 14}, {11, 15}, {13}}",False,,,,False,FlipSYTNotFound
106403,"{{1, 3, 7, 12, 14}, {2, 6, 11, 15}, {4, 8, 13}, {5, 9}, {10}}","{{1, 3, 5, 6, 11}, {2, 4, 7, 12}, {8, 10, 14}, {9, 15}, {13}}",False,,,,False,FlipSYTNotFound
106412,"{{1, 3, 7, 12, 14}, {2, 5, 11, 15}, {4, 8, 13}, {6, 9}, {10}}","{{1, 3, 5, 6, 10}, {2, 4, 7, 12}, {8, 11, 14}, {9, 15}, {13}}",False,,,,False,FlipSYTNotFound
106457,"{{1, 3, 4, 12, 14}, {2, 7, 11, 15}, {5, 8, 13}, {6, 9}, {10}}","{{1, 3, 5, 6, 10}, {2, 4, 7, 11}, {8, 13, 14}, {9, 15}, {12}}",False,,,,False,FlipSYTNotFound
106461,"{{1, 6, 9, 11, 14}, {2, 7, 10, 13}, {3, 8, 15}, {4, 12}, {5}}","{{1, 3, 4, 8, 11}, {2, 6, 9, 12}, {5, 7, 13}, {10, 14}, {15}}",False,,,,False,FlipSYTNotFound
106502,"{{1, 3, 6, 12, 14}, {2, 5, 11, 15}, {4, 8, 13}, {7, 9}, {10}}","{{1, 3, 5, 6, 9}, {2, 4, 7, 12}, {8, 11, 14}, {10, 15}, {13}}",False,,,,False,FlipSYTNotFound
106557,"{{1, 3, 7, 12, 14}, {2, 5, 11, 15}, {4, 6, 13}, {8, 9}, {10}}","{{1, 3, 5, 6, 8}, {2, 4, 7, 12}, {9, 10, 14}, {11, 15}, {13}}",False,,,,False,FlipSYTNotFound
106573,"{{1, 4, 6, 12, 14}, {2, 5, 11, 15}, {3, 7, 13}, {8, 9}, {10}}","{{1, 3, 5, 6, 8}, {2, 4, 7, 13}, {9, 11, 14}, {10, 15}, {12}}",False,,,,False,FlipSYTNotFound
106588,"{{1, 3, 6, 12, 14}, {2, 5, 11, 15}, {4, 7, 13}, {8, 9}, {10}}","{{1, 3, 5, 6, 8}, {2, 4, 7, 12}, {9, 11, 14}, {10, 15}, {13}}",False,,,,False,FlipSYTNotFound
106589,"{{1, 2, 5, 12, 14}, {3, 6, 11, 15}, {4, 7, 13}, {8, 9}, {10}}","{{1, 3, 5, 6, 8}, {2, 4, 7, 12}, {9, 13, 15}, {10, 14}, {11}}",False,,,,False,FlipSYTNotFound
106604,"{{1, 4, 9, 12, 14}, {2, 5, 10, 15}, {3, 8, 13}, {6, 11}, {7}}","{{1, 3, 5, 8, 9}, {2, 4, 6, 10}, {7, 11, 13}, {12, 14}, {15}}",False,,,,False,FlipSYTNotFound
106649,"{{1, 6, 9, 12, 14}, {2, 7, 10, 15}, {3, 8, 13}, {4, 11}, {5}}","{{1, 3, 5, 8, 11}, {2, 4, 6, 12}, {7, 9, 13}, {10, 14}, {15}}",False,,,,False,FlipSYTNotFound
106718,"{{1, 4, 8, 11, 13}, {2, 6, 9, 15}, {3, 10, 12}, {5, 14}, {7}}","{{1, 2, 6, 9, 11}, {3, 4, 7, 10}, {5, 12, 13}, {8, 14}, {15}}",False,,,,False,FlipSYTNotFound
106731,"{{1, 2, 4, 11, 13}, {3, 5, 10, 15}, {6, 7, 12}, {8, 14}, {9}}","{{1, 2, 6, 7, 10}, {3, 4, 8, 13}, {5, 9, 15}, {11, 14}, {12}}",False,,,,False,FlipSYTNotFound
106756,"{{1, 3, 6, 11, 14}, {2, 5, 10, 13}, {4, 9, 15}, {7, 12}, {8}}","{{1, 3, 4, 7, 8}, {2, 6, 9, 12}, {5, 10, 11}, {13, 14}, {15}}",False,,,,False,FlipSYTNotFound
106822,"{{1, 4, 8, 11, 14}, {2, 5, 10, 13}, {3, 7, 15}, {6, 12}, {9}}","{{1, 3, 4, 7, 10}, {2, 6, 9, 13}, {5, 8, 11}, {12, 14}, {15}}",False,,,,False,FlipSYTNotFound
106968,"{{1, 5, 8, 12, 14}, {2, 6, 10, 15}, {3, 7, 13}, {4, 11}, {9}}","{{1, 3, 5, 7, 12}, {2, 4, 6, 9}, {8, 10, 13}, {11, 14}, {15}}",False,,,,False,FlipSYTNotFound
107214,"{{1, 4, 8, 12, 14}, {2, 6, 9, 15}, {3, 10, 13}, {5, 11}, {7}}","{{1, 3, 5, 9, 11}, {2, 4, 6, 10}, {7, 12, 13}, {8, 14}, {15}}",False,,,,False,FlipSYTNotFound
107439,"{{1, 2, 4, 11, 13}, {3, 5, 9, 15}, {6, 7, 12}, {8, 14}, {10}}","{{1, 2, 6, 8, 10}, {3, 4, 7, 13}, {5, 9, 15}, {11, 14}, {12}}",False,,,,False,FlipSYTNotFound
107591,"{{1, 5, 8, 12, 14}, {2, 6, 9, 15}, {3, 7, 13}, {4, 11}, {10}}","{{1, 3, 5, 6, 12}, {2, 4, 7, 9}, {8, 10, 13}, {11, 14}, {15}}",False,,,,False,FlipSYTNotFound
107598,"{{1, 4, 8, 12, 14}, {2, 5, 9, 15}, {3, 7, 13}, {6, 11}, {10}}","{{1, 3, 5, 6, 10}, {2, 4, 7, 9}, {8, 11, 13}, {12, 14}, {15}}",False,,,,False,FlipSYTNotFound
107866,"{{1, 4, 7, 12, 14}, {2, 6, 8, 15}, {3, 9, 13}, {5, 11}, {10}}","{{1, 3, 5, 6, 11}, {2, 4, 7, 10}, {8, 12, 13}, {9, 14}, {15}}",False,,,,False,FlipSYTNotFound
107976,"{{1, 4, 7, 10, 13}, {2, 6, 11, 15}, {3, 9, 12}, {5, 14}, {8}}","{{1, 2, 7, 8, 11}, {3, 4, 9, 10}, {5, 12, 13}, {6, 14}, {15}}",False,,,,False,FlipSYTNotFound
108018,"{{1, 3, 6, 10, 13}, {2, 8, 11, 15}, {4, 9, 12}, {5, 14}, {7}}","{{1, 2, 7, 9, 14}, {3, 4, 8, 11}, {5, 10, 12}, {6, 13}, {15}}",False,,,,False,FlipSYTNotFound
108099,"{{1, 4, 5, 11, 14}, {2, 6, 8, 13}, {3, 7, 15}, {9, 12}, {10}}","{{1, 3, 4, 6, 13}, {2, 7, 9, 14}, {5, 8, 12}, {10, 15}, {11}}",False,,,,False,FlipSYTNotFound
108156,"{{1, 4, 5, 11, 14}, {2, 6, 7, 13}, {3, 8, 15}, {9, 12}, {10}}","{{1, 3, 4, 6, 13}, {2, 7, 10, 14}, {5, 8, 12}, {9, 15}, {11}}",False,,,,False,FlipSYTNotFound
108161,"{{1, 6, 9, 10, 14}, {2, 7, 11, 13}, {3, 8, 15}, {4, 12}, {5}}","{{1, 3, 4, 8, 11}, {2, 5, 9, 12}, {6, 7, 13}, {10, 14}, {15}}",False,,,,False,FlipSYTNotFound
108244,"{{1, 3, 9, 12, 14}, {2, 5, 10, 15}, {4, 7, 13}, {6, 8}, {11}}","{{1, 3, 5, 8, 10}, {2, 4, 6, 12}, {7, 9, 14}, {11, 15}, {13}}",False,,,,False,FlipSYTNotFound
108249,"{{1, 3, 9, 12, 14}, {2, 5, 10, 15}, {4, 6, 13}, {7, 8}, {11}}","{{1, 3, 5, 8, 9}, {2, 4, 6, 12}, {7, 10, 14}, {11, 15}, {13}}",False,,,,False,FlipSYTNotFound
108281,"{{1, 6, 8, 10, 14}, {2, 7, 11, 13}, {3, 9, 15}, {4, 12}, {5}}","{{1, 3, 4, 7, 11}, {2, 5, 9, 12}, {6, 8, 13}, {10, 14}, {15}}",False,,,,False,FlipSYTNotFound
108287,"{{1, 3, 6, 10, 15}, {2, 5, 9, 13}, {4, 8, 14}, {7, 12}, {11}}","{{1, 2, 4, 5, 9}, {3, 7, 8, 12}, {6, 10, 11}, {13, 14}, {15}}",False,,,,False,FlipSYTNotFound
108307,"{{1, 3, 8, 12, 14}, {2, 5, 10, 15}, {4, 6, 13}, {7, 9}, {11}}","{{1, 3, 5, 7, 9}, {2, 4, 6, 12}, {8, 10, 14}, {11, 15}, {13}}",False,,,,False,FlipSYTNotFound
108314,"{{1, 3, 8, 12, 14}, {2, 5, 10, 15}, {4, 7, 13}, {6, 9}, {11}}","{{1, 3, 5, 7, 10}, {2, 4, 6, 12}, {8, 9, 14}, {11, 15}, {13}}",False,,,,False,FlipSYTNotFound
108332,"{{1, 3, 7, 12, 14}, {2, 5, 10, 15}, {4, 8, 13}, {6, 9}, {11}}","{{1, 3, 5, 7, 10}, {2, 4, 6, 12}, {8, 11, 14}, {9, 15}, {13}}",False,,,,False,FlipSYTNotFound
108334,"{{1, 3, 7, 12, 14}, {2, 6, 10, 15}, {4, 8, 13}, {5, 9}, {11}}","{{1, 3, 5, 7, 11}, {2, 4, 6, 12}, {8, 10, 14}, {9, 15}, {13}}",False,,,,False,FlipSYTNotFound
108396,"{{1, 3, 5, 12, 14}, {2, 6, 10, 15}, {4, 8, 13}, {7, 9}, {11}}","{{1, 3, 5, 7, 9}, {2, 4, 6, 12}, {8, 13, 14}, {10, 15}, {11}}",False,,,,False,FlipSYTNotFound
108412,"{{1, 3, 6, 12, 14}, {2, 5, 10, 15}, {4, 8, 13}, {7, 9}, {11}}","{{1, 3, 5, 7, 9}, {2, 4, 6, 12}, {8, 11, 14}, {10, 15}, {13}}",False,,,,False,FlipSYTNotFound
108433,"{{1, 3, 6, 12, 14}, {2, 5, 10, 15}, {4, 7, 13}, {8, 9}, {11}}","{{1, 3, 5, 7, 8}, {2, 4, 6, 12}, {9, 11, 14}, {10, 15}, {13}}",False,,,,False,FlipSYTNotFound
108435,"{{1, 4, 6, 12, 14}, {2, 5, 10, 15}, {3, 7, 13}, {8, 9}, {11}}","{{1, 3, 5, 7, 8}, {2, 4, 6, 13}, {9, 11, 14}, {10, 15}, {12}}",False,,,,False,FlipSYTNotFound
108440,"{{1, 3, 7, 12, 14}, {2, 5, 10, 15}, {4, 6, 13}, {8, 9}, {11}}","{{1, 3, 5, 7, 8}, {2, 4, 6, 12}, {9, 10, 14}, {11, 15}, {13}}",False,,,,False,FlipSYTNotFound
108455,"{{1, 2, 5, 12, 14}, {3, 6, 10, 15}, {4, 7, 13}, {8, 9}, {11}}","{{1, 3, 5, 7, 8}, {2, 4, 6, 12}, {9, 13, 15}, {10, 14}, {11}}",False,,,,False,FlipSYTNotFound
108511,"{{1, 3, 8, 12, 14}, {2, 5, 9, 15}, {4, 7, 13}, {6, 10}, {11}}","{{1, 3, 5, 9, 10}, {2, 4, 6, 12}, {7, 11, 14}, {8, 15}, {13}}",False,,,,False,FlipSYTNotFound
108556,"{{1, 4, 8, 10, 14}, {2, 5, 11, 13}, {3, 7, 15}, {6, 12}, {9}}","{{1, 3, 4, 7, 10}, {2, 5, 9, 13}, {6, 8, 11}, {12, 14}, {15}}",False,,,,False,FlipSYTNotFound
108559,"{{1, 3, 7, 12, 14}, {2, 5, 9, 15}, {4, 8, 13}, {6, 10}, {11}}","{{1, 3, 5, 8, 10}, {2, 4, 6, 12}, {7, 11, 14}, {9, 15}, {13}}",False,,,,False,FlipSYTNotFound
108604,"{{1, 3, 8, 12, 14}, {2, 4, 9, 15}, {5, 6, 13}, {7, 10}, {11}}","{{1, 3, 5, 9, 11}, {2, 4, 6, 10}, {7, 12, 14}, {8, 15}, {13}}",False,,,,False,FlipSYTNotFound
108690,"{{1, 3, 5, 12, 14}, {2, 6, 9, 15}, {4, 8, 13}, {7, 10}, {11}}","{{1, 3, 5, 8, 9}, {2, 4, 6, 12}, {7, 13, 14}, {10, 15}, {11}}",False,,,,False,FlipSYTNotFound
108701,"{{1, 3, 6, 12, 14}, {2, 5, 9, 15}, {4, 8, 13}, {7, 10}, {11}}","{{1, 3, 5, 8, 9}, {2, 4, 6, 12}, {7, 11, 14}, {10, 15}, {13}}",False,,,,False,FlipSYTNotFound
108739,"{{1, 5, 6, 8, 13}, {2, 9, 11, 15}, {3, 10, 12}, {4, 14}, {7}}","{{1, 2, 6, 9, 12}, {3, 4, 7, 11}, {5, 10, 13}, {8, 14}, {15}}",False,,,,False,FlipSYTNotFound
108806,"{{1, 4, 5, 10, 15}, {2, 6, 8, 13}, {3, 7, 14}, {9, 12}, {11}}","{{1, 2, 4, 5, 13}, {3, 7, 9, 14}, {6, 8, 12}, {10, 15}, {11}}",False,,,,False,FlipSYTNotFound
108812,"{{1, 3, 6, 12, 14}, {2, 5, 8, 15}, {4, 9, 13}, {7, 10}, {11}}","{{1, 3, 5, 9, 12}, {2, 4, 6, 11}, {7, 13, 14}, {8, 15}, {10}}",False,,,,False,FlipSYTNotFound
108842,"{{1, 6, 8, 9, 14}, {2, 7, 11, 13}, {3, 10, 15}, {4, 12}, {5}}","{{1, 3, 4, 6, 11}, {2, 5, 9, 12}, {7, 8, 13}, {10, 14}, {15}}",False,,,,False,FlipSYTNotFound
108892,"{{1, 5, 6, 8, 13}, {2, 7, 11, 15}, {3, 10, 12}, {4, 14}, {9}}","{{1, 2, 6, 7, 12}, {3, 4, 9, 11}, {5, 10, 13}, {8, 14}, {15}}",False,,,,False,FlipSYTNotFound
108915,"{{1, 4, 5, 10, 15}, {2, 6, 7, 13}, {3, 8, 14}, {9, 12}, {11}}","{{1, 2, 4, 5, 13}, {3, 7, 10, 14}, {6, 8, 12}, {9, 15}, {11}}",False,,,,False,FlipSYTNotFound
108928,"{{1, 2, 6, 12, 14}, {3, 5, 7, 15}, {4, 9, 13}, {8, 10}, {11}}","{{1, 3, 5, 8, 12}, {2, 4, 6, 11}, {7, 13, 15}, {9, 14}, {10}}",False,,,,False,FlipSYTNotFound
109083,"{{1, 3, 6, 9, 15}, {2, 5, 10, 13}, {4, 8, 14}, {7, 12}, {11}}","{{1, 2, 4, 5, 9}, {3, 6, 8, 12}, {7, 10, 11}, {13, 14}, {15}}",False,,,,False,FlipSYTNotFound
109113,"{{1, 4, 10, 11, 14}, {2, 5, 12, 15}, {3, 8, 13}, {6, 9}, {7}}","{{1, 3, 6, 7, 9}, {2, 4, 8, 10}, {5, 11, 13}, {12, 14}, {15}}",False,,,,False,FlipSYTNotFound
109117,"{{1, 6, 10, 11, 14}, {2, 7, 12, 15}, {3, 8, 13}, {4, 9}, {5}}","{{1, 3, 6, 7, 11}, {2, 4, 8, 12}, {5, 9, 13}, {10, 14}, {15}}",False,,,,False,FlipSYTNotFound
109120,"{{1, 4, 6, 7, 13}, {2, 5, 11, 15}, {3, 10, 12}, {8, 14}, {9}}","{{1, 2, 6, 7, 13}, {3, 4, 8, 11}, {5, 10, 14}, {9, 12}, {15}}",False,,,,False,FlipSYTNotFound
109128,"{{1, 4, 10, 11, 14}, {2, 6, 12, 15}, {3, 7, 13}, {5, 9}, {8}}","{{1, 3, 6, 7, 8}, {2, 4, 9, 11}, {5, 10, 13}, {12, 14}, {15}}",False,,,,False,FlipSYTNotFound
109188,"{{1, 3, 10, 11, 14}, {2, 5, 12, 15}, {4, 6, 13}, {7, 9}, {8}}","{{1, 3, 6, 7, 8}, {2, 4, 9, 12}, {5, 10, 14}, {11, 15}, {13}}",False,,,,False,FlipSYTNotFound
109268,"{{1, 3, 10, 11, 14}, {2, 5, 12, 15}, {4, 7, 13}, {6, 8}, {9}}","{{1, 3, 6, 7, 10}, {2, 4, 8, 12}, {5, 9, 14}, {11, 15}, {13}}",False,,,,False,FlipSYTNotFound
109303,"{{1, 3, 10, 11, 14}, {2, 5, 12, 15}, {4, 6, 13}, {7, 8}, {9}}","{{1, 3, 6, 7, 9}, {2, 4, 8, 12}, {5, 10, 14}, {11, 15}, {13}}",False,,,,False,FlipSYTNotFound
109313,"{{1, 6, 9, 11, 14}, {2, 7, 12, 15}, {3, 8, 13}, {4, 10}, {5}}","{{1, 3, 6, 8, 11}, {2, 4, 7, 12}, {5, 9, 13}, {10, 14}, {15}}",False,,,,False,FlipSYTNotFound
109457,"{{1, 3, 4, 7, 15}, {2, 8, 10, 13}, {5, 9, 14}, {6, 12}, {11}}","{{1, 2, 4, 5, 10}, {3, 6, 7, 14}, {8, 11, 13}, {9, 12}, {15}}",False,,,,False,FlipSYTNotFound
109594,"{{1, 3, 5, 11, 14}, {2, 6, 12, 15}, {4, 9, 13}, {7, 10}, {8}}","{{1, 3, 6, 8, 14}, {2, 4, 7, 9}, {5, 10, 12}, {11, 13}, {15}}",False,,,,False,FlipSYTNotFound
109663,"{{1, 3, 6, 9, 14}, {2, 5, 11, 13}, {4, 8, 15}, {7, 12}, {10}}","{{1, 3, 4, 6, 9}, {2, 5, 8, 12}, {7, 10, 11}, {13, 14}, {15}}",False,,,,False,FlipSYTNotFound
109705,"{{1, 4, 7, 11, 14}, {2, 6, 12, 15}, {3, 8, 13}, {5, 10}, {9}}","{{1, 3, 6, 7, 11}, {2, 4, 8, 10}, {5, 9, 13}, {12, 14}, {15}}",False,,,,False,FlipSYTNotFound
109748,"{{1, 3, 5, 11, 14}, {2, 7, 12, 15}, {4, 8, 13}, {6, 10}, {9}}","{{1, 3, 6, 7, 14}, {2, 4, 8, 10}, {5, 9, 12}, {11, 13}, {15}}",False,,,,False,FlipSYTNotFound
109794,"{{1, 4, 5, 7, 15}, {2, 6, 10, 13}, {3, 8, 14}, {9, 12}, {11}}","{{1, 2, 4, 5, 13}, {3, 6, 7, 14}, {8, 10, 12}, {9, 15}, {11}}",False,,,,False,FlipSYTNotFound
109846,"{{1, 3, 5, 11, 14}, {2, 6, 12, 15}, {4, 8, 13}, {7, 10}, {9}}","{{1, 3, 6, 7, 14}, {2, 4, 8, 9}, {5, 10, 12}, {11, 13}, {15}}",False,,,,False,FlipSYTNotFound
109896,"{{1, 3, 9, 11, 14}, {2, 5, 12, 15}, {4, 7, 13}, {6, 8}, {10}}","{{1, 3, 6, 8, 10}, {2, 4, 7, 12}, {5, 9, 14}, {11, 15}, {13}}",False,,,,False,FlipSYTNotFound
109903,"{{1, 3, 9, 11, 14}, {2, 5, 12, 15}, {4, 6, 13}, {7, 8}, {10}}","{{1, 3, 6, 8, 9}, {2, 4, 7, 12}, {5, 10, 14}, {11, 15}, {13}}",False,,,,False,FlipSYTNotFound
109907,"{{1, 3, 5, 11, 14}, {2, 4, 12, 15}, {6, 7, 13}, {8, 10}, {9}}","{{1, 3, 6, 7, 14}, {2, 4, 8, 10}, {5, 9, 12}, {11, 15}, {13}}",False,,,,False,FlipSYTNotFound
109958,"{{1, 3, 8, 11, 14}, {2, 5, 12, 15}, {4, 7, 13}, {6, 9}, {10}}","{{1, 3, 6, 9, 10}, {2, 4, 7, 12}, {5, 8, 14}, {11, 15}, {13}}",False,,,,False,FlipSYTNotFound
109990,"{{1, 4, 8, 11, 14}, {2, 5, 12, 15}, {3, 7, 13}, {6, 9}, {10}}","{{1, 3, 6, 9, 10}, {2, 4, 7, 13}, {5, 8, 14}, {11, 15}, {12}}",False,,,,False,FlipSYTNotFound
110069,"{{1, 2, 6, 11, 14}, {3, 7, 12, 15}, {4, 8, 13}, {5, 9}, {10}}","{{1, 3, 6, 11, 15}, {2, 4, 7, 12}, {5, 8, 13}, {9, 14}, {10}}",True,20,20,5.23980868283645960859E-1,False,DistanceAboveTolerance
110107,"{{1, 3, 4, 11, 14}, {2, 7, 12, 15}, {5, 8, 13}, {6, 9}, {10}}","{{1, 3, 6, 10, 14}, {2, 4, 7, 11}, {5, 8, 13}, {9, 15}, {12}}",False,,,,False,FlipSYTNotFound
110176,"{{1, 4, 5, 7, 14}, {2, 6, 11, 13}, {3, 8, 15}, {9, 12}, {10}}","{{1, 3, 4, 6, 13}, {2, 5, 7, 14}, {8, 10, 12}, {9, 15}, {11}}",False,,,,False,FlipSYTNotFound
110241,"{{1, 3, 5, 6, 14}, {2, 4, 11, 13}, {7, 8, 15}, {9, 12}, {10}}","{{1, 3, 4, 6, 9}, {2, 5, 7, 14}, {8, 11, 12}, {10, 15}, {13}}",False,,,,False,FlipSYTNotFound
110254,"{{1, 3, 7, 11, 14}, {2, 5, 12, 15}, {4, 6, 13}, {8, 9}, {10}}","{{1, 3, 6, 8, 12}, {2, 4, 7, 10}, {5, 9, 14}, {11, 15}, {13}}",False,,,,False,FlipSYTNotFound
110255,"{{1, 5, 9, 10, 14}, {2, 6, 12, 15}, {3, 7, 13}, {4, 11}, {8}}","{{1, 3, 5, 8, 12}, {2, 4, 7, 9}, {6, 10, 13}, {11, 14}, {15}}",False,,,,False,FlipSYTNotFound
110275,"{{1, 6, 9, 10, 14}, {2, 7, 12, 15}, {3, 8, 13}, {4, 11}, {5}}","{{1, 3, 5, 8, 11}, {2, 4, 7, 12}, {6, 9, 13}, {10, 14}, {15}}",False,,,,False,FlipSYTNotFound
110568,"{{1, 3, 6, 9, 13}, {2, 8, 10, 15}, {4, 11, 12}, {5, 14}, {7}}","{{1, 2, 5, 9, 14}, {3, 4, 8, 11}, {6, 10, 12}, {7, 13}, {15}}",False,,,,False,FlipSYTNotFound
110615,"{{1, 5, 8, 10, 14}, {2, 6, 12, 15}, {3, 7, 13}, {4, 11}, {9}}","{{1, 3, 5, 7, 12}, {2, 4, 8, 9}, {6, 10, 13}, {11, 14}, {15}}",False,,,,False,FlipSYTNotFound
110645,"{{1, 3, 5, 10, 14}, {2, 4, 12, 15}, {6, 9, 13}, {7, 11}, {8}}","{{1, 3, 5, 8, 14}, {2, 4, 7, 9}, {6, 10, 12}, {11, 15}, {13}}",False,,,,False,FlipSYTNotFound
110719,"{{1, 3, 5, 10, 14}, {2, 6, 12, 15}, {4, 8, 13}, {7, 11}, {9}}","{{1, 3, 5, 7, 14}, {2, 4, 8, 9}, {6, 10, 12}, {11, 13}, {15}}",False,,,,False,FlipSYTNotFound
110740,"{{1, 5, 6, 8, 13}, {2, 9, 10, 15}, {3, 11, 12}, {4, 14}, {7}}","{{1, 2, 5, 9, 12}, {3, 4, 7, 11}, {6, 10, 13}, {8, 14}, {15}}",False,,,,False,FlipSYTNotFound
110766,"{{1, 3, 6, 8, 13}, {2, 9, 10, 15}, {4, 11, 12}, {5, 14}, {7}}","{{1, 2, 5, 9, 14}, {3, 4, 7, 11}, {6, 10, 12}, {8, 13}, {15}}",False,,,,False,FlipSYTNotFound
110921,"{{1, 5, 6, 8, 13}, {2, 7, 10, 15}, {3, 11, 12}, {4, 14}, {9}}","{{1, 2, 5, 7, 12}, {3, 4, 9, 11}, {6, 10, 13}, {8, 14}, {15}}",False,,,,False,FlipSYTNotFound
110963,"{{1, 4, 5, 9, 15}, {2, 6, 8, 13}, {3, 7, 14}, {10, 12}, {11}}","{{1, 2, 4, 5, 13}, {3, 6, 9, 14}, {7, 8, 12}, {10, 15}, {11}}",False,,,,False,FlipSYTNotFound
110984,"{{1, 3, 6, 8, 13}, {2, 5, 10, 15}, {4, 11, 12}, {7, 14}, {9}}","{{1, 2, 5, 7, 12}, {3, 4, 9, 11}, {6, 10, 14}, {8, 13}, {15}}",False,,,,False,FlipSYTNotFound
111057,"{{1, 4, 5, 9, 15}, {2, 6, 7, 13}, {3, 8, 14}, {10, 12}, {11}}","{{1, 2, 4, 5, 13}, {3, 6, 10, 14}, {7, 8, 12}, {9, 15}, {11}}",False,,,,False,FlipSYTNotFound
111078,"{{1, 3, 6, 7, 13}, {2, 8, 10, 15}, {4, 11, 12}, {5, 14}, {9}}","{{1, 2, 5, 7, 14}, {3, 4, 8, 11}, {6, 10, 12}, {9, 13}, {15}}",False,,,,False,FlipSYTNotFound
111106,"{{1, 2, 5, 7, 14}, {3, 9, 10, 13}, {4, 11, 15}, {6, 12}, {8}}","{{1, 3, 4, 7, 8}, {2, 5, 10, 15}, {6, 11, 12}, {9, 13}, {14}}",False,,,,False,FlipSYTNotFound
111115,"{{1, 4, 5, 8, 15}, {2, 6, 9, 13}, {3, 7, 14}, {10, 12}, {11}}","{{1, 2, 4, 5, 13}, {3, 6, 9, 14}, {7, 10, 12}, {8, 15}, {11}}",False,,,,False,FlipSYTNotFound
111119,"{{1, 5, 6, 8, 14}, {2, 9, 12, 15}, {3, 10, 13}, {4, 11}, {7}}","{{1, 3, 5, 9, 12}, {2, 4, 6, 11}, {7, 10, 13}, {8, 14}, {15}}",False,,,,False,FlipSYTNotFound
111198,"{{1, 3, 4, 6, 13}, {2, 5, 10, 15}, {7, 11, 12}, {8, 14}, {9}}","{{1, 2, 5, 7, 14}, {3, 4, 8, 13}, {6, 9, 15}, {10, 11}, {12}}",False,,,,False,FlipSYTNotFound
111200,"{{1, 4, 5, 7, 15}, {2, 6, 9, 13}, {3, 8, 14}, {10, 12}, {11}}","{{1, 2, 4, 5, 13}, {3, 6, 8, 14}, {7, 10, 12}, {9, 15}, {11}}",False,,,,False,FlipSYTNotFound
111272,"{{1, 4, 7, 8, 14}, {2, 6, 12, 15}, {3, 10, 13}, {5, 11}, {9}}","{{1, 3, 5, 7, 11}, {2, 4, 6, 10}, {8, 9, 13}, {12, 14}, {15}}",False,,,,False,FlipSYTNotFound
111307,"{{1, 3, 5, 8, 14}, {2, 7, 12, 15}, {4, 10, 13}, {6, 11}, {9}}","{{1, 3, 5, 7, 14}, {2, 4, 6, 10}, {8, 9, 12}, {11, 13}, {15}}",False,,,,False,FlipSYTNotFound
111412,"{{1, 3, 4, 9, 13}, {2, 5, 8, 15}, {6, 11, 12}, {7, 14}, {10}}","{{1, 2, 5, 6, 14}, {3, 4, 8, 9}, {7, 10, 15}, {11, 13}, {12}}",False,,,,False,FlipSYTNotFound
111430,"{{1, 4, 5, 8, 15}, {2, 6, 7, 13}, {3, 9, 14}, {10, 12}, {11}}","{{1, 2, 4, 5, 13}, {3, 6, 10, 14}, {7, 9, 12}, {8, 15}, {11}}",False,,,,False,FlipSYTNotFound
111644,"{{1, 5, 8, 9, 14}, {2, 6, 12, 15}, {3, 7, 13}, {4, 11}, {10}}","{{1, 3, 5, 6, 12}, {2, 4, 8, 9}, {7, 10, 13}, {11, 14}, {15}}",False,,,,False,FlipSYTNotFound
111686,"{{1, 3, 9, 11, 15}, {2, 5, 10, 13}, {4, 7, 14}, {6, 8}, {12}}","{{1, 2, 4, 8, 10}, {3, 6, 9, 12}, {5, 7, 14}, {11, 15}, {13}}",False,,,,False,FlipSYTNotFound
111714,"{{1, 3, 9, 11, 15}, {2, 5, 10, 13}, {4, 6, 14}, {7, 8}, {12}}","{{1, 2, 4, 8, 9}, {3, 6, 10, 12}, {5, 7, 14}, {11, 15}, {13}}",False,,,,False,FlipSYTNotFound
111754,"{{1, 3, 8, 11, 15}, {2, 5, 10, 13}, {4, 7, 14}, {6, 9}, {12}}","{{1, 2, 4, 7, 10}, {3, 6, 9, 12}, {5, 8, 14}, {11, 15}, {13}}",False,,,,False,FlipSYTNotFound
111757,"{{1, 4, 8, 11, 15}, {2, 5, 10, 13}, {3, 7, 14}, {6, 9}, {12}}","{{1, 2, 4, 7, 10}, {3, 6, 9, 13}, {5, 8, 14}, {11, 15}, {12}}",False,,,,False,FlipSYTNotFound
111808,"{{1, 3, 8, 11, 15}, {2, 5, 10, 13}, {4, 6, 14}, {7, 9}, {12}}","{{1, 2, 4, 7, 9}, {3, 6, 10, 12}, {5, 8, 14}, {11, 15}, {13}}",False,,,,False,FlipSYTNotFound
111811,"{{1, 3, 5, 9, 14}, {2, 6, 12, 15}, {4, 7, 13}, {8, 11}, {10}}","{{1, 3, 5, 6, 14}, {2, 4, 8, 12}, {7, 9, 13}, {10, 15}, {11}}",False,,,,False,FlipSYTNotFound
111850,"{{1, 5, 7, 8, 14}, {2, 6, 12, 15}, {3, 9, 13}, {4, 11}, {10}}","{{1, 3, 5, 6, 12}, {2, 4, 7, 10}, {8, 9, 13}, {11, 14}, {15}}",False,,,,False,FlipSYTNotFound
111913,"{{1, 3, 5, 8, 14}, {2, 6, 12, 15}, {4, 9, 13}, {7, 11}, {10}}","{{1, 3, 5, 6, 14}, {2, 4, 7, 9}, {8, 10, 12}, {11, 13}, {15}}",False,,,,False,FlipSYTNotFound
111954,"{{1, 4, 6, 11, 15}, {2, 5, 10, 13}, {3, 8, 14}, {7, 9}, {12}}","{{1, 2, 4, 7, 9}, {3, 6, 11, 13}, {5, 8, 14}, {10, 15}, {12}}",False,,,,False,FlipSYTNotFound
112002,"{{1, 4, 6, 11, 15}, {2, 5, 10, 13}, {3, 7, 14}, {8, 9}, {12}}","{{1, 2, 4, 7, 8}, {3, 6, 11, 13}, {5, 9, 14}, {10, 15}, {12}}",False,,,,False,FlipSYTNotFound
112004,"{{1, 3, 7, 11, 15}, {2, 5, 10, 13}, {4, 6, 14}, {8, 9}, {12}}","{{1, 2, 4, 7, 8}, {3, 6, 10, 12}, {5, 9, 14}, {11, 15}, {13}}",False,,,,False,FlipSYTNotFound
112087,"{{1, 2, 6, 7, 14}, {3, 4, 8, 13}, {5, 11, 15}, {9, 12}, {10}}","{{1, 3, 4, 6, 13}, {2, 5, 7, 15}, {8, 10, 11}, {9, 12}, {14}}",False,,,,False,FlipSYTNotFound
112366,"{{1, 4, 5, 11, 15}, {2, 6, 9, 13}, {3, 7, 14}, {8, 10}, {12}}","{{1, 2, 4, 8, 13}, {3, 6, 9, 14}, {5, 7, 12}, {10, 15}, {11}}",False,,,,False,FlipSYTNotFound
112377,"{{1, 2, 4, 10, 13}, {3, 5, 9, 15}, {6, 7, 12}, {8, 14}, {11}}","{{1, 2, 5, 8, 10}, {3, 4, 7, 13}, {6, 9, 15}, {11, 14}, {12}}",False,,,,False,FlipSYTNotFound
112416,"{{1, 3, 9, 10, 14}, {2, 5, 12, 15}, {4, 7, 13}, {6, 8}, {11}}","{{1, 3, 5, 8, 10}, {2, 4, 7, 12}, {6, 9, 14}, {11, 15}, {13}}",False,,,,False,FlipSYTNotFound
112421,"{{1, 3, 9, 10, 14}, {2, 5, 12, 15}, {4, 6, 13}, {7, 8}, {11}}","{{1, 3, 5, 8, 9}, {2, 4, 7, 12}, {6, 10, 14}, {11, 15}, {13}}",False,,,,False,FlipSYTNotFound
112440,"{{1, 3, 8, 10, 14}, {2, 5, 12, 15}, {4, 7, 13}, {6, 9}, {11}}","{{1, 3, 5, 9, 10}, {2, 4, 7, 12}, {6, 8, 14}, {11, 15}, {13}}",False,,,,False,FlipSYTNotFound
112492,"{{1, 4, 8, 10, 14}, {2, 5, 12, 15}, {3, 7, 13}, {6, 9}, {11}}","{{1, 3, 5, 9, 10}, {2, 4, 7, 13}, {6, 8, 14}, {11, 15}, {12}}",False,,,,False,FlipSYTNotFound
112545,"{{1, 3, 7, 10, 14}, {2, 4, 12, 15}, {5, 8, 13}, {6, 9}, {11}}","{{1, 3, 5, 10, 14}, {2, 4, 7, 11}, {6, 8, 12}, {9, 15}, {13}}",False,,,,False,FlipSYTNotFound
112585,"{{1, 3, 4, 10, 14}, {2, 7, 12, 15}, {5, 8, 13}, {6, 9}, {11}}","{{1, 3, 5, 10, 14}, {2, 4, 7, 11}, {6, 8, 13}, {9, 15}, {12}}",False,,,,False,FlipSYTNotFound
112598,"{{1, 4, 5, 11, 15}, {2, 6, 7, 13}, {3, 9, 14}, {8, 10}, {12}}","{{1, 2, 4, 8, 13}, {3, 6, 10, 14}, {5, 7, 12}, {9, 15}, {11}}",False,,,,False,FlipSYTNotFound
112697,"{{1, 4, 5, 11, 15}, {2, 6, 8, 13}, {3, 7, 14}, {9, 10}, {12}}","{{1, 2, 4, 7, 13}, {3, 6, 9, 14}, {5, 8, 12}, {10, 15}, {11}}",False,,,,False,FlipSYTNotFound
112724,"{{1, 3, 8, 9, 14}, {2, 5, 12, 15}, {4, 7, 13}, {6, 10}, {11}}","{{1, 3, 5, 9, 10}, {2, 4, 6, 12}, {7, 8, 14}, {11, 15}, {13}}",False,,,,False,FlipSYTNotFound
112766,"{{1, 4, 8, 9, 14}, {2, 5, 12, 15}, {3, 7, 13}, {6, 10}, {11}}","{{1, 3, 5, 9, 10}, {2, 4, 6, 13}, {7, 8, 14}, {11, 15}, {12}}",False,,,,False,FlipSYTNotFound
112782,"{{1, 4, 5, 11, 15}, {2, 6, 7, 13}, {3, 8, 14}, {9, 10}, {12}}","{{1, 2, 4, 7, 13}, {3, 6, 10, 14}, {5, 8, 12}, {9, 15}, {11}}",False,,,,False,FlipSYTNotFound
112809,"{{1, 4, 5, 10, 14}, {2, 6, 8, 13}, {3, 7, 15}, {9, 12}, {11}}","{{1, 3, 4, 5, 13}, {2, 7, 9, 14}, {6, 8, 12}, {10, 15}, {11}}",False,,,,False,FlipSYTNotFound
112817,"{{1, 3, 9, 10, 15}, {2, 5, 11, 13}, {4, 7, 14}, {6, 8}, {12}}","{{1, 2, 4, 8, 10}, {3, 5, 9, 12}, {6, 7, 14}, {11, 15}, {13}}",False,,,,False,FlipSYTNotFound
112842,"{{1, 3, 4, 9, 14}, {2, 7, 12, 15}, {5, 8, 13}, {6, 10}, {11}}","{{1, 3, 5, 10, 14}, {2, 4, 6, 11}, {7, 8, 13}, {9, 15}, {12}}",False,,,,False,FlipSYTNotFound
112847,"{{1, 3, 7, 9, 14}, {2, 4, 12, 15}, {5, 8, 13}, {6, 10}, {11}}","{{1, 3, 5, 10, 14}, {2, 4, 6, 11}, {7, 8, 12}, {9, 15}, {13}}",False,,,,False,FlipSYTNotFound
112853,"{{1, 4, 5, 10, 14}, {2, 6, 7, 13}, {3, 8, 15}, {9, 12}, {11}}","{{1, 3, 4, 5, 13}, {2, 7, 10, 14}, {6, 8, 12}, {9, 15}, {11}}",False,,,,False,FlipSYTNotFound
112868,"{{1, 3, 9, 10, 15}, {2, 5, 11, 13}, {4, 6, 14}, {7, 8}, {12}}","{{1, 2, 4, 8, 9}, {3, 5, 10, 12}, {6, 7, 14}, {11, 15}, {13}}",False,,,,False,FlipSYTNotFound
112889,"{{1, 4, 8, 10, 15}, {2, 5, 11, 13}, {3, 6, 14}, {7, 9}, {12}}","{{1, 2, 4, 7, 9}, {3, 5, 10, 13}, {6, 8, 14}, {11, 15}, {12}}",False,,,,False,FlipSYTNotFound
112891,"{{1, 3, 8, 10, 15}, {2, 5, 11, 13}, {4, 6, 14}, {7, 9}, {12}}","{{1, 2, 4, 7, 9}, {3, 5, 10, 12}, {6, 8, 14}, {11, 15}, {13}}",False,,,,False,FlipSYTNotFound
112892,"{{1, 3, 8, 10, 15}, {2, 5, 11, 13}, {4, 7, 14}, {6, 9}, {12}}","{{1, 2, 4, 7, 10}, {3, 5, 9, 12}, {6, 8, 14}, {11, 15}, {13}}",False,,,,False,FlipSYTNotFound
113019,"{{1, 4, 6, 10, 15}, {2, 5, 11, 13}, {3, 8, 14}, {7, 9}, {12}}","{{1, 2, 4, 7, 9}, {3, 5, 11, 13}, {6, 8, 14}, {10, 15}, {12}}",False,,,,False,FlipSYTNotFound
113031,"{{1, 3, 4, 8, 14}, {2, 7, 12, 15}, {5, 9, 13}, {6, 10}, {11}}","{{1, 3, 5, 10, 14}, {2, 4, 6, 11}, {7, 9, 13}, {8, 15}, {12}}",False,,,,False,FlipSYTNotFound
113059,"{{1, 3, 7, 10, 15}, {2, 5, 11, 13}, {4, 6, 14}, {8, 9}, {12}}","{{1, 2, 4, 7, 8}, {3, 5, 10, 12}, {6, 9, 14}, {11, 15}, {13}}",False,,,,False,FlipSYTNotFound
113159,"{{1, 3, 4, 6, 14}, {2, 8, 12, 15}, {5, 9, 13}, {7, 10}, {11}}","{{1, 3, 5, 9, 14}, {2, 4, 6, 11}, {7, 12, 13}, {8, 15}, {10}}",False,,,,False,FlipSYTNotFound
113243,"{{1, 3, 8, 9, 15}, {2, 5, 11, 13}, {4, 6, 14}, {7, 10}, {12}}","{{1, 2, 4, 6, 9}, {3, 5, 10, 12}, {7, 8, 14}, {11, 15}, {13}}",False,,,,False,FlipSYTNotFound
113254,"{{1, 3, 8, 9, 15}, {2, 5, 11, 13}, {4, 7, 14}, {6, 10}, {12}}","{{1, 2, 4, 6, 10}, {3, 5, 9, 12}, {7, 8, 14}, {11, 15}, {13}}",False,,,,False,FlipSYTNotFound
113359,"{{1, 4, 6, 9, 15}, {2, 5, 11, 13}, {3, 8, 14}, {7, 10}, {12}}","{{1, 2, 4, 6, 9}, {3, 5, 11, 13}, {7, 8, 14}, {10, 15}, {12}}",False,,,,False,FlipSYTNotFound
113405,"{{1, 3, 7, 9, 15}, {2, 5, 11, 13}, {4, 6, 14}, {8, 10}, {12}}","{{1, 2, 4, 6, 8}, {3, 5, 10, 12}, {7, 9, 14}, {11, 15}, {13}}",False,,,,False,FlipSYTNotFound
113430,"{{1, 2, 3, 8, 13}, {4, 6, 10, 15}, {5, 7, 12}, {9, 14}, {11}}","{{1, 2, 5, 11, 15}, {3, 4, 7, 12}, {6, 9, 14}, {8, 10}, {13}}",False,,,,False,FlipSYTNotFound
113561,"{{1, 4, 9, 11, 14}, {2, 5, 10, 15}, {3, 8, 13}, {6, 12}, {7}}","{{1, 3, 4, 8, 9}, {2, 5, 6, 10}, {7, 11, 13}, {12, 14}, {15}}",False,,,,False,FlipSYTNotFound
113614,"{{1, 4, 5, 7, 14}, {2, 6, 10, 13}, {3, 8, 15}, {9, 12}, {11}}","{{1, 3, 4, 5, 13}, {2, 6, 7, 14}, {8, 10, 12}, {9, 15}, {11}}",False,,,,False,FlipSYTNotFound
113647,"{{1, 6, 9, 11, 14}, {2, 7, 10, 15}, {3, 8, 13}, {4, 12}, {5}}","{{1, 3, 4, 8, 11}, {2, 5, 6, 12}, {7, 9, 13}, {10, 14}, {15}}",False,,,,False,FlipSYTNotFound
113688,"{{1, 6, 8, 11, 14}, {2, 7, 10, 15}, {3, 9, 13}, {4, 12}, {5}}","{{1, 3, 4, 7, 11}, {2, 5, 6, 12}, {8, 9, 13}, {10, 14}, {15}}",False,,,,False,FlipSYTNotFound
113882,"{{1, 3, 7, 8, 15}, {2, 5, 11, 13}, {4, 6, 14}, {9, 10}, {12}}","{{1, 2, 4, 6, 7}, {3, 5, 10, 12}, {8, 9, 14}, {11, 15}, {13}}",False,,,,False,FlipSYTNotFound
113907,"{{1, 3, 6, 8, 15}, {2, 5, 11, 13}, {4, 7, 14}, {9, 10}, {12}}","{{1, 2, 4, 6, 7}, {3, 5, 11, 12}, {8, 9, 14}, {10, 15}, {13}}",False,,,,False,FlipSYTNotFound
114001,"{{1, 4, 6, 7, 15}, {2, 5, 11, 13}, {3, 8, 14}, {9, 10}, {12}}","{{1, 2, 4, 6, 7}, {3, 5, 11, 13}, {8, 10, 14}, {9, 15}, {12}}",False,,,,False,FlipSYTNotFound
114038,"{{1, 5, 7, 11, 14}, {2, 6, 10, 15}, {3, 8, 13}, {4, 12}, {9}}","{{1, 3, 4, 7, 12}, {2, 5, 6, 8}, {9, 10, 13}, {11, 14}, {15}}",False,,,,False,FlipSYTNotFound
114060,"{{1, 4, 5, 11, 14}, {2, 6, 10, 15}, {3, 8, 13}, {7, 12}, {9}}","{{1, 3, 4, 7, 9}, {2, 5, 6, 8}, {10, 12, 13}, {11, 14}, {15}}",False,,,,False,FlipSYTNotFound
114329,"{{1, 4, 6, 10, 15}, {2, 5, 9, 13}, {3, 8, 14}, {7, 11}, {12}}","{{1, 2, 4, 8, 9}, {3, 5, 11, 13}, {6, 7, 14}, {10, 15}, {12}}",False,,,,False,FlipSYTNotFound
114486,"{{1, 4, 5, 10, 15}, {2, 6, 9, 13}, {3, 7, 14}, {8, 11}, {12}}","{{1, 2, 4, 8, 13}, {3, 5, 9, 14}, {6, 7, 12}, {10, 15}, {11}}",False,,,,False,FlipSYTNotFound
114616,"{{1, 4, 5, 9, 14}, {2, 6, 8, 13}, {3, 7, 15}, {10, 12}, {11}}","{{1, 3, 4, 5, 13}, {2, 6, 9, 14}, {7, 8, 12}, {10, 15}, {11}}",False,,,,False,FlipSYTNotFound
114624,"{{1, 4, 5, 10, 15}, {2, 6, 7, 13}, {3, 9, 14}, {8, 11}, {12}}","{{1, 2, 4, 8, 13}, {3, 5, 10, 14}, {6, 7, 12}, {9, 15}, {11}}",False,,,,False,FlipSYTNotFound
114679,"{{1, 4, 7, 11, 14}, {2, 5, 9, 15}, {3, 8, 13}, {6, 12}, {10}}","{{1, 3, 4, 6, 10}, {2, 5, 7, 8}, {9, 11, 13}, {12, 14}, {15}}",False,,,,False,FlipSYTNotFound
114688,"{{1, 4, 5, 9, 14}, {2, 6, 7, 13}, {3, 8, 15}, {10, 12}, {11}}","{{1, 3, 4, 5, 13}, {2, 6, 10, 14}, {7, 8, 12}, {9, 15}, {11}}",False,,,,False,FlipSYTNotFound
114790,"{{1, 4, 5, 10, 15}, {2, 6, 8, 13}, {3, 7, 14}, {9, 11}, {12}}","{{1, 2, 4, 7, 13}, {3, 5, 9, 14}, {6, 8, 12}, {10, 15}, {11}}",False,,,,False,FlipSYTNotFound
114805,"{{1, 4, 5, 8, 14}, {2, 6, 9, 13}, {3, 7, 15}, {10, 12}, {11}}","{{1, 3, 4, 5, 13}, {2, 6, 9, 14}, {7, 10, 12}, {8, 15}, {11}}",False,,,,False,FlipSYTNotFound
114818,"{{1, 4, 5, 7, 14}, {2, 6, 9, 13}, {3, 8, 15}, {10, 12}, {11}}","{{1, 3, 4, 5, 13}, {2, 6, 8, 14}, {7, 10, 12}, {9, 15}, {11}}",False,,,,False,FlipSYTNotFound
114855,"{{1, 4, 5, 10, 15}, {2, 6, 7, 13}, {3, 8, 14}, {9, 11}, {12}}","{{1, 2, 4, 7, 13}, {3, 5, 10, 14}, {6, 8, 12}, {9, 15}, {11}}",False,,,,False,FlipSYTNotFound
114954,"{{1, 2, 4, 6, 14}, {3, 7, 9, 13}, {5, 8, 15}, {10, 12}, {11}}","{{1, 3, 4, 5, 11}, {2, 6, 8, 15}, {7, 12, 13}, {9, 14}, {10}}",True,20,20,1.22354944906486315997E-1,False,DistanceAboveTolerance
114967,"{{1, 4, 5, 8, 14}, {2, 6, 7, 13}, {3, 9, 15}, {10, 12}, {11}}","{{1, 3, 4, 5, 13}, {2, 6, 10, 14}, {7, 9, 12}, {8, 15}, {11}}",False,,,,False,FlipSYTNotFound
115012,"{{1, 3, 5, 11, 14}, {2, 4, 6, 15}, {7, 9, 13}, {8, 12}, {10}}","{{1, 3, 4, 6, 14}, {2, 5, 7, 8}, {9, 12, 15}, {10, 13}, {11}}",False,,,,False,FlipSYTNotFound
115192,"{{1, 4, 5, 9, 15}, {2, 6, 10, 13}, {3, 7, 14}, {8, 11}, {12}}","{{1, 2, 4, 8, 13}, {3, 5, 9, 14}, {6, 10, 12}, {7, 15}, {11}}",False,,,,False,FlipSYTNotFound
115207,"{{1, 4, 9, 10, 14}, {2, 5, 11, 15}, {3, 8, 13}, {6, 12}, {7}}","{{1, 3, 4, 8, 9}, {2, 5, 7, 10}, {6, 11, 13}, {12, 14}, {15}}",False,,,,False,FlipSYTNotFound
115240,"{{1, 3, 9, 11, 14}, {2, 5, 10, 13}, {4, 7, 15}, {6, 8}, {12}}","{{1, 3, 4, 8, 10}, {2, 6, 9, 12}, {5, 7, 14}, {11, 15}, {13}}",False,,,,False,FlipSYTNotFound
115246,"{{1, 4, 9, 11, 14}, {2, 5, 10, 13}, {3, 7, 15}, {6, 8}, {12}}","{{1, 3, 4, 8, 10}, {2, 6, 9, 13}, {5, 7, 14}, {11, 15}, {12}}",False,,,,False,FlipSYTNotFound
115258,"{{1, 3, 9, 11, 14}, {2, 5, 10, 13}, {4, 6, 15}, {7, 8}, {12}}","{{1, 3, 4, 8, 9}, {2, 6, 10, 12}, {5, 7, 14}, {11, 15}, {13}}",False,,,,False,FlipSYTNotFound
115268,"{{1, 6, 9, 10, 14}, {2, 7, 11, 15}, {3, 8, 13}, {4, 12}, {5}}","{{1, 3, 4, 8, 11}, {2, 5, 7, 12}, {6, 9, 13}, {10, 14}, {15}}",False,,,,False,FlipSYTNotFound
115275,"{{1, 3, 8, 11, 14}, {2, 5, 10, 13}, {4, 6, 15}, {7, 9}, {12}}","{{1, 3, 4, 7, 9}, {2, 6, 10, 12}, {5, 8, 14}, {11, 15}, {13}}",False,,,,False,FlipSYTNotFound
115283,"{{1, 3, 8, 11, 14}, {2, 5, 10, 13}, {4, 7, 15}, {6, 9}, {12}}","{{1, 3, 4, 7, 10}, {2, 6, 9, 12}, {5, 8, 14}, {11, 15}, {13}}",False,,,,False,FlipSYTNotFound
115346,"{{1, 6, 8, 10, 14}, {2, 7, 11, 15}, {3, 9, 13}, {4, 12}, {5}}","{{1, 3, 4, 9, 11}, {2, 5, 7, 12}, {6, 8, 13}, {10, 14}, {15}}",False,,,,False,FlipSYTNotFound
115433,"{{1, 2, 4, 11, 13}, {3, 5, 9, 15}, {6, 7, 10}, {8, 14}, {12}}","{{1, 2, 4, 8, 10}, {3, 5, 6, 13}, {7, 9, 15}, {11, 14}, {12}}",False,,,,False,FlipSYTNotFound
115442,"{{1, 4, 6, 11, 14}, {2, 5, 10, 13}, {3, 8, 15}, {7, 9}, {12}}","{{1, 3, 4, 7, 9}, {2, 6, 11, 13}, {5, 8, 14}, {10, 15}, {12}}",False,,,,False,FlipSYTNotFound
115504,"{{1, 3, 7, 11, 14}, {2, 5, 10, 13}, {4, 6, 15}, {8, 9}, {12}}","{{1, 3, 4, 7, 8}, {2, 6, 10, 12}, {5, 9, 14}, {11, 15}, {13}}",False,,,,False,FlipSYTNotFound
115511,"{{1, 4, 6, 11, 14}, {2, 5, 10, 13}, {3, 7, 15}, {8, 9}, {12}}","{{1, 3, 4, 7, 8}, {2, 6, 11, 13}, {5, 9, 14}, {10, 15}, {12}}",False,,,,False,FlipSYTNotFound
115686,"{{1, 3, 5, 10, 14}, {2, 7, 11, 15}, {4, 8, 13}, {6, 12}, {9}}","{{1, 3, 4, 7, 14}, {2, 5, 8, 10}, {6, 9, 12}, {11, 13}, {15}}",False,,,,False,FlipSYTNotFound
115688,"{{1, 4, 6, 11, 14}, {2, 5, 9, 13}, {3, 8, 15}, {7, 10}, {12}}","{{1, 3, 4, 8, 9}, {2, 6, 11, 13}, {5, 7, 14}, {10, 15}, {12}}",False,,,,False,FlipSYTNotFound
115716,"{{1, 4, 5, 8, 15}, {2, 6, 10, 13}, {3, 7, 14}, {9, 11}, {12}}","{{1, 2, 4, 7, 13}, {3, 5, 9, 14}, {6, 10, 12}, {8, 15}, {11}}",False,,,,False,FlipSYTNotFound
115745,"{{1, 3, 5, 10, 14}, {2, 6, 11, 15}, {4, 8, 13}, {7, 12}, {9}}","{{1, 3, 4, 7, 14}, {2, 5, 8, 9}, {6, 10, 12}, {11, 13}, {15}}",False,,,,False,FlipSYTNotFound
115772,"{{1, 4, 5, 7, 15}, {2, 6, 10, 13}, {3, 8, 14}, {9, 11}, {12}}","{{1, 2, 4, 7, 13}, {3, 5, 8, 14}, {6, 10, 12}, {9, 15}, {11}}",False,,,,False,FlipSYTNotFound
115782,"{{1, 2, 4, 11, 13}, {3, 6, 8, 15}, {5, 7, 9}, {10, 14}, {12}}","{{1, 2, 4, 9, 11}, {3, 5, 6, 13}, {7, 10, 15}, {8, 14}, {12}}",False,,,,False,FlipSYTNotFound
115819,"{{1, 4, 5, 11, 14}, {2, 6, 9, 13}, {3, 7, 15}, {8, 10}, {12}}","{{1, 3, 4, 8, 13}, {2, 6, 9, 14}, {5, 7, 12}, {10, 15}, {11}}",False,,,,False,FlipSYTNotFound
115835,"{{1, 3, 5, 10, 14}, {2, 4, 11, 15}, {6, 7, 13}, {8, 12}, {9}}","{{1, 3, 4, 7, 14}, {2, 5, 8, 10}, {6, 9, 12}, {11, 15}, {13}}",False,,,,False,FlipSYTNotFound
115841,"{{1, 2, 5, 11, 13}, {3, 4, 7, 15}, {6, 8, 9}, {10, 14}, {12}}","{{1, 2, 4, 8, 10}, {3, 5, 6, 13}, {7, 12, 15}, {9, 14}, {11}}",False,,,,False,FlipSYTNotFound
115874,"{{1, 6, 8, 9, 14}, {2, 7, 11, 15}, {3, 10, 13}, {4, 12}, {5}}","{{1, 3, 4, 9, 11}, {2, 5, 6, 12}, {7, 8, 13}, {10, 14}, {15}}",False,,,,False,FlipSYTNotFound
115993,"{{1, 4, 5, 11, 14}, {2, 6, 7, 13}, {3, 9, 15}, {8, 10}, {12}}","{{1, 3, 4, 8, 13}, {2, 6, 10, 14}, {5, 7, 12}, {9, 15}, {11}}",False,,,,False,FlipSYTNotFound
116043,"{{1, 3, 5, 9, 14}, {2, 6, 11, 15}, {4, 10, 13}, {7, 12}, {8}}","{{1, 3, 4, 8, 14}, {2, 5, 6, 9}, {7, 10, 12}, {11, 13}, {15}}",False,,,,False,FlipSYTNotFound
116053,"{{1, 4, 5, 11, 14}, {2, 6, 8, 13}, {3, 7, 15}, {9, 10}, {12}}","{{1, 3, 4, 7, 13}, {2, 6, 9, 14}, {5, 8, 12}, {10, 15}, {11}}",False,,,,False,FlipSYTNotFound
116126,"{{1, 2, 4, 10, 13}, {3, 5, 9, 15}, {6, 7, 11}, {8, 14}, {12}}","{{1, 2, 4, 8, 10}, {3, 5, 7, 13}, {6, 9, 15}, {11, 14}, {12}}",False,,,,False,FlipSYTNotFound
116171,"{{1, 4, 5, 11, 14}, {2, 6, 7, 13}, {3, 8, 15}, {9, 10}, {12}}","{{1, 3, 4, 7, 13}, {2, 6, 10, 14}, {5, 8, 12}, {9, 15}, {11}}",False,,,,False,FlipSYTNotFound
116184,"{{1, 4, 9, 10, 14}, {2, 5, 11, 13}, {3, 7, 15}, {6, 8}, {12}}","{{1, 3, 4, 8, 10}, {2, 5, 9, 13}, {6, 7, 14}, {11, 15}, {12}}",False,,,,False,FlipSYTNotFound
116189,"{{1, 3, 9, 10, 14}, {2, 5, 11, 13}, {4, 7, 15}, {6, 8}, {12}}","{{1, 3, 4, 8, 10}, {2, 5, 9, 12}, {6, 7, 14}, {11, 15}, {13}}",False,,,,False,FlipSYTNotFound
116206,"{{1, 3, 9, 10, 14}, {2, 5, 11, 13}, {4, 6, 15}, {7, 8}, {12}}","{{1, 3, 4, 8, 9}, {2, 5, 10, 12}, {6, 7, 14}, {11, 15}, {13}}",False,,,,False,FlipSYTNotFound
116245,"{{1, 3, 5, 8, 14}, {2, 7, 11, 15}, {4, 10, 13}, {6, 12}, {9}}","{{1, 3, 4, 7, 14}, {2, 5, 6, 10}, {8, 9, 12}, {11, 13}, {15}}",False,,,,False,FlipSYTNotFound
116264,"{{1, 4, 8, 10, 14}, {2, 5, 11, 13}, {3, 7, 15}, {6, 9}, {12}}","{{1, 3, 4, 7, 10}, {2, 5, 9, 13}, {6, 8, 14}, {11, 15}, {12}}",False,,,,False,FlipSYTNotFound
116267,"{{1, 3, 8, 10, 14}, {2, 5, 11, 13}, {4, 7, 15}, {6, 9}, {12}}","{{1, 3, 4, 7, 10}, {2, 5, 9, 12}, {6, 8, 14}, {11, 15}, {13}}",False,,,,False,FlipSYTNotFound
116281,"{{1, 3, 8, 10, 14}, {2, 5, 11, 13}, {4, 6, 15}, {7, 9}, {12}}","{{1, 3, 4, 7, 9}, {2, 5, 10, 12}, {6, 8, 14}, {11, 15}, {13}}",False,,,,False,FlipSYTNotFound
116384,"{{1, 4, 6, 10, 14}, {2, 5, 11, 13}, {3, 8, 15}, {7, 9}, {12}}","{{1, 3, 4, 7, 9}, {2, 5, 11, 13}, {6, 8, 14}, {10, 15}, {12}}",False,,,,False,FlipSYTNotFound
116431,"{{1, 3, 7, 10, 14}, {2, 5, 11, 13}, {4, 6, 15}, {8, 9}, {12}}","{{1, 3, 4, 7, 8}, {2, 5, 10, 12}, {6, 9, 14}, {11, 15}, {13}}",False,,,,False,FlipSYTNotFound
116445,"{{1, 4, 6, 10, 14}, {2, 5, 11, 13}, {3, 7, 15}, {8, 9}, {12}}","{{1, 3, 4, 7, 8}, {2, 5, 11, 13}, {6, 9, 14}, {10, 15}, {12}}",False,,,,False,FlipSYTNotFound
116462,"{{1, 2, 4, 10, 13}, {3, 6, 8, 15}, {5, 7, 11}, {9, 14}, {12}}","{{1, 2, 4, 9, 11}, {3, 5, 7, 13}, {6, 8, 15}, {10, 14}, {12}}",False,,,,False,FlipSYTNotFound
116548,"{{1, 3, 8, 9, 14}, {2, 5, 11, 13}, {4, 6, 15}, {7, 10}, {12}}","{{1, 3, 4, 6, 9}, {2, 5, 10, 12}, {7, 8, 14}, {11, 15}, {13}}",False,,,,False,FlipSYTNotFound
116550,"{{1, 3, 8, 9, 14}, {2, 5, 11, 13}, {4, 7, 15}, {6, 10}, {12}}","{{1, 3, 4, 6, 10}, {2, 5, 9, 12}, {7, 8, 14}, {11, 15}, {13}}",False,,,,False,FlipSYTNotFound
116597,"{{1, 3, 5, 9, 14}, {2, 7, 11, 15}, {4, 8, 13}, {6, 12}, {10}}","{{1, 3, 4, 6, 14}, {2, 5, 8, 10}, {7, 9, 12}, {11, 13}, {15}}",False,,,,False,FlipSYTNotFound
116617,"{{1, 4, 6, 9, 14}, {2, 5, 11, 13}, {3, 8, 15}, {7, 10}, {12}}","{{1, 3, 4, 6, 9}, {2, 5, 11, 13}, {7, 8, 14}, {10, 15}, {12}}",False,,,,False,FlipSYTNotFound
116626,"{{1, 5, 8, 9, 14}, {2, 6, 11, 15}, {3, 7, 13}, {4, 12}, {10}}","{{1, 3, 4, 6, 12}, {2, 5, 8, 9}, {7, 10, 13}, {11, 14}, {15}}",False,,,,False,FlipSYTNotFound
116659,"{{1, 3, 5, 9, 14}, {2, 6, 11, 15}, {4, 8, 13}, {7, 12}, {10}}","{{1, 3, 4, 6, 14}, {2, 5, 8, 9}, {7, 10, 12}, {11, 13}, {15}}",False,,,,False,FlipSYTNotFound
116690,"{{1, 3, 7, 9, 14}, {2, 5, 11, 13}, {4, 6, 15}, {8, 10}, {12}}","{{1, 3, 4, 6, 8}, {2, 5, 10, 12}, {7, 9, 14}, {11, 15}, {13}}",False,,,,False,FlipSYTNotFound
116692,"{{1, 4, 5, 8, 15}, {2, 6, 7, 13}, {3, 10, 14}, {9, 11}, {12}}","{{1, 2, 4, 7, 13}, {3, 5, 10, 14}, {6, 9, 12}, {8, 15}, {11}}",False,,,,False,FlipSYTNotFound
116820,"{{1, 2, 5, 8, 14}, {3, 7, 11, 13}, {4, 9, 15}, {6, 10}, {12}}","{{1, 3, 4, 6, 10}, {2, 5, 12, 15}, {7, 9, 13}, {8, 14}, {11}}",False,,,,False,FlipSYTNotFound
116841,"{{1, 4, 7, 8, 14}, {2, 6, 11, 15}, {3, 9, 13}, {5, 12}, {10}}","{{1, 3, 4, 6, 11}, {2, 5, 7, 10}, {8, 9, 13}, {12, 14}, {15}}",False,,,,False,FlipSYTNotFound
116848,"{{1, 3, 5, 8, 14}, {2, 7, 11, 15}, {4, 9, 13}, {6, 12}, {10}}","{{1, 3, 4, 6, 14}, {2, 5, 7, 10}, {8, 9, 12}, {11, 13}, {15}}",False,,,,False,FlipSYTNotFound
116915,"{{1, 3, 5, 8, 14}, {2, 6, 11, 15}, {4, 9, 13}, {7, 12}, {10}}","{{1, 3, 4, 6, 14}, {2, 5, 7, 9}, {8, 10, 12}, {11, 13}, {15}}",False,,,,False,FlipSYTNotFound
116982,"{{1, 4, 5, 9, 15}, {2, 6, 8, 13}, {3, 7, 14}, {10, 11}, {12}}","{{1, 2, 4, 6, 13}, {3, 5, 9, 14}, {7, 8, 12}, {10, 15}, {11}}",False,,,,False,FlipSYTNotFound
116994,"{{1, 2, 3, 6, 13}, {4, 8, 10, 15}, {5, 9, 11}, {7, 14}, {12}}","{{1, 2, 4, 9, 15}, {3, 5, 7, 11}, {6, 8, 14}, {10, 12}, {13}}",False,,,,False,FlipSYTNotFound
117067,"{{1, 2, 3, 7, 13}, {4, 6, 10, 15}, {5, 9, 11}, {8, 14}, {12}}","{{1, 2, 4, 8, 15}, {3, 5, 7, 11}, {6, 10, 14}, {9, 12}, {13}}",False,,,,False,FlipSYTNotFound
117094,"{{1, 4, 5, 9, 15}, {2, 6, 7, 13}, {3, 8, 14}, {10, 11}, {12}}","{{1, 2, 4, 6, 13}, {3, 5, 10, 14}, {7, 8, 12}, {9, 15}, {11}}",False,,,,False,FlipSYTNotFound
117096,"{{1, 3, 7, 8, 14}, {2, 5, 11, 13}, {4, 6, 15}, {9, 10}, {12}}","{{1, 3, 4, 6, 7}, {2, 5, 10, 12}, {8, 9, 14}, {11, 15}, {13}}",False,,,,False,FlipSYTNotFound
117105,"{{1, 3, 6, 8, 14}, {2, 5, 11, 13}, {4, 7, 15}, {9, 10}, {12}}","{{1, 3, 4, 6, 7}, {2, 5, 11, 12}, {8, 9, 14}, {10, 15}, {13}}",False,,,,False,FlipSYTNotFound
117191,"{{1, 4, 5, 8, 15}, {2, 6, 9, 13}, {3, 7, 14}, {10, 11}, {12}}","{{1, 2, 4, 6, 13}, {3, 5, 9, 14}, {7, 10, 12}, {8, 15}, {11}}",False,,,,False,FlipSYTNotFound
117193,"{{1, 4, 6, 7, 14}, {2, 5, 11, 13}, {3, 8, 15}, {9, 10}, {12}}","{{1, 3, 4, 6, 7}, {2, 5, 11, 13}, {8, 10, 14}, {9, 15}, {12}}",False,,,,False,FlipSYTNotFound
117249,"{{1, 4, 5, 7, 15}, {2, 6, 9, 13}, {3, 8, 14}, {10, 11}, {12}}","{{1, 2, 4, 6, 13}, {3, 5, 8, 14}, {7, 10, 12}, {9, 15}, {11}}",False,,,,False,FlipSYTNotFound
117391,"{{1, 4, 8, 10, 14}, {2, 6, 9, 15}, {3, 11, 13}, {5, 12}, {7}}","{{1, 3, 4, 9, 11}, {2, 5, 7, 10}, {6, 12, 13}, {8, 14}, {15}}",False,,,,False,FlipSYTNotFound
117431,"{{1, 4, 5, 8, 15}, {2, 6, 7, 13}, {3, 9, 14}, {10, 11}, {12}}","{{1, 2, 4, 6, 13}, {3, 5, 10, 14}, {7, 9, 12}, {8, 15}, {11}}",False,,,,False,FlipSYTNotFound
117565,"{{1, 4, 5, 10, 14}, {2, 6, 9, 13}, {3, 7, 15}, {8, 11}, {12}}","{{1, 3, 4, 8, 13}, {2, 5, 9, 14}, {6, 7, 12}, {10, 15}, {11}}",False,,,,False,FlipSYTNotFound
117661,"{{1, 6, 9, 11, 15}, {2, 7, 10, 12}, {3, 8, 14}, {4, 13}, {5}}","{{1, 2, 3, 8, 11}, {4, 6, 9, 12}, {5, 7, 13}, {10, 14}, {15}}",False,,,,False,FlipSYTNotFound
117781,"{{1, 2, 3, 6, 13}, {4, 8, 9, 15}, {5, 10, 11}, {7, 14}, {12}}","{{1, 2, 4, 9, 15}, {3, 5, 6, 11}, {7, 8, 14}, {10, 12}, {13}}",False,,,,False,FlipSYTNotFound
117787,"{{1, 4, 5, 10, 14}, {2, 6, 7, 13}, {3, 9, 15}, {8, 11}, {12}}","{{1, 3, 4, 8, 13}, {2, 5, 10, 14}, {6, 7, 12}, {9, 15}, {11}}",False,,,,False,FlipSYTNotFound
117873,"{{1, 4, 5, 10, 14}, {2, 6, 8, 13}, {3, 7, 15}, {9, 11}, {12}}","{{1, 3, 4, 7, 13}, {2, 5, 9, 14}, {6, 8, 12}, {10, 15}, {11}}",False,,,,False,FlipSYTNotFound
117886,"{{1, 6, 8, 11, 15}, {2, 7, 10, 12}, {3, 9, 14}, {4, 13}, {5}}","{{1, 2, 3, 7, 11}, {4, 6, 9, 12}, {5, 8, 13}, {10, 14}, {15}}",False,,,,False,FlipSYTNotFound
117910,"{{1, 4, 5, 10, 14}, {2, 6, 7, 13}, {3, 8, 15}, {9, 11}, {12}}","{{1, 3, 4, 7, 13}, {2, 5, 10, 14}, {6, 8, 12}, {9, 15}, {11}}",False,,,,False,FlipSYTNotFound
117928,"{{1, 5, 6, 9, 14}, {2, 8, 10, 15}, {3, 11, 13}, {4, 12}, {7}}","{{1, 3, 4, 9, 12}, {2, 5, 8, 11}, {6, 10, 13}, {7, 14}, {15}}",False,,,,False,FlipSYTNotFound
118052,"{{1, 3, 6, 9, 14}, {2, 7, 10, 15}, {4, 11, 13}, {5, 12}, {8}}","{{1, 3, 4, 8, 14}, {2, 5, 9, 11}, {6, 10, 12}, {7, 13}, {15}}",False,,,,False,FlipSYTNotFound
118088,"{{1, 5, 6, 8, 14}, {2, 9, 10, 15}, {3, 11, 13}, {4, 12}, {7}}","{{1, 3, 4, 9, 12}, {2, 5, 7, 11}, {6, 10, 13}, {8, 14}, {15}}",False,,,,False,FlipSYTNotFound
118147,"{{1, 5, 6, 7, 14}, {2, 9, 10, 15}, {3, 11, 13}, {4, 12}, {8}}","{{1, 3, 4, 8, 12}, {2, 5, 7, 11}, {6, 10, 13}, {9, 14}, {15}}",False,,,,False,FlipSYTNotFound
118209,"{{1, 4, 5, 9, 14}, {2, 6, 10, 13}, {3, 7, 15}, {8, 11}, {12}}","{{1, 3, 4, 8, 13}, {2, 5, 9, 14}, {6, 10, 12}, {7, 15}, {11}}",False,,,,False,FlipSYTNotFound
118314,"{{1, 2, 4, 9, 13}, {3, 5, 8, 15}, {6, 7, 11}, {10, 14}, {12}}","{{1, 2, 4, 9, 10}, {3, 5, 6, 13}, {7, 8, 15}, {11, 14}, {12}}",False,,,,False,FlipSYTNotFound
118441,"{{1, 2, 4, 7, 13}, {3, 6, 9, 15}, {5, 8, 11}, {10, 14}, {12}}","{{1, 2, 4, 11, 15}, {3, 5, 6, 13}, {7, 8, 14}, {9, 10}, {12}}",False,,,,False,FlipSYTNotFound
118521,"{{1, 4, 7, 9, 14}, {2, 6, 8, 15}, {3, 11, 13}, {5, 12}, {10}}","{{1, 3, 4, 6, 11}, {2, 5, 8, 10}, {7, 12, 13}, {9, 14}, {15}}",False,,,,False,FlipSYTNotFound
118672,"{{1, 4, 5, 8, 14}, {2, 6, 10, 13}, {3, 7, 15}, {9, 11}, {12}}","{{1, 3, 4, 7, 13}, {2, 5, 9, 14}, {6, 10, 12}, {8, 15}, {11}}",False,,,,False,FlipSYTNotFound
118679,"{{1, 4, 5, 7, 14}, {2, 6, 10, 13}, {3, 8, 15}, {9, 11}, {12}}","{{1, 3, 4, 7, 13}, {2, 5, 8, 14}, {6, 10, 12}, {9, 15}, {11}}",False,,,,False,FlipSYTNotFound
118843,"{{1, 2, 4, 10, 13}, {3, 6, 8, 15}, {5, 7, 9}, {11, 14}, {12}}","{{1, 2, 4, 9, 11}, {3, 5, 7, 13}, {6, 10, 15}, {8, 14}, {12}}",False,,,,False,FlipSYTNotFound
118926,"{{1, 2, 5, 10, 13}, {3, 4, 7, 15}, {6, 8, 9}, {11, 14}, {12}}","{{1, 2, 4, 8, 10}, {3, 5, 7, 13}, {6, 12, 15}, {9, 14}, {11}}",False,,,,False,FlipSYTNotFound
118996,"{{1, 2, 6, 9, 13}, {3, 4, 8, 15}, {5, 7, 10}, {11, 14}, {12}}","{{1, 2, 4, 9, 11}, {3, 5, 8, 13}, {6, 12, 15}, {7, 14}, {10}}",False,,,,False,FlipSYTNotFound
119013,"{{1, 2, 4, 9, 13}, {3, 6, 8, 15}, {5, 7, 10}, {11, 14}, {12}}","{{1, 2, 4, 9, 11}, {3, 5, 8, 13}, {6, 10, 15}, {7, 14}, {12}}",False,,,,False,FlipSYTNotFound
119045,"{{1, 5, 6, 7, 14}, {2, 8, 9, 13}, {3, 10, 15}, {4, 11}, {12}}","{{1, 3, 4, 8, 12}, {2, 5, 11, 13}, {6, 10, 14}, {7, 15}, {9}}",False,,,,False,FlipSYTNotFound
119413,"{{1, 4, 5, 8, 14}, {2, 6, 7, 13}, {3, 10, 15}, {9, 11}, {12}}","{{1, 3, 4, 7, 13}, {2, 5, 10, 14}, {6, 9, 12}, {8, 15}, {11}}",False,,,,False,FlipSYTNotFound
119416,"{{1, 4, 8, 10, 14}, {2, 5, 9, 15}, {3, 7, 13}, {6, 12}, {11}}","{{1, 3, 4, 5, 10}, {2, 6, 7, 9}, {8, 11, 13}, {12, 14}, {15}}",False,,,,False,FlipSYTNotFound
119436,"{{1, 5, 8, 10, 14}, {2, 6, 9, 15}, {3, 7, 13}, {4, 12}, {11}}","{{1, 3, 4, 5, 12}, {2, 6, 7, 9}, {8, 10, 13}, {11, 14}, {15}}",False,,,,False,FlipSYTNotFound
119507,"{{1, 5, 7, 10, 14}, {2, 6, 9, 15}, {3, 8, 13}, {4, 12}, {11}}","{{1, 3, 4, 5, 12}, {2, 6, 7, 8}, {9, 10, 13}, {11, 14}, {15}}",False,,,,False,FlipSYTNotFound
119620,"{{1, 4, 5, 11, 15}, {2, 6, 8, 12}, {3, 7, 14}, {9, 13}, {10}}","{{1, 2, 3, 6, 13}, {4, 7, 9, 14}, {5, 8, 12}, {10, 15}, {11}}",False,,,,False,FlipSYTNotFound
119656,"{{1, 4, 5, 9, 14}, {2, 6, 8, 13}, {3, 7, 15}, {10, 11}, {12}}","{{1, 3, 4, 6, 13}, {2, 5, 9, 14}, {7, 8, 12}, {10, 15}, {11}}",False,,,,False,FlipSYTNotFound
119690,"{{1, 4, 5, 11, 15}, {2, 6, 7, 12}, {3, 8, 14}, {9, 13}, {10}}","{{1, 2, 3, 6, 13}, {4, 7, 10, 14}, {5, 8, 12}, {9, 15}, {11}}",False,,,,False,FlipSYTNotFound
119703,"{{1, 6, 9, 10, 15}, {2, 7, 11, 12}, {3, 8, 14}, {4, 13}, {5}}","{{1, 2, 3, 8, 11}, {4, 5, 9, 12}, {6, 7, 13}, {10, 14}, {15}}",False,,,,False,FlipSYTNotFound
119737,"{{1, 4, 5, 9, 14}, {2, 6, 7, 13}, {3, 8, 15}, {10, 11}, {12}}","{{1, 3, 4, 6, 13}, {2, 5, 10, 14}, {7, 8, 12}, {9, 15}, {11}}",False,,,,False,FlipSYTNotFound
119757,"{{1, 4, 9, 10, 15}, {2, 5, 11, 12}, {3, 7, 14}, {6, 13}, {8}}","{{1, 2, 3, 8, 10}, {4, 5, 9, 13}, {6, 7, 11}, {12, 14}, {15}}",False,,,,False,FlipSYTNotFound
119817,"{{1, 5, 8, 11, 12}, {2, 6, 10, 15}, {3, 9, 13}, {4, 14}, {7}}","{{1, 2, 6, 7, 9}, {3, 5, 10, 12}, {4, 11, 13}, {8, 14}, {15}}",False,,,,False,FlipSYTNotFound
119854,"{{1, 6, 8, 10, 15}, {2, 7, 11, 12}, {3, 9, 14}, {4, 13}, {5}}","{{1, 2, 3, 7, 11}, {4, 5, 9, 12}, {6, 8, 13}, {10, 14}, {15}}",False,,,,False,FlipSYTNotFound
119895,"{{1, 4, 5, 8, 14}, {2, 6, 9, 13}, {3, 7, 15}, {10, 11}, {12}}","{{1, 3, 4, 6, 13}, {2, 5, 9, 14}, {7, 10, 12}, {8, 15}, {11}}",False,,,,False,FlipSYTNotFound
119913,"{{1, 4, 5, 7, 14}, {2, 6, 9, 13}, {3, 8, 15}, {10, 11}, {12}}","{{1, 3, 4, 6, 13}, {2, 5, 8, 14}, {7, 10, 12}, {9, 15}, {11}}",False,,,,False,FlipSYTNotFound
120007,"{{1, 4, 5, 8, 14}, {2, 6, 7, 13}, {3, 9, 15}, {10, 11}, {12}}","{{1, 3, 4, 6, 13}, {2, 5, 10, 14}, {7, 9, 12}, {8, 15}, {11}}",False,,,,False,FlipSYTNotFound
120121,"{{1, 5, 8, 9, 14}, {2, 6, 10, 15}, {3, 7, 13}, {4, 12}, {11}}","{{1, 3, 4, 5, 12}, {2, 6, 8, 9}, {7, 10, 13}, {11, 14}, {15}}",False,,,,False,FlipSYTNotFound
120170,"{{1, 3, 5, 9, 14}, {2, 7, 10, 15}, {4, 8, 13}, {6, 12}, {11}}","{{1, 3, 4, 5, 14}, {2, 6, 8, 10}, {7, 9, 12}, {11, 13}, {15}}",False,,,,False,FlipSYTNotFound
120235,"{{1, 6, 9, 11, 14}, {2, 7, 10, 12}, {3, 8, 15}, {4, 13}, {5}}","{{1, 3, 6, 8, 11}, {2, 4, 9, 12}, {5, 7, 13}, {10, 14}, {15}}",False,,,,False,FlipSYTNotFound
120253,"{{1, 2, 4, 11, 12}, {3, 5, 10, 15}, {6, 7, 13}, {8, 14}, {9}}","{{1, 2, 6, 7, 10}, {3, 5, 8, 13}, {4, 9, 15}, {11, 14}, {12}}",False,,,,False,FlipSYTNotFound
120257,"{{1, 3, 5, 9, 14}, {2, 6, 10, 15}, {4, 8, 13}, {7, 12}, {11}}","{{1, 3, 4, 5, 14}, {2, 6, 8, 9}, {7, 10, 12}, {11, 13}, {15}}",False,,,,False,FlipSYTNotFound
120363,"{{1, 3, 5, 8, 14}, {2, 7, 10, 15}, {4, 9, 13}, {6, 12}, {11}}","{{1, 3, 4, 5, 14}, {2, 6, 7, 10}, {8, 9, 12}, {11, 13}, {15}}",False,,,,False,FlipSYTNotFound
120446,"{{1, 6, 8, 9, 15}, {2, 7, 11, 12}, {3, 10, 14}, {4, 13}, {5}}","{{1, 2, 3, 6, 11}, {4, 5, 9, 12}, {7, 8, 13}, {10, 14}, {15}}",False,,,,False,FlipSYTNotFound
120463,"{{1, 3, 5, 8, 14}, {2, 6, 10, 15}, {4, 9, 13}, {7, 12}, {11}}","{{1, 3, 4, 5, 14}, {2, 6, 7, 9}, {8, 10, 12}, {11, 13}, {15}}",False,,,,False,FlipSYTNotFound
120471,"{{1, 6, 8, 11, 14}, {2, 7, 10, 12}, {3, 9, 15}, {4, 13}, {5}}","{{1, 3, 6, 7, 11}, {2, 4, 9, 12}, {5, 8, 13}, {10, 14}, {15}}",False,,,,False,FlipSYTNotFound
120564,"{{1, 3, 6, 11, 14}, {2, 5, 10, 12}, {4, 9, 15}, {7, 13}, {8}}","{{1, 3, 6, 7, 8}, {2, 4, 9, 12}, {5, 10, 11}, {13, 14}, {15}}",False,,,,False,FlipSYTNotFound
120961,"{{1, 2, 4, 11, 12}, {3, 5, 9, 15}, {6, 7, 13}, {8, 14}, {10}}","{{1, 2, 6, 8, 10}, {3, 5, 7, 13}, {4, 9, 15}, {11, 14}, {12}}",False,,,,False,FlipSYTNotFound
120989,"{{1, 3, 7, 11, 12}, {2, 6, 8, 15}, {4, 9, 13}, {5, 14}, {10}}","{{1, 2, 6, 10, 11}, {3, 5, 7, 12}, {4, 8, 14}, {9, 13}, {15}}",False,,,,False,FlipSYTNotFound
121130,"{{1, 2, 4, 9, 14}, {3, 5, 6, 15}, {7, 10, 13}, {8, 12}, {11}}","{{1, 3, 4, 5, 13}, {2, 6, 8, 11}, {7, 9, 15}, {10, 14}, {12}}",False,,,,False,FlipSYTNotFound
121179,"{{1, 5, 6, 8, 14}, {2, 7, 9, 15}, {3, 10, 13}, {4, 12}, {11}}","{{1, 3, 4, 5, 12}, {2, 6, 9, 11}, {7, 10, 13}, {8, 14}, {15}}",False,,,,False,FlipSYTNotFound
121427,"{{1, 3, 6, 9, 15}, {2, 5, 11, 12}, {4, 8, 14}, {7, 13}, {10}}","{{1, 2, 3, 6, 9}, {4, 5, 8, 12}, {7, 10, 11}, {13, 14}, {15}}",False,,,,False,FlipSYTNotFound
121582,"{{1, 3, 6, 8, 15}, {2, 5, 11, 12}, {4, 9, 14}, {7, 13}, {10}}","{{1, 2, 3, 6, 9}, {4, 5, 7, 12}, {8, 10, 11}, {13, 14}, {15}}",False,,,,False,FlipSYTNotFound
121605,"{{1, 4, 5, 11, 14}, {2, 6, 9, 12}, {3, 7, 15}, {8, 13}, {10}}","{{1, 3, 6, 8, 13}, {2, 4, 7, 14}, {5, 9, 12}, {10, 15}, {11}}",False,,,,False,FlipSYTNotFound
121644,"{{1, 3, 6, 10, 12}, {2, 8, 11, 15}, {4, 9, 13}, {5, 14}, {7}}","{{1, 2, 7, 9, 14}, {3, 5, 8, 11}, {4, 10, 12}, {6, 13}, {15}}",False,,,,False,FlipSYTNotFound
121887,"{{1, 4, 5, 11, 14}, {2, 6, 8, 12}, {3, 7, 15}, {9, 13}, {10}}","{{1, 3, 6, 9, 13}, {2, 4, 7, 14}, {5, 8, 12}, {10, 15}, {11}}",False,,,,False,FlipSYTNotFound
121932,"{{1, 3, 4, 8, 14}, {2, 5, 9, 15}, {6, 7, 13}, {10, 12}, {11}}","{{1, 3, 4, 5, 14}, {2, 6, 9, 10}, {7, 11, 13}, {8, 15}, {12}}",False,,,,False,FlipSYTNotFound
122020,"{{1, 6, 9, 10, 14}, {2, 7, 11, 12}, {3, 8, 15}, {4, 13}, {5}}","{{1, 3, 5, 8, 11}, {2, 4, 9, 12}, {6, 7, 13}, {10, 14}, {15}}",False,,,,False,FlipSYTNotFound
122028,"{{1, 4, 5, 7, 15}, {2, 6, 11, 12}, {3, 8, 14}, {9, 13}, {10}}","{{1, 2, 3, 6, 13}, {4, 5, 7, 14}, {8, 10, 12}, {9, 15}, {11}}",False,,,,False,FlipSYTNotFound
122046,"{{1, 4, 7, 9, 12}, {2, 6, 11, 15}, {3, 10, 13}, {5, 14}, {8}}","{{1, 2, 6, 8, 11}, {3, 5, 9, 10}, {4, 12, 13}, {7, 14}, {15}}",False,,,,False,FlipSYTNotFound
122151,"{{1, 3, 6, 9, 12}, {2, 8, 11, 15}, {4, 10, 13}, {5, 14}, {7}}","{{1, 2, 6, 9, 14}, {3, 5, 8, 11}, {4, 10, 12}, {7, 13}, {15}}",False,,,,False,FlipSYTNotFound
122170,"{{1, 6, 8, 10, 14}, {2, 7, 11, 12}, {3, 9, 15}, {4, 13}, {5}}","{{1, 3, 5, 7, 11}, {2, 4, 9, 12}, {6, 8, 13}, {10, 14}, {15}}",False,,,,False,FlipSYTNotFound
122277,"{{1, 5, 6, 8, 12}, {2, 9, 11, 15}, {3, 10, 13}, {4, 14}, {7}}","{{1, 2, 6, 9, 12}, {3, 5, 7, 11}, {4, 10, 13}, {8, 14}, {15}}",False,,,,False,FlipSYTNotFound
122307,"{{1, 3, 6, 8, 12}, {2, 9, 11, 15}, {4, 10, 13}, {5, 14}, {7}}","{{1, 2, 6, 9, 14}, {3, 5, 7, 11}, {4, 10, 12}, {8, 13}, {15}}",False,,,,False,FlipSYTNotFound
122390,"{{1, 3, 9, 11, 14}, {2, 5, 10, 15}, {4, 7, 13}, {6, 8}, {12}}","{{1, 3, 4, 8, 10}, {2, 5, 6, 12}, {7, 9, 14}, {11, 15}, {13}}",False,,,,False,FlipSYTNotFound
122414,"{{1, 3, 9, 11, 14}, {2, 5, 10, 15}, {4, 6, 13}, {7, 8}, {12}}","{{1, 3, 4, 8, 9}, {2, 5, 6, 12}, {7, 10, 14}, {11, 15}, {13}}",False,,,,False,FlipSYTNotFound
122457,"{{1, 3, 8, 11, 14}, {2, 5, 10, 15}, {4, 6, 13}, {7, 9}, {12}}","{{1, 3, 4, 7, 9}, {2, 5, 6, 12}, {8, 10, 14}, {11, 15}, {13}}",False,,,,False,FlipSYTNotFound
122460,"{{1, 3, 8, 11, 14}, {2, 5, 10, 15}, {4, 7, 13}, {6, 9}, {12}}","{{1, 3, 4, 7, 10}, {2, 5, 6, 12}, {8, 9, 14}, {11, 15}, {13}}",False,,,,False,FlipSYTNotFound
122489,"{{1, 5, 6, 8, 12}, {2, 7, 11, 15}, {3, 10, 13}, {4, 14}, {9}}","{{1, 2, 6, 7, 12}, {3, 5, 9, 11}, {4, 10, 13}, {8, 14}, {15}}",False,,,,False,FlipSYTNotFound
122527,"{{1, 3, 7, 11, 14}, {2, 5, 10, 15}, {4, 8, 13}, {6, 9}, {12}}","{{1, 3, 4, 7, 10}, {2, 5, 6, 12}, {8, 11, 14}, {9, 15}, {13}}",False,,,,False,FlipSYTNotFound
122569,"{{1, 3, 7, 11, 14}, {2, 6, 10, 15}, {4, 8, 13}, {5, 9}, {12}}","{{1, 3, 4, 7, 11}, {2, 5, 6, 12}, {8, 10, 14}, {9, 15}, {13}}",False,,,,False,FlipSYTNotFound
122581,"{{1, 3, 6, 11, 14}, {2, 5, 10, 15}, {4, 8, 13}, {7, 9}, {12}}","{{1, 3, 4, 7, 9}, {2, 5, 6, 12}, {8, 11, 14}, {10, 15}, {13}}",False,,,,False,FlipSYTNotFound
122645,"{{1, 3, 7, 11, 14}, {2, 5, 10, 15}, {4, 6, 13}, {8, 9}, {12}}","{{1, 3, 4, 7, 8}, {2, 5, 6, 12}, {9, 10, 14}, {11, 15}, {13}}",False,,,,False,FlipSYTNotFound
122647,"{{1, 4, 6, 11, 14}, {2, 5, 10, 15}, {3, 7, 13}, {8, 9}, {12}}","{{1, 3, 4, 7, 8}, {2, 5, 6, 13}, {9, 11, 14}, {10, 15}, {12}}",False,,,,False,FlipSYTNotFound
122659,"{{1, 3, 6, 11, 14}, {2, 5, 10, 15}, {4, 7, 13}, {8, 9}, {12}}","{{1, 3, 4, 7, 8}, {2, 5, 6, 12}, {9, 11, 14}, {10, 15}, {13}}",False,,,,False,FlipSYTNotFound
122705,"{{1, 6, 8, 9, 14}, {2, 7, 11, 12}, {3, 10, 15}, {4, 13}, {5}}","{{1, 3, 5, 6, 11}, {2, 4, 9, 12}, {7, 8, 13}, {10, 14}, {15}}",False,,,,False,FlipSYTNotFound
122757,"{{1, 3, 8, 11, 14}, {2, 5, 9, 15}, {4, 7, 13}, {6, 10}, {12}}","{{1, 3, 4, 9, 10}, {2, 5, 6, 12}, {7, 11, 14}, {8, 15}, {13}}",False,,,,False,FlipSYTNotFound
122772,"{{1, 3, 8, 11, 14}, {2, 4, 9, 15}, {5, 6, 13}, {7, 10}, {12}}","{{1, 3, 4, 9, 11}, {2, 5, 6, 10}, {7, 12, 14}, {8, 15}, {13}}",False,,,,False,FlipSYTNotFound
122807,"{{1, 3, 7, 11, 14}, {2, 5, 9, 15}, {4, 8, 13}, {6, 10}, {12}}","{{1, 3, 4, 8, 10}, {2, 5, 6, 12}, {7, 11, 14}, {9, 15}, {13}}",False,,,,False,FlipSYTNotFound
122879,"{{1, 3, 6, 11, 14}, {2, 5, 9, 15}, {4, 8, 13}, {7, 10}, {12}}","{{1, 3, 4, 8, 9}, {2, 5, 6, 12}, {7, 11, 14}, {10, 15}, {13}}",False,,,,False,FlipSYTNotFound
123077,"{{1, 3, 6, 11, 14}, {2, 5, 8, 15}, {4, 9, 13}, {7, 10}, {12}}","{{1, 3, 4, 9, 12}, {2, 5, 6, 11}, {7, 13, 14}, {8, 15}, {10}}",False,,,,False,FlipSYTNotFound
123325,"{{1, 3, 9, 10, 14}, {2, 5, 11, 15}, {4, 7, 13}, {6, 8}, {12}}","{{1, 3, 4, 8, 10}, {2, 5, 7, 12}, {6, 9, 14}, {11, 15}, {13}}",False,,,,False,FlipSYTNotFound
123349,"{{1, 3, 9, 10, 14}, {2, 5, 11, 15}, {4, 6, 13}, {7, 8}, {12}}","{{1, 3, 4, 8, 9}, {2, 5, 7, 12}, {6, 10, 14}, {11, 15}, {13}}",False,,,,False,FlipSYTNotFound
123388,"{{1, 2, 8, 10, 14}, {3, 5, 11, 15}, {4, 7, 13}, {6, 9}, {12}}","{{1, 3, 4, 9, 10}, {2, 5, 7, 12}, {6, 8, 13}, {11, 15}, {14}}",False,,,,False,FlipSYTNotFound
123412,"{{1, 3, 8, 10, 14}, {2, 5, 11, 15}, {4, 7, 13}, {6, 9}, {12}}","{{1, 3, 4, 9, 10}, {2, 5, 7, 12}, {6, 8, 14}, {11, 15}, {13}}",False,,,,False,FlipSYTNotFound
123426,"{{1, 4, 8, 9, 14}, {2, 5, 11, 12}, {3, 7, 15}, {6, 13}, {10}}","{{1, 3, 5, 6, 10}, {2, 4, 9, 13}, {7, 8, 11}, {12, 14}, {15}}",False,,,,False,FlipSYTNotFound
123433,"{{1, 4, 8, 10, 14}, {2, 5, 11, 15}, {3, 7, 13}, {6, 9}, {12}}","{{1, 3, 4, 9, 10}, {2, 5, 7, 13}, {6, 8, 14}, {11, 15}, {12}}",False,,,,False,FlipSYTNotFound
123596,"{{1, 4, 8, 10, 12}, {2, 6, 9, 15}, {3, 11, 13}, {5, 14}, {7}}","{{1, 2, 5, 9, 11}, {3, 6, 7, 10}, {4, 12, 13}, {8, 14}, {15}}",False,,,,False,FlipSYTNotFound
123684,"{{1, 3, 4, 10, 14}, {2, 7, 11, 15}, {5, 8, 13}, {6, 9}, {12}}","{{1, 3, 4, 10, 14}, {2, 5, 7, 11}, {6, 8, 13}, {9, 15}, {12}}",False,,,,False,FlipSYTNotFound
123773,"{{1, 3, 6, 8, 14}, {2, 5, 11, 12}, {4, 9, 15}, {7, 13}, {10}}","{{1, 3, 5, 6, 9}, {2, 4, 7, 12}, {8, 10, 11}, {13, 14}, {15}}",False,,,,False,FlipSYTNotFound
123801,"{{1, 3, 4, 9, 14}, {2, 7, 11, 15}, {5, 8, 13}, {6, 10}, {12}}","{{1, 3, 4, 10, 14}, {2, 5, 6, 11}, {7, 8, 13}, {9, 15}, {12}}",False,,,,False,FlipSYTNotFound
123965,"{{1, 3, 8, 9, 14}, {2, 5, 11, 15}, {4, 7, 13}, {6, 10}, {12}}","{{1, 3, 4, 9, 10}, {2, 5, 6, 12}, {7, 8, 14}, {11, 15}, {13}}",False,,,,False,FlipSYTNotFound
124040,"{{1, 4, 8, 9, 12}, {2, 6, 10, 15}, {3, 11, 13}, {5, 14}, {7}}","{{1, 2, 5, 9, 11}, {3, 6, 8, 10}, {4, 12, 13}, {7, 14}, {15}}",False,,,,False,FlipSYTNotFound
124043,"{{1, 4, 8, 9, 14}, {2, 5, 11, 15}, {3, 7, 13}, {6, 10}, {12}}","{{1, 3, 4, 9, 10}, {2, 5, 6, 13}, {7, 8, 14}, {11, 15}, {12}}",False,,,,False,FlipSYTNotFound
124072,"{{1, 4, 5, 7, 14}, {2, 6, 11, 12}, {3, 8, 15}, {9, 13}, {10}}","{{1, 3, 5, 6, 13}, {2, 4, 7, 14}, {8, 10, 12}, {9, 15}, {11}}",False,,,,False,FlipSYTNotFound
124131,"{{1, 5, 6, 9, 12}, {2, 8, 10, 15}, {3, 11, 13}, {4, 14}, {7}}","{{1, 2, 5, 9, 12}, {3, 6, 8, 11}, {4, 10, 13}, {7, 14}, {15}}",False,,,,False,FlipSYTNotFound
124153,"{{1, 3, 4, 8, 14}, {2, 7, 11, 15}, {5, 9, 13}, {6, 10}, {12}}","{{1, 3, 4, 10, 14}, {2, 5, 6, 11}, {7, 9, 13}, {8, 15}, {12}}",False,,,,False,FlipSYTNotFound
124196,"{{1, 3, 5, 8, 14}, {2, 6, 11, 15}, {4, 9, 13}, {7, 10}, {12}}","{{1, 3, 4, 9, 14}, {2, 5, 6, 12}, {7, 10, 13}, {8, 15}, {11}}",False,,,,False,FlipSYTNotFound
124241,"{{1, 3, 5, 7, 14}, {2, 8, 11, 15}, {4, 9, 13}, {6, 10}, {12}}","{{1, 3, 4, 10, 14}, {2, 5, 6, 12}, {7, 11, 13}, {8, 15}, {9}}",False,,,,False,FlipSYTNotFound
124267,"{{1, 3, 6, 8, 12}, {2, 9, 10, 15}, {4, 11, 13}, {5, 14}, {7}}","{{1, 2, 5, 9, 14}, {3, 6, 7, 11}, {4, 10, 12}, {8, 13}, {15}}",False,,,,False,FlipSYTNotFound
124413,"{{1, 3, 6, 8, 14}, {2, 4, 11, 15}, {5, 7, 13}, {9, 10}, {12}}","{{1, 3, 4, 7, 14}, {2, 5, 6, 11}, {8, 9, 12}, {10, 15}, {13}}",False,,,,False,FlipSYTNotFound
124433,"{{1, 5, 6, 8, 12}, {2, 7, 10, 15}, {3, 11, 13}, {4, 14}, {9}}","{{1, 2, 5, 7, 12}, {3, 6, 9, 11}, {4, 10, 13}, {8, 14}, {15}}",False,,,,False,FlipSYTNotFound
124652,"{{1, 3, 7, 10, 14}, {2, 5, 9, 15}, {4, 8, 13}, {6, 11}, {12}}","{{1, 3, 4, 8, 10}, {2, 5, 7, 12}, {6, 11, 14}, {9, 15}, {13}}",False,,,,False,FlipSYTNotFound
124664,"{{1, 3, 6, 10, 15}, {2, 5, 9, 12}, {4, 8, 14}, {7, 13}, {11}}","{{1, 2, 3, 5, 9}, {4, 7, 8, 12}, {6, 10, 11}, {13, 14}, {15}}",False,,,,False,FlipSYTNotFound
124665,"{{1, 3, 8, 10, 14}, {2, 4, 9, 15}, {5, 6, 13}, {7, 11}, {12}}","{{1, 3, 4, 9, 11}, {2, 5, 7, 10}, {6, 12, 14}, {8, 15}, {13}}",False,,,,False,FlipSYTNotFound
124668,"{{1, 3, 8, 10, 14}, {2, 5, 9, 15}, {4, 7, 13}, {6, 11}, {12}}","{{1, 3, 4, 9, 10}, {2, 5, 7, 12}, {6, 11, 14}, {8, 15}, {13}}",False,,,,False,FlipSYTNotFound
124773,"{{1, 3, 4, 10, 14}, {2, 5, 9, 15}, {6, 8, 13}, {7, 11}, {12}}","{{1, 3, 4, 8, 9}, {2, 5, 7, 10}, {6, 13, 14}, {11, 15}, {12}}",False,,,,False,FlipSYTNotFound
124786,"{{1, 3, 6, 10, 14}, {2, 5, 9, 15}, {4, 8, 13}, {7, 11}, {12}}","{{1, 3, 4, 8, 9}, {2, 5, 7, 12}, {6, 11, 14}, {10, 15}, {13}}",False,,,,False,FlipSYTNotFound
124986,"{{1, 3, 6, 10, 14}, {2, 5, 8, 15}, {4, 9, 13}, {7, 11}, {12}}","{{1, 3, 4, 9, 12}, {2, 5, 7, 11}, {6, 13, 14}, {8, 15}, {10}}",False,,,,False,FlipSYTNotFound
125107,"{{1, 2, 5, 10, 14}, {3, 4, 6, 15}, {7, 9, 13}, {8, 11}, {12}}","{{1, 3, 4, 8, 13}, {2, 5, 7, 9}, {6, 12, 15}, {10, 14}, {11}}",False,,,,False,FlipSYTNotFound
125121,"{{1, 3, 6, 7, 12}, {2, 8, 9, 15}, {4, 11, 13}, {5, 14}, {10}}","{{1, 2, 5, 6, 14}, {3, 7, 8, 11}, {4, 10, 12}, {9, 13}, {15}}",False,,,,False,FlipSYTNotFound
125167,"{{1, 4, 5, 10, 15}, {2, 6, 8, 12}, {3, 7, 14}, {9, 13}, {11}}","{{1, 2, 3, 5, 13}, {4, 7, 9, 14}, {6, 8, 12}, {10, 15}, {11}}",False,,,,False,FlipSYTNotFound
125253,"{{1, 4, 5, 7, 14}, {2, 6, 10, 12}, {3, 11, 15}, {8, 13}, {9}}","{{1, 3, 5, 7, 13}, {2, 4, 8, 14}, {6, 10, 12}, {9, 11}, {15}}",False,,,,False,FlipSYTNotFound
125284,"{{1, 3, 8, 9, 14}, {2, 5, 10, 15}, {4, 7, 13}, {6, 11}, {12}}","{{1, 3, 4, 9, 10}, {2, 5, 8, 12}, {6, 11, 14}, {7, 15}, {13}}",False,,,,False,FlipSYTNotFound
125293,"{{1, 3, 8, 9, 14}, {2, 4, 10, 15}, {5, 6, 13}, {7, 11}, {12}}","{{1, 3, 4, 9, 11}, {2, 5, 8, 10}, {6, 12, 14}, {7, 15}, {13}}",False,,,,False,FlipSYTNotFound
125294,"{{1, 4, 5, 10, 15}, {2, 6, 7, 12}, {3, 8, 14}, {9, 13}, {11}}","{{1, 2, 3, 5, 13}, {4, 7, 10, 14}, {6, 8, 12}, {9, 15}, {11}}",False,,,,False,FlipSYTNotFound
125343,"{{1, 3, 5, 6, 14}, {2, 7, 10, 12}, {4, 11, 15}, {8, 13}, {9}}","{{1, 3, 5, 7, 12}, {2, 4, 8, 14}, {6, 9, 13}, {10, 11}, {15}}",False,,,,False,FlipSYTNotFound
125419,"{{1, 3, 4, 9, 14}, {2, 7, 10, 15}, {5, 8, 13}, {6, 11}, {12}}","{{1, 3, 4, 10, 14}, {2, 5, 8, 11}, {6, 9, 13}, {7, 15}, {12}}",False,,,,False,FlipSYTNotFound
125426,"{{1, 3, 6, 9, 15}, {2, 5, 10, 12}, {4, 8, 14}, {7, 13}, {11}}","{{1, 2, 3, 5, 9}, {4, 6, 8, 12}, {7, 10, 11}, {13, 14}, {15}}",False,,,,False,FlipSYTNotFound
125434,"{{1, 3, 5, 9, 14}, {2, 6, 10, 15}, {4, 8, 13}, {7, 11}, {12}}","{{1, 3, 4, 9, 14}, {2, 5, 8, 12}, {6, 10, 13}, {7, 15}, {11}}",False,,,,False,FlipSYTNotFound
125442,"{{1, 3, 5, 9, 14}, {2, 4, 10, 15}, {6, 8, 13}, {7, 11}, {12}}","{{1, 3, 4, 9, 14}, {2, 5, 8, 10}, {6, 11, 12}, {7, 15}, {13}}",False,,,,False,FlipSYTNotFound
125482,"{{1, 3, 7, 9, 14}, {2, 4, 10, 15}, {5, 6, 13}, {8, 11}, {12}}","{{1, 3, 4, 8, 11}, {2, 5, 9, 10}, {6, 12, 14}, {7, 15}, {13}}",False,,,,False,FlipSYTNotFound
125522,"{{1, 3, 4, 9, 14}, {2, 5, 10, 15}, {6, 7, 13}, {8, 11}, {12}}","{{1, 3, 4, 8, 14}, {2, 5, 9, 10}, {6, 11, 13}, {7, 15}, {12}}",False,,,,False,FlipSYTNotFound
125540,"{{1, 3, 4, 8, 14}, {2, 7, 10, 15}, {5, 9, 13}, {6, 11}, {12}}","{{1, 3, 4, 10, 14}, {2, 5, 7, 11}, {6, 9, 13}, {8, 15}, {12}}",False,,,,False,FlipSYTNotFound
125626,"{{1, 2, 3, 10, 12}, {4, 7, 9, 15}, {5, 8, 13}, {6, 14}, {11}}","{{1, 2, 5, 8, 10}, {3, 6, 7, 11}, {4, 9, 15}, {12, 14}, {13}}",False,,,,False,FlipSYTNotFound
125703,"{{1, 2, 5, 8, 14}, {3, 6, 9, 12}, {4, 11, 15}, {7, 13}, {10}}","{{1, 3, 5, 6, 12}, {2, 4, 9, 15}, {7, 10, 13}, {8, 11}, {14}}",False,,,,False,FlipSYTNotFound
125709,"{{1, 3, 6, 8, 15}, {2, 5, 10, 12}, {4, 9, 14}, {7, 13}, {11}}","{{1, 2, 3, 5, 9}, {4, 6, 7, 12}, {8, 10, 11}, {13, 14}, {15}}",False,,,,False,FlipSYTNotFound
125713,"{{1, 3, 4, 6, 14}, {2, 8, 10, 15}, {5, 9, 13}, {7, 11}, {12}}","{{1, 3, 4, 9, 14}, {2, 5, 7, 11}, {6, 12, 13}, {8, 15}, {10}}",False,,,,False,FlipSYTNotFound
125833,"{{1, 2, 4, 10, 12}, {3, 5, 9, 15}, {6, 7, 13}, {8, 14}, {11}}","{{1, 2, 5, 8, 10}, {3, 6, 7, 13}, {4, 9, 15}, {11, 14}, {12}}",False,,,,False,FlipSYTNotFound
125934,"{{1, 3, 7, 8, 14}, {2, 4, 10, 15}, {5, 6, 13}, {9, 11}, {12}}","{{1, 3, 4, 7, 11}, {2, 5, 9, 10}, {6, 12, 14}, {8, 15}, {13}}",False,,,,False,FlipSYTNotFound
126177,"{{1, 4, 5, 7, 15}, {2, 6, 10, 12}, {3, 8, 14}, {9, 13}, {11}}","{{1, 2, 3, 5, 13}, {4, 6, 7, 14}, {8, 10, 12}, {9, 15}, {11}}",False,,,,False,FlipSYTNotFound
126186,"{{1, 3, 6, 9, 14}, {2, 5, 8, 15}, {4, 10, 13}, {7, 11}, {12}}","{{1, 3, 4, 9, 12}, {2, 5, 8, 11}, {6, 13, 14}, {7, 15}, {10}}",False,,,,False,FlipSYTNotFound
126674,"{{1, 4, 5, 10, 14}, {2, 6, 8, 12}, {3, 7, 15}, {9, 13}, {11}}","{{1, 3, 5, 9, 13}, {2, 4, 7, 14}, {6, 8, 12}, {10, 15}, {11}}",False,,,,False,FlipSYTNotFound
126692,"{{1, 2, 6, 8, 14}, {3, 5, 7, 15}, {4, 10, 13}, {9, 11}, {12}}","{{1, 3, 4, 7, 12}, {2, 5, 9, 11}, {6, 13, 15}, {8, 14}, {10}}",False,,,,False,FlipSYTNotFound
126942,"{{1, 2, 3, 5, 14}, {4, 6, 7, 15}, {8, 10, 13}, {9, 11}, {12}}","{{1, 3, 4, 7, 15}, {2, 5, 8, 12}, {6, 10, 14}, {9, 13}, {11}}",True,20,20,1.28593714319284673101E-1,False,DistanceAboveTolerance
127051,"{{1, 3, 6, 9, 14}, {2, 5, 7, 15}, {4, 8, 13}, {10, 11}, {12}}","{{1, 3, 4, 6, 12}, {2, 5, 8, 11}, {7, 13, 14}, {9, 15}, {10}}",False,,,,False,FlipSYTNotFound
127334,"{{1, 4, 5, 9, 15}, {2, 6, 8, 12}, {3, 7, 14}, {10, 13}, {11}}","{{1, 2, 3, 5, 13}, {4, 6, 9, 14}, {7, 8, 12}, {10, 15}, {11}}",False,,,,False,FlipSYTNotFound
127348,"{{1, 2, 6, 8, 14}, {3, 5, 7, 15}, {4, 9, 13}, {10, 11}, {12}}","{{1, 3, 4, 6, 12}, {2, 5, 9, 11}, {7, 13, 15}, {8, 14}, {10}}",False,,,,False,FlipSYTNotFound
127412,"{{1, 4, 5, 9, 15}, {2, 6, 7, 12}, {3, 8, 14}, {10, 13}, {11}}","{{1, 2, 3, 5, 13}, {4, 6, 10, 14}, {7, 8, 12}, {9, 15}, {11}}",False,,,,False,FlipSYTNotFound
127511,"{{1, 4, 5, 8, 15}, {2, 6, 9, 12}, {3, 7, 14}, {10, 13}, {11}}","{{1, 2, 3, 5, 13}, {4, 6, 9, 14}, {7, 10, 12}, {8, 15}, {11}}",False,,,,False,FlipSYTNotFound
127529,"{{1, 4, 5, 7, 14}, {2, 6, 10, 12}, {3, 8, 15}, {9, 13}, {11}}","{{1, 3, 5, 7, 13}, {2, 4, 6, 14}, {8, 10, 12}, {9, 15}, {11}}",False,,,,False,FlipSYTNotFound
127563,"{{1, 4, 5, 7, 15}, {2, 6, 9, 12}, {3, 8, 14}, {10, 13}, {11}}","{{1, 2, 3, 5, 13}, {4, 6, 8, 14}, {7, 10, 12}, {9, 15}, {11}}",False,,,,False,FlipSYTNotFound
127766,"{{1, 5, 8, 12, 14}, {2, 6, 10, 15}, {3, 9, 11}, {4, 13}, {7}}","{{1, 3, 5, 7, 9}, {2, 4, 10, 12}, {6, 11, 13}, {8, 14}, {15}}",False,,,,False,FlipSYTNotFound
127794,"{{1, 4, 5, 8, 15}, {2, 6, 7, 12}, {3, 9, 14}, {10, 13}, {11}}","{{1, 2, 3, 5, 13}, {4, 6, 10, 14}, {7, 9, 12}, {8, 15}, {11}}",False,,,,False,FlipSYTNotFound
128211,"{{1, 3, 4, 10, 15}, {2, 8, 9, 11}, {5, 12, 14}, {6, 13}, {7}}","{{1, 2, 3, 8, 9}, {4, 7, 10, 14}, {5, 11, 13}, {6, 12}, {15}}",False,,,,False,FlipSYTNotFound
128526,"{{1, 4, 5, 9, 14}, {2, 6, 8, 12}, {3, 7, 15}, {10, 13}, {11}}","{{1, 3, 5, 9, 13}, {2, 4, 6, 14}, {7, 8, 12}, {10, 15}, {11}}",False,,,,False,FlipSYTNotFound
128600,"{{1, 4, 5, 7, 14}, {2, 6, 9, 12}, {3, 8, 15}, {10, 13}, {11}}","{{1, 3, 5, 8, 13}, {2, 4, 6, 14}, {7, 10, 12}, {9, 15}, {11}}",False,,,,False,FlipSYTNotFound
128690,"{{1, 4, 7, 10, 11}, {2, 6, 12, 15}, {3, 9, 13}, {5, 14}, {8}}","{{1, 2, 7, 8, 11}, {3, 6, 9, 10}, {4, 12, 13}, {5, 14}, {15}}",False,,,,False,FlipSYTNotFound
128729,"{{1, 4, 5, 8, 14}, {2, 6, 9, 12}, {3, 7, 15}, {10, 13}, {11}}","{{1, 3, 5, 9, 13}, {2, 4, 6, 14}, {7, 10, 12}, {8, 15}, {11}}",False,,,,False,FlipSYTNotFound
128757,"{{1, 3, 6, 10, 11}, {2, 7, 12, 15}, {4, 9, 13}, {5, 14}, {8}}","{{1, 2, 7, 8, 14}, {3, 6, 9, 11}, {4, 10, 12}, {5, 13}, {15}}",False,,,,False,FlipSYTNotFound
129175,"{{1, 4, 8, 9, 11}, {2, 6, 12, 15}, {3, 10, 13}, {5, 14}, {7}}","{{1, 2, 6, 9, 11}, {3, 7, 8, 10}, {4, 12, 13}, {5, 14}, {15}}",False,,,,False,FlipSYTNotFound
129277,"{{1, 2, 4, 12, 14}, {3, 5, 8, 15}, {6, 7, 11}, {9, 13}, {10}}","{{1, 3, 5, 6, 10}, {2, 4, 7, 13}, {8, 9, 15}, {11, 14}, {12}}",False,,,,False,FlipSYTNotFound
129317,"{{1, 3, 4, 10, 14}, {2, 8, 9, 11}, {5, 12, 15}, {6, 13}, {7}}","{{1, 3, 7, 8, 9}, {2, 4, 10, 14}, {5, 11, 13}, {6, 12}, {15}}",False,,,,False,FlipSYTNotFound
129334,"{{1, 2, 5, 12, 14}, {3, 4, 7, 15}, {6, 8, 11}, {9, 13}, {10}}","{{1, 3, 5, 6, 10}, {2, 4, 7, 13}, {8, 12, 15}, {9, 14}, {11}}",False,,,,False,FlipSYTNotFound
129357,"{{1, 6, 7, 8, 11}, {2, 9, 12, 15}, {3, 10, 13}, {4, 14}, {5}}","{{1, 2, 6, 10, 11}, {3, 7, 9, 12}, {4, 8, 13}, {5, 14}, {15}}",False,,,,False,FlipSYTNotFound
129529,"{{1, 3, 6, 10, 14}, {2, 5, 7, 11}, {4, 12, 15}, {8, 13}, {9}}","{{1, 3, 7, 11, 12}, {2, 4, 8, 14}, {5, 9, 13}, {6, 10}, {15}}",False,,,,False,FlipSYTNotFound
129553,"{{1, 2, 4, 12, 14}, {3, 5, 9, 15}, {6, 7, 10}, {8, 13}, {11}}","{{1, 3, 5, 8, 10}, {2, 4, 6, 13}, {7, 9, 15}, {11, 14}, {12}}",False,,,,False,FlipSYTNotFound
129559,"{{1, 4, 5, 10, 14}, {2, 6, 7, 11}, {3, 12, 15}, {8, 13}, {9}}","{{1, 3, 7, 10, 13}, {2, 4, 8, 14}, {5, 9, 12}, {6, 11}, {15}}",False,,,,False,FlipSYTNotFound
129695,"{{1, 3, 4, 9, 14}, {2, 8, 10, 11}, {5, 12, 15}, {6, 13}, {7}}","{{1, 3, 6, 8, 9}, {2, 4, 10, 14}, {5, 11, 13}, {7, 12}, {15}}",False,,,,False,FlipSYTNotFound
129853,"{{1, 2, 4, 6, 11}, {3, 7, 12, 15}, {5, 10, 13}, {8, 14}, {9}}","{{1, 2, 6, 7, 15}, {3, 8, 11, 13}, {4, 9, 12}, {5, 10}, {14}}",False,,,,False,FlipSYTNotFound
129864,"{{1, 2, 4, 12, 14}, {3, 5, 8, 15}, {6, 7, 10}, {9, 13}, {11}}","{{1, 3, 5, 7, 10}, {2, 4, 6, 13}, {8, 9, 15}, {11, 14}, {12}}",False,,,,False,FlipSYTNotFound
129928,"{{1, 3, 5, 12, 14}, {2, 6, 8, 15}, {4, 7, 9}, {10, 13}, {11}}","{{1, 3, 5, 9, 12}, {2, 4, 6, 14}, {7, 10, 15}, {8, 13}, {11}}",False,,,,False,FlipSYTNotFound
129956,"{{1, 2, 4, 12, 14}, {3, 6, 8, 15}, {5, 7, 9}, {10, 13}, {11}}","{{1, 3, 5, 9, 11}, {2, 4, 6, 13}, {7, 10, 15}, {8, 14}, {12}}",False,,,,False,FlipSYTNotFound
130018,"{{1, 2, 5, 12, 14}, {3, 4, 7, 15}, {6, 8, 9}, {10, 13}, {11}}","{{1, 3, 5, 8, 10}, {2, 4, 6, 13}, {7, 12, 15}, {9, 14}, {11}}",False,,,,False,FlipSYTNotFound
130254,"{{1, 5, 8, 11, 14}, {2, 6, 10, 15}, {3, 9, 12}, {4, 13}, {7}}","{{1, 3, 6, 7, 9}, {2, 4, 10, 12}, {5, 11, 13}, {8, 14}, {15}}",False,,,,False,FlipSYTNotFound
130288,"{{1, 4, 5, 6, 15}, {2, 7, 8, 11}, {3, 12, 14}, {9, 13}, {10}}","{{1, 2, 3, 6, 13}, {4, 7, 9, 14}, {5, 8, 12}, {10, 11}, {15}}",False,,,,False,FlipSYTNotFound
130448,"{{1, 2, 5, 9, 14}, {3, 4, 8, 11}, {6, 12, 15}, {7, 13}, {10}}","{{1, 3, 6, 9, 13}, {2, 4, 8, 15}, {5, 10, 12}, {7, 11}, {14}}",False,,,,False,FlipSYTNotFound
130461,"{{1, 4, 5, 9, 14}, {2, 6, 7, 11}, {3, 12, 15}, {8, 13}, {10}}","{{1, 3, 6, 10, 13}, {2, 4, 8, 14}, {5, 9, 12}, {7, 11}, {15}}",False,,,,False,FlipSYTNotFound
130697,"{{1, 2, 4, 11, 14}, {3, 5, 10, 15}, {6, 7, 12}, {8, 13}, {9}}","{{1, 3, 6, 7, 10}, {2, 4, 8, 13}, {5, 9, 15}, {11, 14}, {12}}",False,,,,False,FlipSYTNotFound
130728,"{{1, 4, 8, 9, 10}, {2, 6, 12, 15}, {3, 11, 13}, {5, 14}, {7}}","{{1, 2, 5, 9, 11}, {3, 7, 8, 10}, {4, 12, 13}, {6, 14}, {15}}",False,,,,False,FlipSYTNotFound
130797,"{{1, 5, 6, 9, 10}, {2, 8, 12, 15}, {3, 11, 13}, {4, 14}, {7}}","{{1, 2, 5, 9, 12}, {3, 7, 8, 11}, {4, 10, 13}, {6, 14}, {15}}",False,,,,False,FlipSYTNotFound
131157,"{{1, 2, 3, 6, 14}, {4, 5, 7, 11}, {8, 12, 15}, {9, 13}, {10}}","{{1, 3, 6, 11, 12}, {2, 4, 7, 15}, {5, 8, 14}, {9, 13}, {10}}",False,,,,False,FlipSYTNotFound
131251,"{{1, 2, 5, 9, 14}, {3, 4, 8, 10}, {6, 12, 15}, {7, 13}, {11}}","{{1, 3, 5, 9, 13}, {2, 4, 8, 15}, {6, 10, 12}, {7, 11}, {14}}",False,,,,False,FlipSYTNotFound
131404,"{{1, 2, 4, 6, 10}, {3, 7, 12, 15}, {5, 11, 13}, {8, 14}, {9}}","{{1, 2, 5, 7, 15}, {3, 8, 11, 13}, {4, 9, 12}, {6, 10}, {14}}",False,,,,False,FlipSYTNotFound
131446,"{{1, 2, 4, 11, 14}, {3, 5, 9, 15}, {6, 7, 12}, {8, 13}, {10}}","{{1, 3, 6, 8, 10}, {2, 4, 7, 13}, {5, 9, 15}, {11, 14}, {12}}",False,,,,False,FlipSYTNotFound
131690,"{{1, 2, 3, 6, 15}, {4, 5, 7, 9}, {8, 12, 14}, {10, 13}, {11}}","{{1, 2, 3, 5, 12}, {4, 6, 11, 15}, {7, 8, 14}, {9, 13}, {10}}",False,,,,False,FlipSYTNotFound
131726,"{{1, 2, 3, 5, 15}, {4, 6, 7, 8}, {9, 12, 14}, {10, 13}, {11}}","{{1, 2, 3, 5, 12}, {4, 6, 10, 15}, {7, 9, 14}, {8, 13}, {11}}",False,,,,False,FlipSYTNotFound
131925,"{{1, 3, 6, 10, 15}, {2, 5, 9, 11}, {4, 8, 14}, {7, 13}, {12}}","{{1, 2, 3, 4, 9}, {5, 7, 8, 12}, {6, 10, 11}, {13, 14}, {15}}",False,,,,False,FlipSYTNotFound
131980,"{{1, 2, 3, 6, 14}, {4, 5, 7, 10}, {8, 12, 15}, {9, 13}, {11}}","{{1, 3, 5, 11, 12}, {2, 4, 7, 15}, {6, 8, 14}, {9, 13}, {10}}",False,,,,False,FlipSYTNotFound
132078,"{{1, 5, 6, 10, 14}, {2, 8, 11, 15}, {3, 9, 12}, {4, 13}, {7}}","{{1, 3, 7, 9, 12}, {2, 4, 8, 11}, {5, 10, 13}, {6, 14}, {15}}",False,,,,False,FlipSYTNotFound
132155,"{{1, 2, 7, 10, 15}, {3, 4, 8, 11}, {5, 9, 14}, {6, 13}, {12}}","{{1, 2, 3, 4, 13}, {5, 7, 10, 15}, {6, 8, 11}, {9, 12}, {14}}",False,,,,False,FlipSYTNotFound
132301,"{{1, 2, 3, 6, 14}, {4, 5, 7, 8}, {9, 12, 15}, {10, 13}, {11}}","{{1, 3, 5, 11, 12}, {2, 4, 6, 15}, {7, 9, 14}, {8, 13}, {10}}",False,,,,False,FlipSYTNotFound
132388,"{{1, 4, 5, 10, 15}, {2, 6, 8, 11}, {3, 7, 14}, {9, 13}, {12}}","{{1, 2, 3, 4, 13}, {5, 7, 9, 14}, {6, 8, 12}, {10, 15}, {11}}",False,,,,False,FlipSYTNotFound
132475,"{{1, 4, 5, 10, 15}, {2, 6, 7, 11}, {3, 8, 14}, {9, 13}, {12}}","{{1, 2, 3, 4, 13}, {5, 7, 10, 14}, {6, 8, 12}, {9, 15}, {11}}",False,,,,False,FlipSYTNotFound
132582,"{{1, 5, 6, 9, 14}, {2, 8, 11, 15}, {3, 10, 12}, {4, 13}, {7}}","{{1, 3, 6, 9, 12}, {2, 4, 8, 11}, {5, 10, 13}, {7, 14}, {15}}",False,,,,False,FlipSYTNotFound
132679,"{{1, 3, 6, 9, 14}, {2, 7, 11, 15}, {4, 10, 12}, {5, 13}, {8}}","{{1, 3, 6, 8, 14}, {2, 4, 9, 11}, {5, 10, 12}, {7, 13}, {15}}",False,,,,False,FlipSYTNotFound
132785,"{{1, 4, 5, 10, 14}, {2, 6, 8, 11}, {3, 7, 15}, {9, 13}, {12}}","{{1, 3, 4, 9, 13}, {2, 5, 7, 14}, {6, 8, 12}, {10, 15}, {11}}",False,,,,False,FlipSYTNotFound
132911,"{{1, 3, 6, 8, 15}, {2, 5, 10, 11}, {4, 9, 14}, {7, 13}, {12}}","{{1, 2, 3, 4, 9}, {5, 6, 7, 12}, {8, 10, 11}, {13, 14}, {15}}",False,,,,False,FlipSYTNotFound
132976,"{{1, 5, 6, 8, 14}, {2, 7, 11, 15}, {3, 10, 12}, {4, 13}, {9}}","{{1, 3, 6, 7, 12}, {2, 4, 9, 11}, {5, 10, 13}, {8, 14}, {15}}",False,,,,False,FlipSYTNotFound
133054,"{{1, 3, 4, 9, 14}, {2, 7, 10, 11}, {5, 8, 15}, {6, 13}, {12}}","{{1, 3, 4, 8, 10}, {2, 5, 6, 14}, {7, 9, 11}, {12, 13}, {15}}",False,,,,False,FlipSYTNotFound
133103,"{{1, 4, 6, 7, 14}, {2, 5, 11, 15}, {3, 10, 12}, {8, 13}, {9}}","{{1, 3, 6, 7, 13}, {2, 4, 8, 11}, {5, 10, 14}, {9, 12}, {15}}",False,,,,False,FlipSYTNotFound
133203,"{{1, 3, 4, 5, 10}, {2, 6, 12, 15}, {7, 8, 13}, {9, 14}, {11}}","{{1, 2, 5, 9, 14}, {3, 7, 12, 13}, {4, 8, 15}, {6, 10}, {11}}",False,,,,False,FlipSYTNotFound
133214,"{{1, 3, 6, 8, 14}, {2, 5, 10, 11}, {4, 9, 15}, {7, 13}, {12}}","{{1, 3, 4, 7, 9}, {2, 5, 6, 12}, {8, 10, 11}, {13, 14}, {15}}",False,,,,False,FlipSYTNotFound
133399,"{{1, 4, 5, 7, 15}, {2, 6, 10, 11}, {3, 8, 14}, {9, 13}, {12}}","{{1, 2, 3, 4, 13}, {5, 6, 7, 14}, {8, 10, 12}, {9, 15}, {11}}",False,,,,False,FlipSYTNotFound
133511,"{{1, 2, 6, 8, 14}, {3, 5, 10, 11}, {4, 7, 15}, {9, 13}, {12}}","{{1, 3, 4, 7, 12}, {2, 5, 6, 13}, {8, 9, 11}, {10, 15}, {14}}",False,,,,False,FlipSYTNotFound
133596,"{{1, 4, 5, 7, 14}, {2, 6, 10, 11}, {3, 8, 15}, {9, 13}, {12}}","{{1, 3, 4, 7, 13}, {2, 5, 6, 14}, {8, 10, 12}, {9, 15}, {11}}",False,,,,False,FlipSYTNotFound
133695,"{{1, 2, 4, 7, 8}, {3, 5, 12, 15}, {6, 10, 13}, {9, 14}, {11}}","{{1, 2, 5, 7, 15}, {3, 6, 10, 13}, {4, 9, 14}, {8, 11}, {12}}",False,,,,False,FlipSYTNotFound
134351,"{{1, 4, 8, 10, 11}, {2, 6, 9, 15}, {3, 12, 13}, {5, 14}, {7}}","{{1, 2, 4, 9, 11}, {3, 6, 7, 10}, {5, 12, 13}, {8, 14}, {15}}",False,,,,False,FlipSYTNotFound
134529,"{{1, 4, 5, 9, 14}, {2, 6, 8, 11}, {3, 7, 15}, {10, 13}, {12}}","{{1, 3, 4, 9, 13}, {2, 5, 6, 14}, {7, 8, 12}, {10, 15}, {11}}",False,,,,False,FlipSYTNotFound
134561,"{{1, 4, 5, 9, 15}, {2, 6, 8, 11}, {3, 7, 14}, {10, 13}, {12}}","{{1, 2, 3, 4, 13}, {5, 6, 9, 14}, {7, 8, 12}, {10, 15}, {11}}",False,,,,False,FlipSYTNotFound
134630,"{{1, 4, 5, 9, 15}, {2, 6, 7, 11}, {3, 8, 14}, {10, 13}, {12}}","{{1, 2, 3, 4, 13}, {5, 6, 10, 14}, {7, 8, 12}, {9, 15}, {11}}",False,,,,False,FlipSYTNotFound
134665,"{{1, 4, 5, 8, 14}, {2, 6, 9, 11}, {3, 7, 15}, {10, 13}, {12}}","{{1, 3, 4, 9, 13}, {2, 5, 6, 14}, {7, 10, 12}, {8, 15}, {11}}",False,,,,False,FlipSYTNotFound
134678,"{{1, 5, 6, 9, 14}, {2, 8, 10, 15}, {3, 11, 12}, {4, 13}, {7}}","{{1, 3, 5, 9, 12}, {2, 4, 8, 11}, {6, 10, 13}, {7, 14}, {15}}",False,,,,False,FlipSYTNotFound
134691,"{{1, 4, 8, 9, 14}, {2, 6, 10, 15}, {3, 11, 12}, {5, 13}, {7}}","{{1, 3, 5, 9, 11}, {2, 4, 8, 10}, {6, 12, 13}, {7, 14}, {15}}",False,,,,False,FlipSYTNotFound
134742,"{{1, 4, 5, 7, 14}, {2, 6, 9, 11}, {3, 8, 15}, {10, 13}, {12}}","{{1, 3, 4, 8, 13}, {2, 5, 6, 14}, {7, 10, 12}, {9, 15}, {11}}",False,,,,False,FlipSYTNotFound
134776,"{{1, 3, 6, 9, 14}, {2, 8, 10, 15}, {4, 11, 12}, {5, 13}, {7}}","{{1, 3, 5, 9, 14}, {2, 4, 8, 11}, {6, 10, 12}, {7, 13}, {15}}",False,,,,False,FlipSYTNotFound
134795,"{{1, 4, 5, 8, 15}, {2, 6, 9, 11}, {3, 7, 14}, {10, 13}, {12}}","{{1, 2, 3, 4, 13}, {5, 6, 9, 14}, {7, 10, 12}, {8, 15}, {11}}",False,,,,False,FlipSYTNotFound
134906,"{{1, 4, 5, 7, 15}, {2, 6, 9, 11}, {3, 8, 14}, {10, 13}, {12}}","{{1, 2, 3, 4, 13}, {5, 6, 8, 14}, {7, 10, 12}, {9, 15}, {11}}",False,,,,False,FlipSYTNotFound
134983,"{{1, 3, 6, 9, 11}, {2, 7, 10, 15}, {4, 12, 13}, {5, 14}, {8}}","{{1, 2, 4, 8, 14}, {3, 6, 9, 11}, {5, 10, 12}, {7, 13}, {15}}",False,,,,False,FlipSYTNotFound
134985,"{{1, 4, 5, 8, 15}, {2, 6, 7, 11}, {3, 9, 14}, {10, 13}, {12}}","{{1, 2, 3, 4, 13}, {5, 6, 10, 14}, {7, 9, 12}, {8, 15}, {11}}",False,,,,False,FlipSYTNotFound
135071,"{{1, 3, 6, 8, 11}, {2, 9, 10, 15}, {4, 12, 13}, {5, 14}, {7}}","{{1, 2, 4, 9, 14}, {3, 6, 7, 11}, {5, 10, 12}, {8, 13}, {15}}",False,,,,False,FlipSYTNotFound
135322,"{{1, 2, 5, 9, 14}, {3, 4, 8, 10}, {6, 11, 15}, {7, 13}, {12}}","{{1, 3, 4, 9, 13}, {2, 5, 8, 15}, {6, 10, 12}, {7, 11}, {14}}",False,,,,False,FlipSYTNotFound
135618,"{{1, 5, 6, 8, 14}, {2, 7, 9, 15}, {3, 11, 12}, {4, 13}, {10}}","{{1, 3, 5, 6, 12}, {2, 4, 9, 11}, {7, 10, 13}, {8, 14}, {15}}",False,,,,False,FlipSYTNotFound
136054,"{{1, 2, 3, 6, 14}, {4, 5, 7, 10}, {8, 11, 15}, {9, 13}, {12}}","{{1, 3, 4, 11, 12}, {2, 5, 7, 15}, {6, 8, 14}, {9, 13}, {10}}",False,,,,False,FlipSYTNotFound
136241,"{{1, 2, 3, 6, 14}, {4, 5, 7, 8}, {9, 11, 15}, {10, 13}, {12}}","{{1, 3, 4, 11, 12}, {2, 5, 6, 15}, {7, 9, 14}, {8, 13}, {10}}",False,,,,False,FlipSYTNotFound
136317,"{{1, 3, 6, 9, 10}, {2, 8, 11, 15}, {4, 12, 13}, {5, 14}, {7}}","{{1, 2, 4, 9, 14}, {3, 7, 8, 11}, {5, 10, 12}, {6, 13}, {15}}",False,,,,False,FlipSYTNotFound
136325,"{{1, 4, 5, 9, 14}, {2, 6, 8, 10}, {3, 7, 15}, {11, 13}, {12}}","{{1, 3, 4, 9, 13}, {2, 5, 8, 14}, {6, 10, 12}, {7, 15}, {11}}",False,,,,False,FlipSYTNotFound
136352,"{{1, 5, 6, 9, 10}, {2, 8, 11, 15}, {3, 12, 13}, {4, 14}, {7}}","{{1, 2, 4, 9, 12}, {3, 7, 8, 11}, {5, 10, 13}, {6, 14}, {15}}",False,,,,False,FlipSYTNotFound
136484,"{{1, 4, 5, 8, 14}, {2, 6, 9, 10}, {3, 7, 15}, {11, 13}, {12}}","{{1, 3, 4, 9, 13}, {2, 5, 7, 14}, {6, 10, 12}, {8, 15}, {11}}",False,,,,False,FlipSYTNotFound
136558,"{{1, 4, 5, 7, 14}, {2, 6, 9, 10}, {3, 8, 15}, {11, 13}, {12}}","{{1, 3, 4, 8, 13}, {2, 5, 7, 14}, {6, 10, 12}, {9, 15}, {11}}",False,,,,False,FlipSYTNotFound
136577,"{{1, 2, 4, 10, 14}, {3, 5, 9, 15}, {6, 7, 12}, {8, 13}, {11}}","{{1, 3, 5, 8, 10}, {2, 4, 7, 13}, {6, 9, 15}, {11, 14}, {12}}",False,,,,False,FlipSYTNotFound
136696,"{{1, 3, 4, 8, 14}, {2, 5, 7, 10}, {6, 9, 15}, {11, 13}, {12}}","{{1, 3, 4, 10, 14}, {2, 5, 7, 15}, {6, 9, 11}, {8, 13}, {12}}",False,,,,False,FlipSYTNotFound
136711,"{{1, 4, 5, 9, 15}, {2, 6, 8, 10}, {3, 7, 14}, {11, 13}, {12}}","{{1, 2, 3, 4, 13}, {5, 8, 9, 14}, {6, 10, 12}, {7, 15}, {11}}",False,,,,False,FlipSYTNotFound
136763,"{{1, 2, 6, 9, 15}, {3, 4, 7, 10}, {5, 8, 14}, {11, 13}, {12}}","{{1, 2, 3, 4, 13}, {5, 8, 11, 15}, {6, 9, 12}, {7, 14}, {10}}",False,,,,False,FlipSYTNotFound
136782,"{{1, 4, 5, 9, 15}, {2, 6, 7, 10}, {3, 8, 14}, {11, 13}, {12}}","{{1, 2, 3, 4, 13}, {5, 8, 10, 14}, {6, 9, 12}, {7, 15}, {11}}",False,,,,False,FlipSYTNotFound
136897,"{{1, 4, 5, 8, 15}, {2, 6, 9, 10}, {3, 7, 14}, {11, 13}, {12}}","{{1, 2, 3, 4, 13}, {5, 7, 9, 14}, {6, 10, 12}, {8, 15}, {11}}",False,,,,False,FlipSYTNotFound
136914,"{{1, 4, 5, 8, 14}, {2, 6, 7, 9}, {3, 10, 15}, {11, 13}, {12}}","{{1, 3, 4, 10, 13}, {2, 5, 9, 14}, {6, 11, 12}, {7, 15}, {8}}",False,,,,False,FlipSYTNotFound
136938,"{{1, 4, 6, 7, 14}, {2, 5, 8, 9}, {3, 10, 15}, {11, 13}, {12}}","{{1, 3, 4, 11, 13}, {2, 5, 8, 14}, {6, 10, 12}, {7, 15}, {9}}",False,,,,False,FlipSYTNotFound
137018,"{{1, 4, 5, 7, 15}, {2, 6, 9, 10}, {3, 8, 14}, {11, 13}, {12}}","{{1, 2, 3, 4, 13}, {5, 7, 8, 14}, {6, 10, 12}, {9, 15}, {11}}",False,,,,False,FlipSYTNotFound
137143,"{{1, 4, 5, 8, 15}, {2, 6, 7, 10}, {3, 9, 14}, {11, 13}, {12}}","{{1, 2, 3, 4, 13}, {5, 7, 10, 14}, {6, 9, 12}, {8, 15}, {11}}",False,,,,False,FlipSYTNotFound
137234,"{{1, 3, 9, 11, 14}, {2, 5, 10, 12}, {4, 7, 15}, {6, 8}, {13}}","{{1, 3, 6, 8, 10}, {2, 4, 9, 12}, {5, 7, 14}, {11, 15}, {13}}",False,,,,False,FlipSYTNotFound
137254,"{{1, 4, 9, 11, 14}, {2, 5, 10, 12}, {3, 7, 15}, {6, 8}, {13}}","{{1, 3, 6, 8, 10}, {2, 4, 9, 13}, {5, 7, 14}, {11, 15}, {12}}",False,,,,False,FlipSYTNotFound
137294,"{{1, 3, 9, 11, 14}, {2, 5, 10, 12}, {4, 6, 15}, {7, 8}, {13}}","{{1, 3, 6, 8, 9}, {2, 4, 10, 12}, {5, 7, 14}, {11, 15}, {13}}",False,,,,False,FlipSYTNotFound
137328,"{{1, 4, 8, 11, 14}, {2, 5, 10, 12}, {3, 7, 15}, {6, 9}, {13}}","{{1, 3, 6, 7, 10}, {2, 4, 9, 13}, {5, 8, 14}, {11, 15}, {12}}",False,,,,False,FlipSYTNotFound
137337,"{{1, 3, 8, 11, 14}, {2, 5, 10, 12}, {4, 7, 15}, {6, 9}, {13}}","{{1, 3, 6, 7, 10}, {2, 4, 9, 12}, {5, 8, 14}, {11, 15}, {13}}",False,,,,False,FlipSYTNotFound
137349,"{{1, 3, 8, 11, 14}, {2, 5, 10, 12}, {4, 6, 15}, {7, 9}, {13}}","{{1, 3, 6, 7, 9}, {2, 4, 10, 12}, {5, 8, 14}, {11, 15}, {13}}",False,,,,False,FlipSYTNotFound
137360,"{{1, 3, 4, 7, 15}, {2, 5, 6, 10}, {8, 9, 14}, {11, 13}, {12}}","{{1, 2, 3, 4, 14}, {5, 7, 8, 15}, {6, 10, 11}, {9, 13}, {12}}",False,,,,False,FlipSYTNotFound
137391,"{{1, 4, 6, 11, 14}, {2, 5, 10, 12}, {3, 8, 15}, {7, 9}, {13}}","{{1, 3, 6, 7, 9}, {2, 4, 11, 13}, {5, 8, 14}, {10, 15}, {12}}",False,,,,False,FlipSYTNotFound
137489,"{{1, 3, 7, 11, 14}, {2, 5, 10, 12}, {4, 6, 15}, {8, 9}, {13}}","{{1, 3, 6, 7, 8}, {2, 4, 10, 12}, {5, 9, 14}, {11, 15}, {13}}",False,,,,False,FlipSYTNotFound
137558,"{{1, 4, 6, 11, 14}, {2, 5, 10, 12}, {3, 7, 15}, {8, 9}, {13}}","{{1, 3, 6, 7, 8}, {2, 4, 11, 13}, {5, 9, 14}, {10, 15}, {12}}",False,,,,False,FlipSYTNotFound
137608,"{{1, 4, 8, 11, 14}, {2, 5, 9, 12}, {3, 7, 15}, {6, 10}, {13}}","{{1, 3, 6, 9, 10}, {2, 4, 11, 13}, {5, 7, 14}, {8, 15}, {12}}",False,,,,False,FlipSYTNotFound
137755,"{{1, 4, 6, 11, 14}, {2, 5, 9, 12}, {3, 8, 15}, {7, 10}, {13}}","{{1, 3, 6, 8, 9}, {2, 4, 11, 13}, {5, 7, 14}, {10, 15}, {12}}",False,,,,False,FlipSYTNotFound
137828,"{{1, 4, 5, 11, 14}, {2, 6, 9, 12}, {3, 7, 15}, {8, 10}, {13}}","{{1, 3, 6, 8, 13}, {2, 4, 9, 14}, {5, 7, 12}, {10, 15}, {11}}",False,,,,False,FlipSYTNotFound
137849,"{{1, 3, 9, 11, 15}, {2, 5, 10, 12}, {4, 7, 14}, {6, 8}, {13}}","{{1, 2, 3, 8, 10}, {4, 6, 9, 12}, {5, 7, 14}, {11, 15}, {13}}",False,,,,False,FlipSYTNotFound
137874,"{{1, 3, 9, 11, 15}, {2, 5, 10, 12}, {4, 6, 14}, {7, 8}, {13}}","{{1, 2, 3, 8, 9}, {4, 6, 10, 12}, {5, 7, 14}, {11, 15}, {13}}",False,,,,False,FlipSYTNotFound
137877,"{{1, 4, 9, 11, 15}, {2, 5, 10, 12}, {3, 7, 14}, {6, 8}, {13}}","{{1, 2, 3, 8, 10}, {4, 6, 9, 13}, {5, 7, 14}, {11, 15}, {12}}",False,,,,False,FlipSYTNotFound
137904,"{{1, 3, 8, 11, 15}, {2, 5, 10, 12}, {4, 6, 14}, {7, 9}, {13}}","{{1, 2, 3, 7, 9}, {4, 6, 10, 12}, {5, 8, 14}, {11, 15}, {13}}",False,,,,False,FlipSYTNotFound
137905,"{{1, 3, 8, 11, 15}, {2, 5, 10, 12}, {4, 7, 14}, {6, 9}, {13}}","{{1, 2, 3, 7, 10}, {4, 6, 9, 12}, {5, 8, 14}, {11, 15}, {13}}",False,,,,False,FlipSYTNotFound
137941,"{{1, 4, 6, 9, 10}, {2, 7, 8, 15}, {3, 12, 13}, {5, 14}, {11}}","{{1, 2, 4, 5, 11}, {3, 7, 8, 9}, {6, 12, 13}, {10, 14}, {15}}",False,,,,False,FlipSYTNotFound
137945,"{{1, 4, 8, 11, 15}, {2, 5, 10, 12}, {3, 7, 14}, {6, 9}, {13}}","{{1, 2, 3, 7, 10}, {4, 6, 9, 13}, {5, 8, 14}, {11, 15}, {12}}",False,,,,False,FlipSYTNotFound
138010,"{{1, 4, 6, 11, 15}, {2, 5, 10, 12}, {3, 8, 14}, {7, 9}, {13}}","{{1, 2, 3, 7, 9}, {4, 6, 11, 13}, {5, 8, 14}, {10, 15}, {12}}",False,,,,False,FlipSYTNotFound
138071,"{{1, 3, 7, 11, 15}, {2, 5, 10, 12}, {4, 6, 14}, {8, 9}, {13}}","{{1, 2, 3, 7, 8}, {4, 6, 10, 12}, {5, 9, 14}, {11, 15}, {13}}",False,,,,False,FlipSYTNotFound
138072,"{{1, 4, 5, 11, 14}, {2, 6, 7, 12}, {3, 9, 15}, {8, 10}, {13}}","{{1, 3, 6, 8, 13}, {2, 4, 10, 14}, {5, 7, 12}, {9, 15}, {11}}",False,,,,False,FlipSYTNotFound
138177,"{{1, 4, 5, 11, 14}, {2, 6, 8, 12}, {3, 7, 15}, {9, 10}, {13}}","{{1, 3, 6, 7, 13}, {2, 4, 9, 14}, {5, 8, 12}, {10, 15}, {11}}",False,,,,False,FlipSYTNotFound
138219,"{{1, 4, 9, 10, 14}, {2, 5, 11, 12}, {3, 7, 15}, {6, 8}, {13}}","{{1, 3, 5, 8, 10}, {2, 4, 9, 13}, {6, 7, 14}, {11, 15}, {12}}",False,,,,False,FlipSYTNotFound
138221,"{{1, 4, 5, 11, 14}, {2, 6, 7, 12}, {3, 8, 15}, {9, 10}, {13}}","{{1, 3, 6, 7, 13}, {2, 4, 10, 14}, {5, 8, 12}, {9, 15}, {11}}",False,,,,False,FlipSYTNotFound
138239,"{{1, 4, 6, 7, 10}, {2, 8, 9, 15}, {3, 12, 13}, {5, 14}, {11}}","{{1, 2, 4, 5, 13}, {3, 7, 8, 11}, {6, 10, 12}, {9, 14}, {15}}",True,20,20,1.40087051073084323632E-1,False,DistanceAboveTolerance
138246,"{{1, 3, 9, 10, 14}, {2, 5, 11, 12}, {4, 7, 15}, {6, 8}, {13}}","{{1, 3, 5, 8, 10}, {2, 4, 9, 12}, {6, 7, 14}, {11, 15}, {13}}",False,,,,False,FlipSYTNotFound
138280,"{{1, 3, 9, 10, 14}, {2, 5, 11, 12}, {4, 6, 15}, {7, 8}, {13}}","{{1, 3, 5, 8, 9}, {2, 4, 10, 12}, {6, 7, 14}, {11, 15}, {13}}",False,,,,False,FlipSYTNotFound
138301,"{{1, 4, 8, 10, 14}, {2, 5, 11, 12}, {3, 7, 15}, {6, 9}, {13}}","{{1, 3, 5, 7, 10}, {2, 4, 9, 13}, {6, 8, 14}, {11, 15}, {12}}",False,,,,False,FlipSYTNotFound
138318,"{{1, 3, 8, 10, 14}, {2, 5, 11, 12}, {4, 6, 15}, {7, 9}, {13}}","{{1, 3, 5, 7, 9}, {2, 4, 10, 12}, {6, 8, 14}, {11, 15}, {13}}",False,,,,False,FlipSYTNotFound
138322,"{{1, 3, 8, 10, 14}, {2, 5, 11, 12}, {4, 7, 15}, {6, 9}, {13}}","{{1, 3, 5, 7, 10}, {2, 4, 9, 12}, {6, 8, 14}, {11, 15}, {13}}",False,,,,False,FlipSYTNotFound
138361,"{{1, 4, 6, 11, 15}, {2, 5, 9, 12}, {3, 8, 14}, {7, 10}, {13}}","{{1, 2, 3, 8, 9}, {4, 6, 11, 13}, {5, 7, 14}, {10, 15}, {12}}",False,,,,False,FlipSYTNotFound
138453,"{{1, 4, 6, 10, 14}, {2, 5, 11, 12}, {3, 8, 15}, {7, 9}, {13}}","{{1, 3, 5, 7, 9}, {2, 4, 11, 13}, {6, 8, 14}, {10, 15}, {12}}",False,,,,False,FlipSYTNotFound
138498,"{{1, 4, 6, 10, 14}, {2, 5, 11, 12}, {3, 7, 15}, {8, 9}, {13}}","{{1, 3, 5, 7, 8}, {2, 4, 11, 13}, {6, 9, 14}, {10, 15}, {12}}",False,,,,False,FlipSYTNotFound
138508,"{{1, 3, 7, 10, 14}, {2, 5, 11, 12}, {4, 6, 15}, {8, 9}, {13}}","{{1, 3, 5, 7, 8}, {2, 4, 10, 12}, {6, 9, 14}, {11, 15}, {13}}",False,,,,False,FlipSYTNotFound
138510,"{{1, 3, 8, 9, 14}, {2, 5, 11, 12}, {4, 7, 15}, {6, 10}, {13}}","{{1, 3, 5, 6, 10}, {2, 4, 9, 12}, {7, 8, 14}, {11, 15}, {13}}",False,,,,False,FlipSYTNotFound
138521,"{{1, 4, 5, 11, 15}, {2, 6, 9, 12}, {3, 7, 14}, {8, 10}, {13}}","{{1, 2, 3, 8, 13}, {4, 6, 9, 14}, {5, 7, 12}, {10, 15}, {11}}",False,,,,False,FlipSYTNotFound
138566,"{{1, 3, 8, 9, 14}, {2, 5, 11, 12}, {4, 6, 15}, {7, 10}, {13}}","{{1, 3, 5, 6, 9}, {2, 4, 10, 12}, {7, 8, 14}, {11, 15}, {13}}",False,,,,False,FlipSYTNotFound
138709,"{{1, 4, 6, 9, 14}, {2, 5, 11, 12}, {3, 8, 15}, {7, 10}, {13}}","{{1, 3, 5, 6, 9}, {2, 4, 11, 13}, {7, 8, 14}, {10, 15}, {12}}",False,,,,False,FlipSYTNotFound
138749,"{{1, 3, 7, 9, 14}, {2, 5, 11, 12}, {4, 6, 15}, {8, 10}, {13}}","{{1, 3, 5, 6, 8}, {2, 4, 10, 12}, {7, 9, 14}, {11, 15}, {13}}",False,,,,False,FlipSYTNotFound
138770,"{{1, 4, 5, 11, 15}, {2, 6, 7, 12}, {3, 9, 14}, {8, 10}, {13}}","{{1, 2, 3, 8, 13}, {4, 6, 10, 14}, {5, 7, 12}, {9, 15}, {11}}",False,,,,False,FlipSYTNotFound
138876,"{{1, 4, 5, 11, 15}, {2, 6, 8, 12}, {3, 7, 14}, {9, 10}, {13}}","{{1, 2, 3, 7, 13}, {4, 6, 9, 14}, {5, 8, 12}, {10, 15}, {11}}",False,,,,False,FlipSYTNotFound
138937,"{{1, 3, 9, 10, 15}, {2, 5, 11, 12}, {4, 7, 14}, {6, 8}, {13}}","{{1, 2, 3, 8, 10}, {4, 5, 9, 12}, {6, 7, 14}, {11, 15}, {13}}",False,,,,False,FlipSYTNotFound
138950,"{{1, 4, 9, 10, 15}, {2, 5, 11, 12}, {3, 7, 14}, {6, 8}, {13}}","{{1, 2, 3, 8, 10}, {4, 5, 9, 13}, {6, 7, 14}, {11, 15}, {12}}",False,,,,False,FlipSYTNotFound
138965,"{{1, 4, 5, 11, 15}, {2, 6, 7, 12}, {3, 8, 14}, {9, 10}, {13}}","{{1, 2, 3, 7, 13}, {4, 6, 10, 14}, {5, 8, 12}, {9, 15}, {11}}",False,,,,False,FlipSYTNotFound
138966,"{{1, 3, 9, 10, 15}, {2, 5, 11, 12}, {4, 6, 14}, {7, 8}, {13}}","{{1, 2, 3, 8, 9}, {4, 5, 10, 12}, {6, 7, 14}, {11, 15}, {13}}",False,,,,False,FlipSYTNotFound
139060,"{{1, 4, 8, 10, 15}, {2, 5, 11, 12}, {3, 7, 14}, {6, 9}, {13}}","{{1, 2, 3, 7, 10}, {4, 5, 9, 13}, {6, 8, 14}, {11, 15}, {12}}",False,,,,False,FlipSYTNotFound
139066,"{{1, 3, 8, 10, 15}, {2, 5, 11, 12}, {4, 7, 14}, {6, 9}, {13}}","{{1, 2, 3, 7, 10}, {4, 5, 9, 12}, {6, 8, 14}, {11, 15}, {13}}",False,,,,False,FlipSYTNotFound
139079,"{{1, 4, 6, 7, 14}, {2, 5, 11, 12}, {3, 9, 15}, {8, 10}, {13}}","{{1, 3, 5, 6, 8}, {2, 4, 11, 13}, {7, 10, 14}, {9, 15}, {12}}",False,,,,False,FlipSYTNotFound
139084,"{{1, 3, 8, 10, 15}, {2, 5, 11, 12}, {4, 6, 14}, {7, 9}, {13}}","{{1, 2, 3, 7, 9}, {4, 5, 10, 12}, {6, 8, 14}, {11, 15}, {13}}",False,,,,False,FlipSYTNotFound
139130,"{{1, 2, 3, 8, 14}, {4, 5, 6, 15}, {7, 9, 12}, {10, 13}, {11}}","{{1, 3, 5, 9, 12}, {2, 4, 6, 11}, {7, 10, 15}, {8, 14}, {13}}",False,,,,False,FlipSYTNotFound
139169,"{{1, 3, 7, 8, 14}, {2, 5, 11, 12}, {4, 6, 15}, {9, 10}, {13}}","{{1, 3, 5, 6, 7}, {2, 4, 10, 12}, {8, 9, 14}, {11, 15}, {13}}",False,,,,False,FlipSYTNotFound
139194,"{{1, 3, 6, 8, 14}, {2, 5, 11, 12}, {4, 7, 15}, {9, 10}, {13}}","{{1, 3, 5, 6, 7}, {2, 4, 11, 12}, {8, 9, 14}, {10, 15}, {13}}",False,,,,False,FlipSYTNotFound
139231,"{{1, 4, 6, 10, 15}, {2, 5, 11, 12}, {3, 8, 14}, {7, 9}, {13}}","{{1, 2, 3, 7, 9}, {4, 5, 11, 13}, {6, 8, 14}, {10, 15}, {12}}",False,,,,False,FlipSYTNotFound
139277,"{{1, 3, 7, 10, 15}, {2, 5, 11, 12}, {4, 6, 14}, {8, 9}, {13}}","{{1, 2, 3, 7, 8}, {4, 5, 10, 12}, {6, 9, 14}, {11, 15}, {13}}",False,,,,False,FlipSYTNotFound
139350,"{{1, 3, 8, 9, 15}, {2, 5, 11, 12}, {4, 7, 14}, {6, 10}, {13}}","{{1, 2, 3, 6, 10}, {4, 5, 9, 12}, {7, 8, 14}, {11, 15}, {13}}",False,,,,False,FlipSYTNotFound
139379,"{{1, 3, 8, 9, 15}, {2, 5, 11, 12}, {4, 6, 14}, {7, 10}, {13}}","{{1, 2, 3, 6, 9}, {4, 5, 10, 12}, {7, 8, 14}, {11, 15}, {13}}",False,,,,False,FlipSYTNotFound
139551,"{{1, 4, 6, 9, 15}, {2, 5, 11, 12}, {3, 8, 14}, {7, 10}, {13}}","{{1, 2, 3, 6, 9}, {4, 5, 11, 13}, {7, 8, 14}, {10, 15}, {12}}",False,,,,False,FlipSYTNotFound
139555,"{{1, 4, 6, 10, 14}, {2, 5, 9, 12}, {3, 8, 15}, {7, 11}, {13}}","{{1, 3, 5, 8, 9}, {2, 4, 11, 13}, {6, 7, 14}, {10, 15}, {12}}",False,,,,False,FlipSYTNotFound
139604,"{{1, 2, 4, 11, 14}, {3, 5, 9, 15}, {6, 7, 10}, {8, 13}, {12}}","{{1, 3, 4, 8, 10}, {2, 5, 6, 13}, {7, 9, 15}, {11, 14}, {12}}",False,,,,False,FlipSYTNotFound
139605,"{{1, 3, 7, 9, 15}, {2, 5, 11, 12}, {4, 6, 14}, {8, 10}, {13}}","{{1, 2, 3, 6, 8}, {4, 5, 10, 12}, {7, 9, 14}, {11, 15}, {13}}",False,,,,False,FlipSYTNotFound
139653,"{{1, 4, 5, 10, 14}, {2, 6, 9, 12}, {3, 7, 15}, {8, 11}, {13}}","{{1, 3, 5, 8, 13}, {2, 4, 9, 14}, {6, 7, 12}, {10, 15}, {11}}",False,,,,False,FlipSYTNotFound
139868,"{{1, 4, 5, 10, 14}, {2, 6, 7, 12}, {3, 9, 15}, {8, 11}, {13}}","{{1, 3, 5, 8, 13}, {2, 4, 10, 14}, {6, 7, 12}, {9, 15}, {11}}",False,,,,False,FlipSYTNotFound
139932,"{{1, 2, 5, 11, 14}, {3, 4, 7, 15}, {6, 8, 10}, {9, 13}, {12}}","{{1, 3, 4, 7, 10}, {2, 5, 6, 13}, {8, 12, 15}, {9, 14}, {11}}",False,,,,False,FlipSYTNotFound
139959,"{{1, 2, 4, 11, 14}, {3, 6, 8, 15}, {5, 7, 9}, {10, 13}, {12}}","{{1, 3, 4, 9, 11}, {2, 5, 6, 13}, {7, 10, 15}, {8, 14}, {12}}",False,,,,False,FlipSYTNotFound
139985,"{{1, 4, 5, 10, 14}, {2, 6, 8, 12}, {3, 7, 15}, {9, 11}, {13}}","{{1, 3, 5, 7, 13}, {2, 4, 9, 14}, {6, 8, 12}, {10, 15}, {11}}",False,,,,False,FlipSYTNotFound
140035,"{{1, 4, 5, 10, 14}, {2, 6, 7, 12}, {3, 8, 15}, {9, 11}, {13}}","{{1, 3, 5, 7, 13}, {2, 4, 10, 14}, {6, 8, 12}, {9, 15}, {11}}",False,,,,False,FlipSYTNotFound
140088,"{{1, 3, 7, 8, 15}, {2, 5, 11, 12}, {4, 6, 14}, {9, 10}, {13}}","{{1, 2, 3, 6, 7}, {4, 5, 10, 12}, {8, 9, 14}, {11, 15}, {13}}",False,,,,False,FlipSYTNotFound
140114,"{{1, 3, 6, 8, 15}, {2, 5, 11, 12}, {4, 7, 14}, {9, 10}, {13}}","{{1, 2, 3, 6, 7}, {4, 5, 11, 12}, {8, 9, 14}, {10, 15}, {13}}",False,,,,False,FlipSYTNotFound
140238,"{{1, 4, 6, 7, 15}, {2, 5, 11, 12}, {3, 8, 14}, {9, 10}, {13}}","{{1, 2, 3, 6, 7}, {4, 5, 11, 13}, {8, 10, 14}, {9, 15}, {12}}",False,,,,False,FlipSYTNotFound
140245,"{{1, 2, 4, 10, 11}, {3, 5, 9, 15}, {6, 7, 13}, {8, 14}, {12}}","{{1, 2, 4, 8, 10}, {3, 6, 7, 13}, {5, 9, 15}, {11, 14}, {12}}",False,,,,False,FlipSYTNotFound
140294,"{{1, 4, 5, 9, 14}, {2, 6, 10, 12}, {3, 7, 15}, {8, 11}, {13}}","{{1, 3, 5, 8, 13}, {2, 4, 9, 14}, {6, 10, 12}, {7, 15}, {11}}",False,,,,False,FlipSYTNotFound
140329,"{{1, 3, 5, 10, 14}, {2, 4, 9, 15}, {6, 7, 11}, {8, 13}, {12}}","{{1, 3, 4, 8, 10}, {2, 5, 7, 14}, {6, 9, 15}, {11, 12}, {13}}",False,,,,False,FlipSYTNotFound
140504,"{{1, 4, 6, 10, 15}, {2, 5, 9, 12}, {3, 8, 14}, {7, 11}, {13}}","{{1, 2, 3, 8, 9}, {4, 5, 11, 13}, {6, 7, 14}, {10, 15}, {12}}",False,,,,False,FlipSYTNotFound
140643,"{{1, 4, 5, 10, 15}, {2, 6, 9, 12}, {3, 7, 14}, {8, 11}, {13}}","{{1, 2, 3, 8, 13}, {4, 5, 9, 14}, {6, 7, 12}, {10, 15}, {11}}",False,,,,False,FlipSYTNotFound
140702,"{{1, 4, 5, 8, 14}, {2, 6, 10, 12}, {3, 7, 15}, {9, 11}, {13}}","{{1, 3, 5, 7, 13}, {2, 4, 9, 14}, {6, 10, 12}, {8, 15}, {11}}",False,,,,False,FlipSYTNotFound
140776,"{{1, 4, 5, 7, 14}, {2, 6, 10, 12}, {3, 8, 15}, {9, 11}, {13}}","{{1, 3, 5, 7, 13}, {2, 4, 8, 14}, {6, 10, 12}, {9, 15}, {11}}",False,,,,False,FlipSYTNotFound
140850,"{{1, 4, 5, 10, 15}, {2, 6, 7, 12}, {3, 9, 14}, {8, 11}, {13}}","{{1, 2, 3, 8, 13}, {4, 5, 10, 14}, {6, 7, 12}, {9, 15}, {11}}",False,,,,False,FlipSYTNotFound
141037,"{{1, 4, 5, 10, 15}, {2, 6, 8, 12}, {3, 7, 14}, {9, 11}, {13}}","{{1, 2, 3, 7, 13}, {4, 5, 9, 14}, {6, 8, 12}, {10, 15}, {11}}",False,,,,False,FlipSYTNotFound
141089,"{{1, 4, 5, 10, 15}, {2, 6, 7, 12}, {3, 8, 14}, {9, 11}, {13}}","{{1, 2, 3, 7, 13}, {4, 5, 10, 14}, {6, 8, 12}, {9, 15}, {11}}",False,,,,False,FlipSYTNotFound
141444,"{{1, 4, 5, 8, 14}, {2, 6, 7, 12}, {3, 10, 15}, {9, 11}, {13}}","{{1, 3, 5, 7, 13}, {2, 4, 10, 14}, {6, 9, 12}, {8, 15}, {11}}",False,,,,False,FlipSYTNotFound
141466,"{{1, 4, 5, 9, 15}, {2, 6, 10, 12}, {3, 7, 14}, {8, 11}, {13}}","{{1, 2, 3, 8, 13}, {4, 5, 9, 14}, {6, 10, 12}, {7, 15}, {11}}",False,,,,False,FlipSYTNotFound
141524,"{{1, 3, 6, 9, 11}, {2, 4, 8, 15}, {5, 10, 13}, {7, 14}, {12}}","{{1, 2, 4, 9, 14}, {3, 6, 8, 11}, {5, 7, 15}, {10, 12}, {13}}",False,,,,False,FlipSYTNotFound
141755,"{{1, 4, 5, 9, 14}, {2, 6, 8, 12}, {3, 7, 15}, {10, 11}, {13}}","{{1, 3, 5, 6, 13}, {2, 4, 9, 14}, {7, 8, 12}, {10, 15}, {11}}",False,,,,False,FlipSYTNotFound
141790,"{{1, 4, 5, 9, 14}, {2, 6, 7, 12}, {3, 8, 15}, {10, 11}, {13}}","{{1, 3, 5, 6, 13}, {2, 4, 10, 14}, {7, 8, 12}, {9, 15}, {11}}",False,,,,False,FlipSYTNotFound
141899,"{{1, 3, 5, 8, 14}, {2, 4, 9, 12}, {6, 7, 15}, {10, 11}, {13}}","{{1, 3, 5, 6, 10}, {2, 4, 9, 14}, {7, 11, 12}, {8, 15}, {13}}",True,20,20,1.20380940794921369615E-1,False,DistanceAboveTolerance
141902,"{{1, 4, 5, 8, 14}, {2, 6, 9, 12}, {3, 7, 15}, {10, 11}, {13}}","{{1, 3, 5, 6, 13}, {2, 4, 9, 14}, {7, 10, 12}, {8, 15}, {11}}",False,,,,False,FlipSYTNotFound
141934,"{{1, 2, 5, 7, 14}, {3, 4, 9, 12}, {6, 8, 15}, {10, 11}, {13}}","{{1, 3, 5, 6, 10}, {2, 4, 8, 13}, {7, 11, 12}, {9, 15}, {14}}",True,20,20,8.60209223244466550269E-2,False,DistanceAboveTolerance
141963,"{{1, 4, 5, 7, 14}, {2, 6, 9, 12}, {3, 8, 15}, {10, 11}, {13}}","{{1, 3, 5, 6, 13}, {2, 4, 8, 14}, {7, 10, 12}, {9, 15}, {11}}",False,,,,False,FlipSYTNotFound
141973,"{{1, 4, 5, 8, 15}, {2, 6, 10, 12}, {3, 7, 14}, {9, 11}, {13}}","{{1, 2, 3, 7, 13}, {4, 5, 9, 14}, {6, 10, 12}, {8, 15}, {11}}",False,,,,False,FlipSYTNotFound
142006,"{{1, 4, 5, 7, 15}, {2, 6, 10, 12}, {3, 8, 14}, {9, 11}, {13}}","{{1, 2, 3, 7, 13}, {4, 5, 8, 14}, {6, 10, 12}, {9, 15}, {11}}",False,,,,False,FlipSYTNotFound
142112,"{{1, 4, 5, 8, 14}, {2, 6, 7, 12}, {3, 9, 15}, {10, 11}, {13}}","{{1, 3, 5, 6, 13}, {2, 4, 10, 14}, {7, 9, 12}, {8, 15}, {11}}",False,,,,False,FlipSYTNotFound
142120,"{{1, 3, 4, 8, 14}, {2, 5, 6, 12}, {7, 9, 15}, {10, 11}, {13}}","{{1, 3, 5, 6, 14}, {2, 4, 9, 15}, {7, 10, 11}, {8, 13}, {12}}",False,,,,False,FlipSYTNotFound
142495,"{{1, 4, 5, 10, 14}, {2, 6, 9, 11}, {3, 7, 15}, {8, 12}, {13}}","{{1, 3, 7, 8, 13}, {2, 4, 9, 14}, {5, 10, 12}, {6, 15}, {11}}",False,,,,False,FlipSYTNotFound
142635,"{{1, 2, 4, 10, 14}, {3, 7, 8, 11}, {5, 9, 15}, {6, 12}, {13}}","{{1, 3, 7, 9, 10}, {2, 4, 11, 15}, {5, 8, 13}, {6, 14}, {12}}",False,,,,False,FlipSYTNotFound
142796,"{{1, 2, 4, 5, 11}, {3, 6, 7, 15}, {8, 9, 13}, {10, 14}, {12}}","{{1, 2, 4, 8, 15}, {3, 6, 10, 13}, {5, 7, 14}, {9, 12}, {11}}",False,,,,False,FlipSYTNotFound
142845,"{{1, 4, 5, 8, 15}, {2, 6, 7, 12}, {3, 10, 14}, {9, 11}, {13}}","{{1, 2, 3, 7, 13}, {4, 5, 10, 14}, {6, 9, 12}, {8, 15}, {11}}",False,,,,False,FlipSYTNotFound
142849,"{{1, 4, 5, 10, 14}, {2, 6, 8, 11}, {3, 7, 15}, {9, 12}, {13}}","{{1, 3, 7, 9, 13}, {2, 4, 8, 14}, {5, 10, 12}, {6, 15}, {11}}",False,,,,False,FlipSYTNotFound
142968,"{{1, 2, 4, 6, 14}, {3, 5, 8, 15}, {7, 9, 11}, {10, 13}, {12}}","{{1, 3, 4, 9, 15}, {2, 5, 6, 13}, {7, 11, 14}, {8, 12}, {10}}",False,,,,False,FlipSYTNotFound
143133,"{{1, 2, 4, 10, 14}, {3, 6, 8, 15}, {5, 7, 9}, {11, 13}, {12}}","{{1, 3, 4, 9, 11}, {2, 5, 7, 13}, {6, 10, 15}, {8, 14}, {12}}",False,,,,False,FlipSYTNotFound
143181,"{{1, 4, 5, 9, 14}, {2, 6, 10, 11}, {3, 7, 15}, {8, 12}, {13}}","{{1, 3, 6, 8, 13}, {2, 4, 9, 14}, {5, 10, 12}, {7, 15}, {11}}",False,,,,False,FlipSYTNotFound
143219,"{{1, 2, 5, 8, 10}, {3, 4, 11, 15}, {6, 9, 13}, {7, 14}, {12}}","{{1, 2, 4, 9, 13}, {3, 7, 10, 12}, {5, 8, 15}, {6, 11}, {14}}",False,,,,False,FlipSYTNotFound
143220,"{{1, 4, 5, 9, 15}, {2, 6, 8, 12}, {3, 7, 14}, {10, 11}, {13}}","{{1, 2, 3, 6, 13}, {4, 5, 9, 14}, {7, 8, 12}, {10, 15}, {11}}",False,,,,False,FlipSYTNotFound
143240,"{{1, 4, 5, 9, 15}, {2, 6, 7, 12}, {3, 8, 14}, {10, 11}, {13}}","{{1, 2, 3, 6, 13}, {4, 5, 10, 14}, {7, 8, 12}, {9, 15}, {11}}",False,,,,False,FlipSYTNotFound
143242,"{{1, 3, 5, 8, 10}, {2, 4, 11, 15}, {6, 9, 13}, {7, 14}, {12}}","{{1, 2, 4, 9, 14}, {3, 7, 10, 12}, {5, 8, 15}, {6, 11}, {13}}",False,,,,False,FlipSYTNotFound
143425,"{{1, 4, 5, 8, 15}, {2, 6, 9, 12}, {3, 7, 14}, {10, 11}, {13}}","{{1, 2, 3, 6, 13}, {4, 5, 9, 14}, {7, 10, 12}, {8, 15}, {11}}",False,,,,False,FlipSYTNotFound
143459,"{{1, 4, 5, 7, 15}, {2, 6, 9, 12}, {3, 8, 14}, {10, 11}, {13}}","{{1, 2, 3, 6, 13}, {4, 5, 8, 14}, {7, 10, 12}, {9, 15}, {11}}",False,,,,False,FlipSYTNotFound
143591,"{{1, 4, 5, 8, 14}, {2, 6, 10, 11}, {3, 7, 15}, {9, 12}, {13}}","{{1, 3, 6, 7, 13}, {2, 4, 9, 14}, {5, 10, 12}, {8, 15}, {11}}",False,,,,False,FlipSYTNotFound
143637,"{{1, 4, 5, 8, 15}, {2, 6, 7, 12}, {3, 9, 14}, {10, 11}, {13}}","{{1, 2, 3, 6, 13}, {4, 5, 10, 14}, {7, 9, 12}, {8, 15}, {11}}",False,,,,False,FlipSYTNotFound
143646,"{{1, 4, 5, 7, 14}, {2, 6, 10, 11}, {3, 8, 15}, {9, 12}, {13}}","{{1, 3, 6, 7, 13}, {2, 4, 8, 14}, {5, 10, 12}, {9, 15}, {11}}",False,,,,False,FlipSYTNotFound
143830,"{{1, 4, 9, 12, 14}, {2, 6, 10, 15}, {3, 7, 11}, {5, 8}, {13}}","{{1, 3, 5, 8, 11}, {2, 4, 9, 13}, {6, 10, 14}, {7, 15}, {12}}",False,,,,False,FlipSYTNotFound
143853,"{{1, 3, 9, 12, 14}, {2, 5, 10, 15}, {4, 7, 11}, {6, 8}, {13}}","{{1, 3, 5, 8, 10}, {2, 4, 9, 12}, {6, 11, 14}, {7, 15}, {13}}",False,,,,False,FlipSYTNotFound
143857,"{{1, 3, 9, 12, 14}, {2, 5, 10, 15}, {4, 6, 11}, {7, 8}, {13}}","{{1, 3, 5, 8, 9}, {2, 4, 10, 12}, {6, 11, 14}, {7, 15}, {13}}",False,,,,False,FlipSYTNotFound
143897,"{{1, 3, 8, 12, 14}, {2, 5, 10, 15}, {4, 7, 11}, {6, 9}, {13}}","{{1, 3, 5, 7, 10}, {2, 4, 9, 12}, {6, 11, 14}, {8, 15}, {13}}",False,,,,False,FlipSYTNotFound
143917,"{{1, 4, 8, 12, 14}, {2, 6, 10, 15}, {3, 7, 11}, {5, 9}, {13}}","{{1, 3, 5, 7, 11}, {2, 4, 9, 13}, {6, 10, 14}, {8, 15}, {12}}",False,,,,False,FlipSYTNotFound
143937,"{{1, 3, 8, 12, 14}, {2, 5, 10, 15}, {4, 6, 11}, {7, 9}, {13}}","{{1, 3, 5, 7, 9}, {2, 4, 10, 12}, {6, 11, 14}, {8, 15}, {13}}",False,,,,False,FlipSYTNotFound
143955,"{{1, 3, 7, 12, 14}, {2, 5, 10, 15}, {4, 8, 11}, {6, 9}, {13}}","{{1, 3, 5, 7, 10}, {2, 4, 8, 12}, {6, 11, 14}, {9, 15}, {13}}",False,,,,False,FlipSYTNotFound
144044,"{{1, 3, 6, 12, 14}, {2, 5, 10, 15}, {4, 8, 11}, {7, 9}, {13}}","{{1, 3, 5, 7, 9}, {2, 4, 8, 12}, {6, 11, 14}, {10, 15}, {13}}",False,,,,False,FlipSYTNotFound
144065,"{{1, 3, 7, 12, 14}, {2, 5, 10, 15}, {4, 6, 11}, {8, 9}, {13}}","{{1, 3, 5, 7, 8}, {2, 4, 10, 12}, {6, 11, 14}, {9, 15}, {13}}",False,,,,False,FlipSYTNotFound
144095,"{{1, 3, 6, 12, 14}, {2, 5, 10, 15}, {4, 7, 11}, {8, 9}, {13}}","{{1, 3, 5, 7, 8}, {2, 4, 9, 12}, {6, 11, 14}, {10, 15}, {13}}",False,,,,False,FlipSYTNotFound
144168,"{{1, 3, 7, 12, 14}, {2, 5, 9, 15}, {4, 8, 11}, {6, 10}, {13}}","{{1, 3, 5, 6, 10}, {2, 4, 8, 12}, {7, 11, 14}, {9, 15}, {13}}",False,,,,False,FlipSYTNotFound
144173,"{{1, 3, 8, 12, 14}, {2, 5, 9, 15}, {4, 7, 11}, {6, 10}, {13}}","{{1, 3, 5, 6, 10}, {2, 4, 9, 12}, {7, 11, 14}, {8, 15}, {13}}",False,,,,False,FlipSYTNotFound
144191,"{{1, 3, 8, 12, 14}, {2, 5, 9, 15}, {4, 6, 11}, {7, 10}, {13}}","{{1, 3, 5, 6, 9}, {2, 4, 10, 12}, {7, 11, 14}, {8, 15}, {13}}",False,,,,False,FlipSYTNotFound
144200,"{{1, 4, 8, 12, 14}, {2, 5, 9, 15}, {3, 7, 11}, {6, 10}, {13}}","{{1, 3, 5, 6, 10}, {2, 4, 9, 13}, {7, 11, 14}, {8, 15}, {12}}",False,,,,False,FlipSYTNotFound
144214,"{{1, 4, 5, 10, 15}, {2, 6, 9, 11}, {3, 7, 14}, {8, 12}, {13}}","{{1, 2, 3, 8, 13}, {4, 7, 9, 14}, {5, 10, 12}, {6, 15}, {11}}",False,,,,False,FlipSYTNotFound
144306,"{{1, 3, 6, 12, 14}, {2, 5, 9, 15}, {4, 8, 11}, {7, 10}, {13}}","{{1, 3, 5, 6, 9}, {2, 4, 8, 12}, {7, 11, 14}, {10, 15}, {13}}",False,,,,False,FlipSYTNotFound
144320,"{{1, 3, 5, 12, 14}, {2, 6, 9, 15}, {4, 8, 11}, {7, 10}, {13}}","{{1, 3, 5, 6, 9}, {2, 4, 8, 12}, {7, 13, 14}, {10, 15}, {11}}",False,,,,False,FlipSYTNotFound
144381,"{{1, 4, 5, 8, 14}, {2, 6, 7, 11}, {3, 10, 15}, {9, 12}, {13}}","{{1, 3, 6, 7, 13}, {2, 4, 10, 14}, {5, 9, 12}, {8, 15}, {11}}",False,,,,False,FlipSYTNotFound
144397,"{{1, 3, 7, 12, 14}, {2, 5, 9, 15}, {4, 6, 11}, {8, 10}, {13}}","{{1, 3, 5, 6, 8}, {2, 4, 10, 12}, {7, 11, 14}, {9, 15}, {13}}",False,,,,False,FlipSYTNotFound
144409,"{{1, 4, 6, 12, 14}, {2, 5, 9, 15}, {3, 7, 11}, {8, 10}, {13}}","{{1, 3, 5, 6, 8}, {2, 4, 9, 13}, {7, 11, 14}, {10, 15}, {12}}",False,,,,False,FlipSYTNotFound
144422,"{{1, 3, 6, 12, 14}, {2, 5, 9, 15}, {4, 7, 11}, {8, 10}, {13}}","{{1, 3, 5, 6, 8}, {2, 4, 9, 12}, {7, 11, 14}, {10, 15}, {13}}",False,,,,False,FlipSYTNotFound
144482,"{{1, 3, 7, 12, 14}, {2, 6, 8, 15}, {4, 9, 11}, {5, 10}, {13}}","{{1, 3, 5, 6, 11}, {2, 4, 10, 12}, {7, 13, 14}, {8, 15}, {9}}",False,,,,False,FlipSYTNotFound
144615,"{{1, 4, 5, 10, 15}, {2, 6, 8, 11}, {3, 7, 14}, {9, 12}, {13}}","{{1, 2, 3, 7, 13}, {4, 8, 9, 14}, {5, 10, 12}, {6, 15}, {11}}",False,,,,False,FlipSYTNotFound
144647,"{{1, 4, 5, 9, 14}, {2, 6, 8, 11}, {3, 7, 15}, {10, 12}, {13}}","{{1, 3, 6, 9, 13}, {2, 4, 8, 14}, {5, 10, 12}, {7, 15}, {11}}",False,,,,False,FlipSYTNotFound
144655,"{{1, 3, 6, 12, 14}, {2, 5, 8, 15}, {4, 7, 11}, {9, 10}, {13}}","{{1, 3, 5, 6, 7}, {2, 4, 9, 12}, {8, 11, 14}, {10, 15}, {13}}",False,,,,False,FlipSYTNotFound
144667,"{{1, 3, 7, 12, 14}, {2, 5, 8, 15}, {4, 6, 11}, {9, 10}, {13}}","{{1, 3, 5, 6, 7}, {2, 4, 10, 12}, {8, 11, 14}, {9, 15}, {13}}",False,,,,False,FlipSYTNotFound
144672,"{{1, 4, 6, 9, 14}, {2, 5, 7, 11}, {3, 8, 15}, {10, 12}, {13}}","{{1, 3, 6, 11, 13}, {2, 4, 8, 14}, {5, 9, 12}, {7, 15}, {10}}",False,,,,False,FlipSYTNotFound
144742,"{{1, 2, 5, 12, 14}, {3, 6, 8, 15}, {4, 7, 11}, {9, 10}, {13}}","{{1, 3, 5, 6, 7}, {2, 4, 9, 12}, {8, 13, 15}, {10, 14}, {11}}",False,,,,False,FlipSYTNotFound
144756,"{{1, 4, 5, 8, 14}, {2, 6, 9, 11}, {3, 7, 15}, {10, 12}, {13}}","{{1, 3, 6, 9, 13}, {2, 4, 7, 14}, {5, 10, 12}, {8, 15}, {11}}",False,,,,False,FlipSYTNotFound
144842,"{{1, 4, 5, 7, 14}, {2, 6, 9, 11}, {3, 8, 15}, {10, 12}, {13}}","{{1, 3, 6, 8, 13}, {2, 4, 7, 14}, {5, 10, 12}, {9, 15}, {11}}",False,,,,False,FlipSYTNotFound
145029,"{{1, 3, 4, 12, 14}, {2, 6, 9, 15}, {5, 8, 10}, {7, 11}, {13}}","{{1, 3, 5, 8, 9}, {2, 4, 10, 11}, {6, 13, 14}, {7, 15}, {12}}",False,,,,False,FlipSYTNotFound
145034,"{{1, 4, 6, 7, 14}, {2, 5, 8, 11}, {3, 9, 15}, {10, 12}, {13}}","{{1, 3, 6, 11, 13}, {2, 4, 7, 14}, {5, 10, 12}, {8, 15}, {9}}",False,,,,False,FlipSYTNotFound
145039,"{{1, 4, 5, 9, 15}, {2, 6, 10, 11}, {3, 7, 14}, {8, 12}, {13}}","{{1, 2, 3, 8, 13}, {4, 6, 9, 14}, {5, 10, 12}, {7, 15}, {11}}",False,,,,False,FlipSYTNotFound
145140,"{{1, 3, 7, 12, 14}, {2, 6, 8, 15}, {4, 9, 10}, {5, 11}, {13}}","{{1, 3, 5, 7, 11}, {2, 4, 10, 12}, {6, 13, 14}, {8, 15}, {9}}",False,,,,False,FlipSYTNotFound
145169,"{{1, 3, 6, 12, 14}, {2, 7, 8, 15}, {4, 9, 10}, {5, 11}, {13}}","{{1, 3, 5, 7, 11}, {2, 4, 9, 12}, {6, 13, 14}, {8, 15}, {10}}",False,,,,False,FlipSYTNotFound
145544,"{{1, 2, 5, 12, 14}, {3, 4, 8, 15}, {6, 7, 9}, {10, 11}, {13}}","{{1, 3, 5, 6, 10}, {2, 4, 9, 13}, {7, 12, 15}, {8, 14}, {11}}",False,,,,False,FlipSYTNotFound
145556,"{{1, 4, 5, 8, 15}, {2, 6, 10, 11}, {3, 7, 14}, {9, 12}, {13}}","{{1, 2, 3, 7, 13}, {4, 6, 9, 14}, {5, 10, 12}, {8, 15}, {11}}",False,,,,False,FlipSYTNotFound
145595,"{{1, 4, 5, 7, 15}, {2, 6, 10, 11}, {3, 8, 14}, {9, 12}, {13}}","{{1, 2, 3, 7, 13}, {4, 6, 8, 14}, {5, 10, 12}, {9, 15}, {11}}",False,,,,False,FlipSYTNotFound
145640,"{{1, 3, 9, 11, 14}, {2, 5, 10, 15}, {4, 7, 12}, {6, 8}, {13}}","{{1, 3, 6, 8, 10}, {2, 4, 9, 12}, {5, 11, 14}, {7, 15}, {13}}",False,,,,False,FlipSYTNotFound
145677,"{{1, 3, 9, 11, 14}, {2, 5, 10, 15}, {4, 6, 12}, {7, 8}, {13}}","{{1, 3, 6, 8, 9}, {2, 4, 10, 12}, {5, 11, 14}, {7, 15}, {13}}",False,,,,False,FlipSYTNotFound
145697,"{{1, 3, 8, 11, 14}, {2, 5, 10, 15}, {4, 6, 12}, {7, 9}, {13}}","{{1, 3, 6, 7, 9}, {2, 4, 10, 12}, {5, 11, 14}, {8, 15}, {13}}",False,,,,False,FlipSYTNotFound
145699,"{{1, 3, 8, 11, 14}, {2, 5, 10, 15}, {4, 7, 12}, {6, 9}, {13}}","{{1, 3, 6, 7, 10}, {2, 4, 9, 12}, {5, 11, 14}, {8, 15}, {13}}",False,,,,False,FlipSYTNotFound
145752,"{{1, 3, 7, 11, 14}, {2, 5, 10, 15}, {4, 8, 12}, {6, 9}, {13}}","{{1, 3, 6, 7, 10}, {2, 4, 8, 12}, {5, 11, 14}, {9, 15}, {13}}",False,,,,False,FlipSYTNotFound
145803,"{{1, 3, 6, 11, 14}, {2, 5, 10, 15}, {4, 8, 12}, {7, 9}, {13}}","{{1, 3, 6, 7, 9}, {2, 4, 8, 12}, {5, 11, 14}, {10, 15}, {13}}",False,,,,False,FlipSYTNotFound
145819,"{{1, 3, 5, 11, 14}, {2, 6, 10, 15}, {4, 8, 12}, {7, 9}, {13}}","{{1, 3, 6, 7, 9}, {2, 4, 8, 12}, {5, 13, 14}, {10, 15}, {11}}",False,,,,False,FlipSYTNotFound
145884,"{{1, 4, 5, 7, 14}, {2, 6, 8, 10}, {3, 11, 15}, {9, 12}, {13}}","{{1, 3, 7, 10, 13}, {2, 4, 8, 14}, {5, 11, 12}, {6, 15}, {9}}",False,,,,False,FlipSYTNotFound
145897,"{{1, 3, 6, 11, 14}, {2, 5, 10, 15}, {4, 7, 12}, {8, 9}, {13}}","{{1, 3, 6, 7, 8}, {2, 4, 9, 12}, {5, 11, 14}, {10, 15}, {13}}",False,,,,False,FlipSYTNotFound
145898,"{{1, 3, 7, 11, 14}, {2, 5, 10, 15}, {4, 6, 12}, {8, 9}, {13}}","{{1, 3, 6, 7, 8}, {2, 4, 10, 12}, {5, 11, 14}, {9, 15}, {13}}",False,,,,False,FlipSYTNotFound
145946,"{{1, 2, 4, 11, 14}, {3, 5, 10, 15}, {6, 7, 12}, {8, 9}, {13}}","{{1, 3, 6, 7, 8}, {2, 4, 9, 10}, {5, 13, 15}, {11, 14}, {12}}",False,,,,False,FlipSYTNotFound
145992,"{{1, 3, 8, 11, 14}, {2, 5, 9, 15}, {4, 7, 12}, {6, 10}, {13}}","{{1, 3, 6, 9, 10}, {2, 4, 7, 12}, {5, 11, 14}, {8, 15}, {13}}",False,,,,False,FlipSYTNotFound
146004,"{{1, 3, 8, 11, 14}, {2, 4, 9, 15}, {5, 6, 12}, {7, 10}, {13}}","{{1, 3, 6, 9, 11}, {2, 4, 7, 10}, {5, 12, 14}, {8, 15}, {13}}",False,,,,False,FlipSYTNotFound
146031,"{{1, 3, 7, 11, 14}, {2, 5, 9, 15}, {4, 8, 12}, {6, 10}, {13}}","{{1, 3, 6, 8, 10}, {2, 4, 7, 12}, {5, 11, 14}, {9, 15}, {13}}",False,,,,False,FlipSYTNotFound
146045,"{{1, 5, 6, 8, 15}, {2, 7, 9, 11}, {3, 10, 14}, {4, 12}, {13}}","{{1, 2, 3, 9, 12}, {4, 6, 11, 13}, {5, 10, 14}, {7, 15}, {8}}",False,,,,False,FlipSYTNotFound
146081,"{{1, 2, 4, 8, 14}, {3, 6, 7, 9}, {5, 11, 15}, {10, 12}, {13}}","{{1, 3, 6, 10, 11}, {2, 4, 9, 15}, {5, 12, 13}, {7, 14}, {8}}",False,,,,False,FlipSYTNotFound
146110,"{{1, 3, 6, 11, 14}, {2, 5, 9, 15}, {4, 8, 12}, {7, 10}, {13}}","{{1, 3, 6, 8, 9}, {2, 4, 7, 12}, {5, 11, 14}, {10, 15}, {13}}",False,,,,False,FlipSYTNotFound
146116,"{{1, 4, 5, 8, 14}, {2, 6, 7, 9}, {3, 11, 15}, {10, 12}, {13}}","{{1, 3, 6, 10, 13}, {2, 4, 9, 14}, {5, 11, 12}, {7, 15}, {8}}",False,,,,False,FlipSYTNotFound
146249,"{{1, 3, 6, 11, 14}, {2, 7, 8, 15}, {4, 9, 12}, {5, 10}, {13}}","{{1, 3, 6, 9, 11}, {2, 4, 7, 12}, {5, 13, 14}, {8, 15}, {10}}",False,,,,False,FlipSYTNotFound
146338,"{{1, 3, 6, 11, 14}, {2, 5, 8, 15}, {4, 9, 12}, {7, 10}, {13}}","{{1, 3, 6, 9, 12}, {2, 4, 7, 11}, {5, 13, 14}, {8, 15}, {10}}",False,,,,False,FlipSYTNotFound
146436,"{{1, 4, 5, 9, 14}, {2, 6, 8, 10}, {3, 7, 15}, {11, 12}, {13}}","{{1, 3, 5, 9, 13}, {2, 4, 8, 14}, {6, 10, 12}, {7, 15}, {11}}",False,,,,False,FlipSYTNotFound
146496,"{{1, 4, 5, 8, 15}, {2, 6, 7, 11}, {3, 10, 14}, {9, 12}, {13}}","{{1, 2, 3, 7, 13}, {4, 6, 10, 14}, {5, 9, 12}, {8, 15}, {11}}",False,,,,False,FlipSYTNotFound
146566,"{{1, 4, 5, 8, 14}, {2, 6, 9, 10}, {3, 7, 15}, {11, 12}, {13}}","{{1, 3, 5, 9, 13}, {2, 4, 7, 14}, {6, 10, 12}, {8, 15}, {11}}",False,,,,False,FlipSYTNotFound
146589,"{{1, 3, 9, 10, 14}, {2, 5, 11, 15}, {4, 7, 12}, {6, 8}, {13}}","{{1, 3, 7, 8, 10}, {2, 4, 9, 12}, {5, 11, 14}, {6, 15}, {13}}",False,,,,False,FlipSYTNotFound
146630,"{{1, 4, 5, 7, 14}, {2, 6, 9, 10}, {3, 8, 15}, {11, 12}, {13}}","{{1, 3, 5, 8, 13}, {2, 4, 7, 14}, {6, 10, 12}, {9, 15}, {11}}",False,,,,False,FlipSYTNotFound
146637,"{{1, 3, 9, 10, 14}, {2, 5, 11, 15}, {4, 6, 12}, {7, 8}, {13}}","{{1, 3, 7, 8, 9}, {2, 4, 10, 12}, {5, 11, 14}, {6, 15}, {13}}",False,,,,False,FlipSYTNotFound
146691,"{{1, 3, 8, 10, 14}, {2, 5, 11, 15}, {4, 7, 12}, {6, 9}, {13}}","{{1, 3, 7, 9, 10}, {2, 4, 8, 12}, {5, 11, 14}, {6, 15}, {13}}",False,,,,False,FlipSYTNotFound
146745,"{{1, 3, 8, 10, 14}, {2, 4, 11, 15}, {5, 6, 12}, {7, 9}, {13}}","{{1, 3, 7, 9, 11}, {2, 4, 8, 10}, {5, 12, 14}, {6, 15}, {13}}",False,,,,False,FlipSYTNotFound
146808,"{{1, 4, 5, 9, 15}, {2, 6, 8, 11}, {3, 7, 14}, {10, 12}, {13}}","{{1, 2, 3, 6, 13}, {4, 8, 9, 14}, {5, 10, 12}, {7, 15}, {11}}",False,,,,False,FlipSYTNotFound
146876,"{{1, 4, 5, 9, 15}, {2, 6, 7, 11}, {3, 8, 14}, {10, 12}, {13}}","{{1, 2, 3, 6, 13}, {4, 8, 10, 14}, {5, 9, 12}, {7, 15}, {11}}",False,,,,False,FlipSYTNotFound
146882,"{{1, 3, 4, 5, 7}, {2, 6, 8, 15}, {9, 11, 13}, {10, 14}, {12}}","{{1, 2, 4, 6, 14}, {3, 5, 12, 13}, {7, 10, 15}, {8, 11}, {9}}",False,,,,False,FlipSYTNotFound
146884,"{{1, 3, 7, 10, 14}, {2, 4, 11, 15}, {5, 6, 12}, {8, 9}, {13}}","{{1, 3, 7, 8, 11}, {2, 4, 9, 10}, {5, 12, 14}, {6, 15}, {13}}",False,,,,False,FlipSYTNotFound
146901,"{{1, 4, 8, 9, 14}, {2, 6, 11, 15}, {3, 7, 12}, {5, 10}, {13}}","{{1, 3, 6, 9, 11}, {2, 4, 8, 13}, {5, 10, 14}, {7, 15}, {12}}",False,,,,False,FlipSYTNotFound
146967,"{{1, 4, 5, 8, 15}, {2, 6, 9, 11}, {3, 7, 14}, {10, 12}, {13}}","{{1, 2, 3, 6, 13}, {4, 7, 9, 14}, {5, 10, 12}, {8, 15}, {11}}",False,,,,False,FlipSYTNotFound
146983,"{{1, 3, 8, 9, 14}, {2, 4, 11, 15}, {5, 6, 12}, {7, 10}, {13}}","{{1, 3, 6, 9, 11}, {2, 4, 8, 10}, {5, 12, 14}, {7, 15}, {13}}",False,,,,False,FlipSYTNotFound
147009,"{{1, 4, 5, 8, 14}, {2, 6, 7, 9}, {3, 10, 15}, {11, 12}, {13}}","{{1, 3, 5, 10, 13}, {2, 4, 9, 14}, {6, 11, 12}, {7, 15}, {8}}",False,,,,False,FlipSYTNotFound
147013,"{{1, 3, 8, 9, 14}, {2, 5, 11, 15}, {4, 7, 12}, {6, 10}, {13}}","{{1, 3, 6, 9, 10}, {2, 4, 8, 12}, {5, 11, 14}, {7, 15}, {13}}",False,,,,False,FlipSYTNotFound
147030,"{{1, 4, 5, 7, 15}, {2, 6, 9, 11}, {3, 8, 14}, {10, 12}, {13}}","{{1, 2, 3, 6, 13}, {4, 7, 8, 14}, {5, 10, 12}, {9, 15}, {11}}",False,,,,False,FlipSYTNotFound
147120,"{{1, 3, 5, 9, 14}, {2, 4, 11, 15}, {6, 8, 12}, {7, 10}, {13}}","{{1, 3, 6, 9, 14}, {2, 4, 8, 10}, {5, 11, 12}, {7, 15}, {13}}",False,,,,False,FlipSYTNotFound
147164,"{{1, 3, 7, 9, 14}, {2, 4, 11, 15}, {5, 6, 12}, {8, 10}, {13}}","{{1, 3, 6, 8, 11}, {2, 4, 9, 10}, {5, 12, 14}, {7, 15}, {13}}",False,,,,False,FlipSYTNotFound
147165,"{{1, 4, 6, 7, 14}, {2, 5, 8, 9}, {3, 10, 15}, {11, 12}, {13}}","{{1, 3, 5, 11, 13}, {2, 4, 8, 14}, {6, 10, 12}, {7, 15}, {9}}",False,,,,False,FlipSYTNotFound
147166,"{{1, 4, 5, 8, 15}, {2, 6, 7, 11}, {3, 9, 14}, {10, 12}, {13}}","{{1, 2, 3, 6, 13}, {4, 7, 10, 14}, {5, 9, 12}, {8, 15}, {11}}",False,,,,False,FlipSYTNotFound
147281,"{{1, 3, 4, 8, 14}, {2, 7, 11, 15}, {5, 9, 12}, {6, 10}, {13}}","{{1, 3, 6, 10, 14}, {2, 4, 7, 11}, {5, 9, 13}, {8, 15}, {12}}",False,,,,False,FlipSYTNotFound
147292,"{{1, 3, 5, 8, 14}, {2, 4, 11, 15}, {6, 9, 12}, {7, 10}, {13}}","{{1, 3, 6, 9, 14}, {2, 4, 7, 10}, {5, 11, 12}, {8, 15}, {13}}",False,,,,False,FlipSYTNotFound
147299,"{{1, 6, 10, 12, 13}, {2, 7, 11, 14}, {3, 8, 15}, {4, 9}, {5}}","{{1, 4, 5, 7, 11}, {2, 6, 8, 12}, {3, 9, 13}, {10, 14}, {15}}",False,,,,False,FlipSYTNotFound
147378,"{{1, 3, 4, 6, 14}, {2, 8, 11, 15}, {5, 9, 12}, {7, 10}, {13}}","{{1, 3, 6, 9, 14}, {2, 4, 7, 11}, {5, 12, 13}, {8, 15}, {10}}",False,,,,False,FlipSYTNotFound
147423,"{{1, 3, 10, 12, 13}, {2, 5, 11, 14}, {4, 6, 15}, {7, 9}, {8}}","{{1, 4, 5, 7, 8}, {2, 6, 9, 12}, {3, 10, 14}, {11, 15}, {13}}",False,,,,False,FlipSYTNotFound
147448,"{{1, 3, 10, 12, 13}, {2, 5, 11, 14}, {4, 7, 15}, {6, 8}, {9}}","{{1, 4, 5, 7, 10}, {2, 6, 8, 12}, {3, 9, 14}, {11, 15}, {13}}",False,,,,False,FlipSYTNotFound
147478,"{{1, 3, 10, 12, 13}, {2, 5, 11, 14}, {4, 6, 15}, {7, 8}, {9}}","{{1, 4, 5, 7, 9}, {2, 6, 8, 12}, {3, 10, 14}, {11, 15}, {13}}",False,,,,False,FlipSYTNotFound
147518,"{{1, 6, 9, 12, 13}, {2, 7, 11, 14}, {3, 8, 15}, {4, 10}, {5}}","{{1, 4, 5, 6, 11}, {2, 7, 8, 12}, {3, 9, 13}, {10, 14}, {15}}",False,,,,False,FlipSYTNotFound
147567,"{{1, 3, 9, 12, 13}, {2, 5, 11, 14}, {4, 6, 15}, {7, 10}, {8}}","{{1, 4, 5, 6, 8}, {2, 7, 9, 12}, {3, 10, 14}, {11, 15}, {13}}",False,,,,False,FlipSYTNotFound
147598,"{{1, 2, 6, 8, 14}, {3, 4, 11, 15}, {5, 7, 12}, {9, 10}, {13}}","{{1, 3, 6, 7, 13}, {2, 4, 9, 11}, {5, 10, 12}, {8, 15}, {14}}",False,,,,False,FlipSYTNotFound
147625,"{{1, 3, 7, 8, 14}, {2, 4, 11, 15}, {5, 6, 12}, {9, 10}, {13}}","{{1, 3, 6, 7, 11}, {2, 4, 9, 10}, {5, 12, 14}, {8, 15}, {13}}",False,,,,False,FlipSYTNotFound
147627,"{{1, 3, 6, 8, 14}, {2, 5, 11, 15}, {4, 7, 12}, {9, 10}, {13}}","{{1, 3, 6, 7, 12}, {2, 4, 9, 11}, {5, 10, 14}, {8, 15}, {13}}",False,,,,False,FlipSYTNotFound
147644,"{{1, 3, 4, 8, 14}, {2, 5, 11, 15}, {6, 7, 12}, {9, 10}, {13}}","{{1, 3, 6, 7, 14}, {2, 4, 9, 10}, {5, 11, 13}, {8, 15}, {12}}",False,,,,False,FlipSYTNotFound
147807,"{{1, 3, 8, 10, 14}, {2, 5, 9, 15}, {4, 7, 12}, {6, 11}, {13}}","{{1, 3, 5, 9, 10}, {2, 4, 7, 12}, {6, 11, 14}, {8, 15}, {13}}",False,,,,False,FlipSYTNotFound
147856,"{{1, 3, 4, 6, 8}, {2, 7, 10, 15}, {5, 9, 13}, {11, 14}, {12}}","{{1, 2, 4, 11, 14}, {3, 5, 12, 13}, {6, 7, 15}, {8, 9}, {10}}",False,,,,False,FlipSYTNotFound
147858,"{{1, 3, 8, 12, 13}, {2, 5, 11, 14}, {4, 6, 15}, {7, 10}, {9}}","{{1, 4, 5, 6, 7}, {2, 8, 9, 12}, {3, 10, 14}, {11, 15}, {13}}",False,,,,False,FlipSYTNotFound
147859,"{{1, 3, 7, 10, 14}, {2, 5, 9, 15}, {4, 8, 12}, {6, 11}, {13}}","{{1, 3, 5, 8, 10}, {2, 4, 7, 12}, {6, 11, 14}, {9, 15}, {13}}",False,,,,False,FlipSYTNotFound
147876,"{{1, 3, 8, 10, 14}, {2, 4, 9, 15}, {5, 6, 12}, {7, 11}, {13}}","{{1, 3, 5, 9, 11}, {2, 4, 7, 10}, {6, 12, 14}, {8, 15}, {13}}",False,,,,False,FlipSYTNotFound
147948,"{{1, 3, 6, 10, 14}, {2, 5, 9, 15}, {4, 8, 12}, {7, 11}, {13}}","{{1, 3, 5, 8, 9}, {2, 4, 7, 12}, {6, 11, 14}, {10, 15}, {13}}",False,,,,False,FlipSYTNotFound
148012,"{{1, 3, 7, 12, 13}, {2, 5, 11, 14}, {4, 6, 15}, {8, 10}, {9}}","{{1, 4, 5, 6, 7}, {2, 8, 10, 12}, {3, 9, 14}, {11, 15}, {13}}",False,,,,False,FlipSYTNotFound
148029,"{{1, 3, 6, 12, 13}, {2, 5, 11, 14}, {4, 7, 15}, {8, 10}, {9}}","{{1, 4, 5, 6, 7}, {2, 8, 11, 12}, {3, 9, 14}, {10, 15}, {13}}",False,,,,False,FlipSYTNotFound
148115,"{{1, 3, 9, 12, 13}, {2, 5, 11, 14}, {4, 7, 15}, {6, 8}, {10}}","{{1, 4, 5, 6, 10}, {2, 7, 8, 12}, {3, 9, 14}, {11, 15}, {13}}",False,,,,False,FlipSYTNotFound
148120,"{{1, 3, 9, 12, 13}, {2, 5, 11, 14}, {4, 6, 15}, {7, 8}, {10}}","{{1, 4, 5, 6, 9}, {2, 7, 8, 12}, {3, 10, 14}, {11, 15}, {13}}",False,,,,False,FlipSYTNotFound
148137,"{{1, 3, 6, 10, 14}, {2, 5, 8, 15}, {4, 9, 12}, {7, 11}, {13}}","{{1, 3, 5, 9, 12}, {2, 4, 7, 11}, {6, 13, 14}, {8, 15}, {10}}",False,,,,False,FlipSYTNotFound
148153,"{{1, 4, 8, 12, 13}, {2, 5, 11, 14}, {3, 7, 15}, {6, 9}, {10}}","{{1, 4, 5, 6, 10}, {2, 7, 9, 13}, {3, 8, 14}, {11, 15}, {12}}",False,,,,False,FlipSYTNotFound
148169,"{{1, 3, 4, 6, 9}, {2, 5, 8, 15}, {7, 10, 13}, {11, 14}, {12}}","{{1, 2, 4, 9, 14}, {3, 5, 11, 13}, {6, 8, 15}, {7, 12}, {10}}",False,,,,False,FlipSYTNotFound
148186,"{{1, 3, 8, 12, 13}, {2, 5, 11, 14}, {4, 6, 15}, {7, 9}, {10}}","{{1, 4, 5, 6, 9}, {2, 7, 10, 12}, {3, 8, 14}, {11, 15}, {13}}",False,,,,False,FlipSYTNotFound
148195,"{{1, 2, 5, 10, 14}, {3, 6, 8, 15}, {4, 9, 12}, {7, 11}, {13}}","{{1, 3, 5, 9, 12}, {2, 4, 7, 10}, {6, 13, 15}, {8, 14}, {11}}",False,,,,False,FlipSYTNotFound
148244,"{{1, 2, 3, 4, 9}, {5, 6, 7, 15}, {8, 10, 13}, {11, 14}, {12}}","{{1, 2, 4, 8, 15}, {3, 5, 10, 11}, {6, 9, 14}, {7, 13}, {12}}",False,,,,False,FlipSYTNotFound
148262,"{{1, 4, 6, 12, 13}, {2, 5, 11, 14}, {3, 8, 15}, {7, 9}, {10}}","{{1, 4, 5, 6, 9}, {2, 7, 11, 13}, {3, 8, 14}, {10, 15}, {12}}",False,,,,False,FlipSYTNotFound
148335,"{{1, 3, 7, 12, 13}, {2, 5, 11, 14}, {4, 6, 15}, {8, 9}, {10}}","{{1, 4, 5, 6, 8}, {2, 7, 10, 12}, {3, 9, 14}, {11, 15}, {13}}",False,,,,False,FlipSYTNotFound
148363,"{{1, 2, 6, 10, 14}, {3, 5, 7, 15}, {4, 8, 12}, {9, 11}, {13}}","{{1, 3, 5, 7, 12}, {2, 4, 8, 11}, {6, 13, 15}, {9, 14}, {10}}",False,,,,False,FlipSYTNotFound
148422,"{{1, 6, 9, 12, 13}, {2, 7, 10, 14}, {3, 8, 15}, {4, 11}, {5}}","{{1, 4, 5, 8, 11}, {2, 6, 9, 12}, {3, 7, 13}, {10, 14}, {15}}",False,,,,False,FlipSYTNotFound
148443,"{{1, 3, 8, 9, 14}, {2, 5, 10, 15}, {4, 7, 12}, {6, 11}, {13}}","{{1, 3, 5, 9, 10}, {2, 4, 8, 12}, {6, 11, 14}, {7, 15}, {13}}",False,,,,False,FlipSYTNotFound
148451,"{{1, 4, 8, 9, 14}, {2, 6, 10, 15}, {3, 7, 12}, {5, 11}, {13}}","{{1, 3, 5, 9, 11}, {2, 4, 8, 13}, {6, 10, 14}, {7, 15}, {12}}",False,,,,False,FlipSYTNotFound
148543,"{{1, 3, 8, 9, 14}, {2, 4, 10, 15}, {5, 6, 12}, {7, 11}, {13}}","{{1, 3, 5, 9, 11}, {2, 4, 8, 10}, {6, 12, 14}, {7, 15}, {13}}",False,,,,False,FlipSYTNotFound
148567,"{{1, 6, 8, 12, 13}, {2, 7, 10, 14}, {3, 9, 15}, {4, 11}, {5}}","{{1, 4, 5, 7, 11}, {2, 6, 9, 12}, {3, 8, 13}, {10, 14}, {15}}",False,,,,False,FlipSYTNotFound
148652,"{{1, 3, 5, 9, 14}, {2, 4, 10, 15}, {6, 8, 12}, {7, 11}, {13}}","{{1, 3, 5, 9, 14}, {2, 4, 8, 10}, {6, 11, 12}, {7, 15}, {13}}",False,,,,False,FlipSYTNotFound
148699,"{{1, 3, 7, 9, 14}, {2, 4, 10, 15}, {5, 6, 12}, {8, 11}, {13}}","{{1, 3, 5, 8, 11}, {2, 4, 9, 10}, {6, 12, 14}, {7, 15}, {13}}",False,,,,False,FlipSYTNotFound
148749,"{{1, 3, 4, 8, 14}, {2, 7, 10, 15}, {5, 9, 12}, {6, 11}, {13}}","{{1, 3, 5, 10, 14}, {2, 4, 7, 11}, {6, 9, 13}, {8, 15}, {12}}",False,,,,False,FlipSYTNotFound
148895,"{{1, 2, 4, 11, 12}, {3, 5, 9, 15}, {6, 7, 10}, {8, 14}, {13}}","{{1, 2, 3, 8, 10}, {4, 5, 6, 13}, {7, 9, 15}, {11, 14}, {12}}",False,,,,False,FlipSYTNotFound
148936,"{{1, 4, 5, 9, 15}, {2, 6, 8, 10}, {3, 7, 14}, {11, 12}, {13}}","{{1, 2, 3, 5, 13}, {4, 8, 9, 14}, {6, 10, 12}, {7, 15}, {11}}",False,,,,False,FlipSYTNotFound
148972,"{{1, 2, 6, 9, 15}, {3, 4, 7, 10}, {5, 8, 14}, {11, 12}, {13}}","{{1, 2, 3, 5, 13}, {4, 8, 11, 15}, {6, 9, 12}, {7, 14}, {10}}",False,,,,False,FlipSYTNotFound
148974,"{{1, 3, 4, 6, 14}, {2, 8, 10, 15}, {5, 9, 12}, {7, 11}, {13}}","{{1, 3, 5, 9, 14}, {2, 4, 7, 11}, {6, 12, 13}, {8, 15}, {10}}",False,,,,False,FlipSYTNotFound
148986,"{{1, 4, 6, 11, 12}, {2, 5, 7, 15}, {3, 9, 10}, {8, 14}, {13}}","{{1, 2, 3, 7, 8}, {4, 5, 6, 13}, {9, 11, 14}, {10, 12}, {15}}",False,,,,False,FlipSYTNotFound
148990,"{{1, 4, 5, 9, 15}, {2, 6, 7, 10}, {3, 8, 14}, {11, 12}, {13}}","{{1, 2, 3, 5, 13}, {4, 8, 10, 14}, {6, 9, 12}, {7, 15}, {11}}",False,,,,False,FlipSYTNotFound
149091,"{{1, 3, 7, 8, 14}, {2, 4, 10, 15}, {5, 6, 12}, {9, 11}, {13}}","{{1, 3, 5, 7, 11}, {2, 4, 9, 10}, {6, 12, 14}, {8, 15}, {13}}",False,,,,False,FlipSYTNotFound
149104,"{{1, 4, 5, 8, 15}, {2, 6, 9, 10}, {3, 7, 14}, {11, 12}, {13}}","{{1, 2, 3, 5, 13}, {4, 7, 9, 14}, {6, 10, 12}, {8, 15}, {11}}",False,,,,False,FlipSYTNotFound
149184,"{{1, 4, 5, 7, 15}, {2, 6, 9, 10}, {3, 8, 14}, {11, 12}, {13}}","{{1, 2, 3, 5, 13}, {4, 7, 8, 14}, {6, 10, 12}, {9, 15}, {11}}",False,,,,False,FlipSYTNotFound
149186,"{{1, 2, 5, 11, 12}, {3, 4, 7, 15}, {6, 8, 10}, {9, 14}, {13}}","{{1, 2, 3, 7, 10}, {4, 5, 6, 13}, {8, 12, 15}, {9, 14}, {11}}",False,,,,False,FlipSYTNotFound
149234,"{{1, 2, 4, 11, 12}, {3, 6, 8, 15}, {5, 7, 9}, {10, 14}, {13}}","{{1, 2, 3, 9, 11}, {4, 5, 6, 13}, {7, 10, 15}, {8, 14}, {12}}",False,,,,False,FlipSYTNotFound
149328,"{{1, 4, 5, 8, 15}, {2, 6, 7, 10}, {3, 9, 14}, {11, 12}, {13}}","{{1, 2, 3, 5, 13}, {4, 7, 10, 14}, {6, 9, 12}, {8, 15}, {11}}",False,,,,False,FlipSYTNotFound
149384,"{{1, 2, 5, 9, 14}, {3, 6, 8, 15}, {4, 10, 12}, {7, 11}, {13}}","{{1, 3, 5, 9, 12}, {2, 4, 8, 10}, {6, 13, 15}, {7, 14}, {11}}",False,,,,False,FlipSYTNotFound
149389,"{{1, 3, 6, 9, 14}, {2, 7, 8, 15}, {4, 10, 12}, {5, 11}, {13}}","{{1, 3, 5, 9, 11}, {2, 4, 8, 12}, {6, 13, 14}, {7, 15}, {10}}",False,,,,False,FlipSYTNotFound
149441,"{{1, 3, 6, 9, 14}, {2, 5, 7, 15}, {4, 10, 12}, {8, 11}, {13}}","{{1, 3, 5, 8, 12}, {2, 4, 9, 11}, {6, 13, 14}, {7, 15}, {10}}",False,,,,False,FlipSYTNotFound
149445,"{{1, 2, 5, 9, 14}, {3, 6, 7, 15}, {4, 10, 12}, {8, 11}, {13}}","{{1, 3, 5, 8, 12}, {2, 4, 9, 10}, {6, 13, 15}, {7, 14}, {11}}",False,,,,False,FlipSYTNotFound
149616,"{{1, 2, 4, 10, 12}, {3, 5, 9, 15}, {6, 7, 11}, {8, 14}, {13}}","{{1, 2, 3, 8, 10}, {4, 5, 7, 13}, {6, 9, 15}, {11, 14}, {12}}",False,,,,False,FlipSYTNotFound
149686,"{{1, 3, 6, 8, 14}, {2, 4, 9, 15}, {5, 10, 12}, {7, 11}, {13}}","{{1, 3, 5, 9, 14}, {2, 4, 10, 11}, {6, 12, 15}, {7, 13}, {8}}",False,,,,False,FlipSYTNotFound
149735,"{{1, 3, 4, 6, 14}, {2, 8, 9, 15}, {5, 10, 12}, {7, 11}, {13}}","{{1, 3, 5, 9, 14}, {2, 4, 8, 11}, {6, 12, 13}, {7, 15}, {10}}",False,,,,False,FlipSYTNotFound
149867,"{{1, 3, 4, 6, 14}, {2, 7, 9, 15}, {5, 10, 12}, {8, 11}, {13}}","{{1, 3, 5, 8, 14}, {2, 4, 9, 11}, {6, 12, 13}, {7, 15}, {10}}",False,,,,False,FlipSYTNotFound
149896,"{{1, 2, 6, 8, 14}, {3, 5, 7, 15}, {4, 10, 12}, {9, 11}, {13}}","{{1, 3, 5, 7, 12}, {2, 4, 9, 11}, {6, 13, 15}, {8, 14}, {10}}",False,,,,False,FlipSYTNotFound
150026,"{{1, 4, 5, 12, 13}, {2, 6, 8, 14}, {3, 7, 15}, {9, 11}, {10}}","{{1, 4, 5, 6, 13}, {2, 7, 9, 14}, {3, 8, 12}, {10, 15}, {11}}",False,,,,False,FlipSYTNotFound
150095,"{{1, 4, 5, 12, 13}, {2, 6, 7, 14}, {3, 8, 15}, {9, 11}, {10}}","{{1, 4, 5, 6, 13}, {2, 7, 10, 14}, {3, 8, 12}, {9, 15}, {11}}",False,,,,False,FlipSYTNotFound
150115,"{{1, 4, 9, 12, 13}, {2, 5, 10, 14}, {3, 7, 15}, {6, 8}, {11}}","{{1, 4, 5, 8, 10}, {2, 6, 9, 13}, {3, 7, 14}, {11, 15}, {12}}",False,,,,False,FlipSYTNotFound
150147,"{{1, 3, 9, 12, 13}, {2, 5, 10, 14}, {4, 7, 15}, {6, 8}, {11}}","{{1, 4, 5, 8, 10}, {2, 6, 9, 12}, {3, 7, 14}, {11, 15}, {13}}",False,,,,False,FlipSYTNotFound
150151,"{{1, 3, 9, 12, 13}, {2, 5, 10, 14}, {4, 6, 15}, {7, 8}, {11}}","{{1, 4, 5, 8, 9}, {2, 6, 10, 12}, {3, 7, 14}, {11, 15}, {13}}",False,,,,False,FlipSYTNotFound
150184,"{{1, 5, 8, 12, 15}, {2, 6, 10, 13}, {3, 9, 11}, {4, 14}, {7}}","{{1, 2, 5, 7, 9}, {3, 6, 10, 12}, {4, 11, 13}, {8, 14}, {15}}",False,,,,False,FlipSYTNotFound
150186,"{{1, 4, 8, 12, 13}, {2, 5, 10, 14}, {3, 7, 15}, {6, 9}, {11}}","{{1, 4, 5, 7, 10}, {2, 6, 9, 13}, {3, 8, 14}, {11, 15}, {12}}",False,,,,False,FlipSYTNotFound
150202,"{{1, 3, 8, 12, 13}, {2, 5, 10, 14}, {4, 6, 15}, {7, 9}, {11}}","{{1, 4, 5, 7, 9}, {2, 6, 10, 12}, {3, 8, 14}, {11, 15}, {13}}",False,,,,False,FlipSYTNotFound
150212,"{{1, 3, 8, 12, 13}, {2, 5, 10, 14}, {4, 7, 15}, {6, 9}, {11}}","{{1, 4, 5, 7, 10}, {2, 6, 9, 12}, {3, 8, 14}, {11, 15}, {13}}",False,,,,False,FlipSYTNotFound
150342,"{{1, 4, 6, 12, 13}, {2, 5, 10, 14}, {3, 8, 15}, {7, 9}, {11}}","{{1, 4, 5, 7, 9}, {2, 6, 11, 13}, {3, 8, 14}, {10, 15}, {12}}",False,,,,False,FlipSYTNotFound
150375,"{{1, 3, 7, 12, 13}, {2, 5, 10, 14}, {4, 6, 15}, {8, 9}, {11}}","{{1, 4, 5, 7, 8}, {2, 6, 10, 12}, {3, 9, 14}, {11, 15}, {13}}",False,,,,False,FlipSYTNotFound
150414,"{{1, 3, 4, 8, 14}, {2, 5, 9, 15}, {6, 7, 12}, {10, 11}, {13}}","{{1, 3, 5, 6, 14}, {2, 4, 9, 10}, {7, 11, 13}, {8, 15}, {12}}",False,,,,False,FlipSYTNotFound
150570,"{{1, 4, 6, 12, 13}, {2, 5, 9, 14}, {3, 8, 15}, {7, 10}, {11}}","{{1, 4, 5, 8, 9}, {2, 6, 11, 13}, {3, 7, 14}, {10, 15}, {12}}",False,,,,False,FlipSYTNotFound
150682,"{{1, 4, 5, 12, 13}, {2, 6, 9, 14}, {3, 7, 15}, {8, 10}, {11}}","{{1, 4, 5, 8, 13}, {2, 6, 9, 14}, {3, 7, 12}, {10, 15}, {11}}",False,,,,False,FlipSYTNotFound
150716,"{{1, 2, 4, 12, 15}, {3, 5, 10, 13}, {6, 7, 11}, {8, 14}, {9}}","{{1, 2, 5, 7, 10}, {3, 6, 8, 13}, {4, 9, 15}, {11, 14}, {12}}",False,,,,False,FlipSYTNotFound
150741,"{{1, 2, 4, 12, 13}, {3, 7, 8, 14}, {5, 9, 15}, {6, 10}, {11}}","{{1, 4, 5, 9, 10}, {2, 6, 11, 15}, {3, 7, 13}, {8, 14}, {12}}",False,,,,False,FlipSYTNotFound
150859,"{{1, 3, 5, 12, 13}, {2, 4, 8, 14}, {6, 9, 15}, {7, 10}, {11}}","{{1, 4, 5, 9, 14}, {2, 6, 10, 15}, {3, 7, 12}, {8, 13}, {11}}",False,,,,False,FlipSYTNotFound
150861,"{{1, 4, 5, 12, 13}, {2, 6, 7, 14}, {3, 9, 15}, {8, 10}, {11}}","{{1, 4, 5, 8, 13}, {2, 6, 10, 14}, {3, 7, 12}, {9, 15}, {11}}",False,,,,False,FlipSYTNotFound
150954,"{{1, 3, 4, 11, 14}, {2, 6, 9, 15}, {5, 8, 10}, {7, 12}, {13}}","{{1, 3, 6, 8, 9}, {2, 4, 10, 11}, {5, 13, 14}, {7, 15}, {12}}",False,,,,False,FlipSYTNotFound
150970,"{{1, 4, 5, 12, 13}, {2, 6, 8, 14}, {3, 7, 15}, {9, 10}, {11}}","{{1, 4, 5, 7, 13}, {2, 6, 9, 14}, {3, 8, 12}, {10, 15}, {11}}",False,,,,False,FlipSYTNotFound
151028,"{{1, 6, 10, 11, 13}, {2, 7, 12, 14}, {3, 8, 15}, {4, 9}, {5}}","{{1, 4, 6, 7, 11}, {2, 5, 8, 12}, {3, 9, 13}, {10, 14}, {15}}",False,,,,False,FlipSYTNotFound
151032,"{{1, 4, 5, 12, 13}, {2, 6, 7, 14}, {3, 8, 15}, {9, 10}, {11}}","{{1, 4, 5, 7, 13}, {2, 6, 10, 14}, {3, 8, 12}, {9, 15}, {11}}",False,,,,False,FlipSYTNotFound
151102,"{{1, 3, 10, 11, 13}, {2, 5, 12, 14}, {4, 6, 15}, {7, 9}, {8}}","{{1, 4, 6, 7, 8}, {2, 5, 9, 12}, {3, 10, 14}, {11, 15}, {13}}",False,,,,False,FlipSYTNotFound
151137,"{{1, 3, 7, 11, 14}, {2, 6, 8, 15}, {4, 9, 10}, {5, 12}, {13}}","{{1, 3, 6, 7, 11}, {2, 4, 10, 12}, {5, 13, 14}, {8, 15}, {9}}",False,,,,False,FlipSYTNotFound
151164,"{{1, 3, 10, 11, 13}, {2, 5, 12, 14}, {4, 6, 15}, {7, 8}, {9}}","{{1, 4, 6, 7, 9}, {2, 5, 8, 12}, {3, 10, 14}, {11, 15}, {13}}",False,,,,False,FlipSYTNotFound
151171,"{{1, 3, 10, 11, 13}, {2, 5, 12, 14}, {4, 7, 15}, {6, 8}, {9}}","{{1, 4, 6, 7, 10}, {2, 5, 8, 12}, {3, 9, 14}, {11, 15}, {13}}",False,,,,False,FlipSYTNotFound
151175,"{{1, 6, 9, 11, 13}, {2, 7, 12, 14}, {3, 8, 15}, {4, 10}, {5}}","{{1, 4, 6, 8, 11}, {2, 5, 7, 12}, {3, 9, 13}, {10, 14}, {15}}",False,,,,False,FlipSYTNotFound
151266,"{{1, 2, 5, 11, 14}, {3, 4, 7, 15}, {6, 9, 10}, {8, 12}, {13}}","{{1, 3, 6, 7, 8}, {2, 4, 10, 13}, {5, 12, 15}, {9, 14}, {11}}",False,,,,False,FlipSYTNotFound
151295,"{{1, 3, 5, 7, 12}, {2, 4, 9, 15}, {6, 10, 11}, {8, 14}, {13}}","{{1, 2, 3, 8, 14}, {4, 5, 6, 12}, {7, 10, 15}, {9, 11}, {13}}",False,,,,False,FlipSYTNotFound
151304,"{{1, 2, 3, 7, 12}, {4, 6, 9, 15}, {5, 10, 11}, {8, 14}, {13}}","{{1, 2, 3, 8, 15}, {4, 5, 6, 11}, {7, 10, 14}, {9, 12}, {13}}",False,,,,False,FlipSYTNotFound
151446,"{{1, 3, 6, 11, 13}, {2, 5, 12, 14}, {4, 9, 15}, {7, 10}, {8}}","{{1, 4, 6, 8, 12}, {2, 5, 7, 9}, {3, 10, 11}, {13, 14}, {15}}",False,,,,False,FlipSYTNotFound
151485,"{{1, 3, 5, 11, 13}, {2, 6, 12, 14}, {4, 9, 15}, {7, 10}, {8}}","{{1, 4, 6, 8, 14}, {2, 5, 7, 9}, {3, 10, 12}, {11, 13}, {15}}",False,,,,False,FlipSYTNotFound
151515,"{{1, 2, 6, 11, 14}, {3, 4, 8, 15}, {5, 7, 9}, {10, 12}, {13}}","{{1, 3, 6, 9, 11}, {2, 4, 7, 13}, {5, 12, 15}, {8, 14}, {10}}",False,,,,False,FlipSYTNotFound
151520,"{{1, 2, 4, 11, 14}, {3, 6, 8, 15}, {5, 7, 9}, {10, 12}, {13}}","{{1, 3, 6, 9, 11}, {2, 4, 7, 13}, {5, 10, 15}, {8, 14}, {12}}",False,,,,False,FlipSYTNotFound
151557,"{{1, 2, 5, 11, 14}, {3, 4, 7, 15}, {6, 8, 9}, {10, 12}, {13}}","{{1, 3, 6, 8, 10}, {2, 4, 7, 13}, {5, 12, 15}, {9, 14}, {11}}",False,,,,False,FlipSYTNotFound
151710,"{{1, 2, 4, 12, 15}, {3, 5, 9, 13}, {6, 7, 11}, {8, 14}, {10}}","{{1, 2, 5, 6, 10}, {3, 7, 8, 13}, {4, 9, 15}, {11, 14}, {12}}",False,,,,False,FlipSYTNotFound
151711,"{{1, 3, 5, 11, 13}, {2, 6, 12, 14}, {4, 8, 15}, {7, 10}, {9}}","{{1, 4, 6, 7, 14}, {2, 5, 8, 9}, {3, 10, 12}, {11, 13}, {15}}",False,,,,False,FlipSYTNotFound
151752,"{{1, 2, 6, 10, 14}, {3, 7, 9, 15}, {4, 8, 11}, {5, 12}, {13}}","{{1, 3, 7, 8, 11}, {2, 4, 9, 12}, {5, 13, 15}, {6, 14}, {10}}",False,,,,False,FlipSYTNotFound
151771,"{{1, 3, 9, 11, 13}, {2, 5, 12, 14}, {4, 7, 15}, {6, 8}, {10}}","{{1, 4, 6, 8, 10}, {2, 5, 7, 12}, {3, 9, 14}, {11, 15}, {13}}",False,,,,False,FlipSYTNotFound
151781,"{{1, 3, 9, 11, 13}, {2, 5, 12, 14}, {4, 6, 15}, {7, 8}, {10}}","{{1, 4, 6, 8, 9}, {2, 5, 7, 12}, {3, 10, 14}, {11, 15}, {13}}",False,,,,False,FlipSYTNotFound
151819,"{{1, 3, 8, 11, 13}, {2, 6, 12, 14}, {4, 7, 15}, {5, 9}, {10}}","{{1, 4, 6, 9, 11}, {2, 5, 7, 12}, {3, 8, 14}, {10, 15}, {13}}",False,,,,False,FlipSYTNotFound
151825,"{{1, 4, 8, 11, 13}, {2, 5, 12, 14}, {3, 7, 15}, {6, 9}, {10}}","{{1, 4, 6, 9, 10}, {2, 5, 7, 13}, {3, 8, 14}, {11, 15}, {12}}",False,,,,False,FlipSYTNotFound
151826,"{{1, 3, 8, 11, 13}, {2, 5, 12, 14}, {4, 7, 15}, {6, 9}, {10}}","{{1, 4, 6, 9, 10}, {2, 5, 7, 12}, {3, 8, 14}, {11, 15}, {13}}",False,,,,False,FlipSYTNotFound
151864,"{{1, 4, 7, 10, 14}, {2, 5, 8, 15}, {3, 9, 11}, {6, 12}, {13}}","{{1, 3, 7, 10, 13}, {2, 4, 8, 11}, {5, 12, 14}, {6, 15}, {9}}",False,,,,False,FlipSYTNotFound
151871,"{{1, 2, 4, 10, 14}, {3, 6, 9, 15}, {5, 7, 11}, {8, 12}, {13}}","{{1, 3, 7, 8, 11}, {2, 4, 9, 13}, {5, 10, 15}, {6, 14}, {12}}",False,,,,False,FlipSYTNotFound
151896,"{{1, 2, 6, 11, 13}, {3, 7, 12, 14}, {4, 8, 15}, {5, 9}, {10}}","{{1, 4, 6, 11, 15}, {2, 5, 7, 12}, {3, 8, 13}, {9, 14}, {10}}",True,20,20,5.05641420784255051477E-1,False,DistanceAboveTolerance
151958,"{{1, 3, 4, 11, 13}, {2, 7, 12, 14}, {5, 8, 15}, {6, 9}, {10}}","{{1, 4, 6, 10, 14}, {2, 5, 7, 11}, {3, 8, 13}, {9, 15}, {12}}",False,,,,False,FlipSYTNotFound
152007,"{{1, 3, 6, 10, 14}, {2, 5, 7, 15}, {4, 9, 11}, {8, 12}, {13}}","{{1, 3, 7, 8, 12}, {2, 4, 9, 11}, {5, 13, 14}, {6, 15}, {10}}",False,,,,False,FlipSYTNotFound
152114,"{{1, 2, 4, 10, 14}, {3, 6, 8, 15}, {5, 7, 11}, {9, 12}, {13}}","{{1, 3, 7, 9, 11}, {2, 4, 8, 13}, {5, 10, 15}, {6, 14}, {12}}",False,,,,False,FlipSYTNotFound
152117,"{{1, 4, 9, 10, 13}, {2, 5, 12, 14}, {3, 8, 15}, {6, 11}, {7}}","{{1, 4, 5, 8, 9}, {2, 6, 7, 10}, {3, 11, 13}, {12, 14}, {15}}",False,,,,False,FlipSYTNotFound
152128,"{{1, 6, 9, 10, 13}, {2, 7, 12, 14}, {3, 8, 15}, {4, 11}, {5}}","{{1, 4, 5, 8, 11}, {2, 6, 7, 12}, {3, 9, 13}, {10, 14}, {15}}",False,,,,False,FlipSYTNotFound
152207,"{{1, 2, 4, 12, 15}, {3, 5, 6, 13}, {7, 8, 11}, {9, 14}, {10}}","{{1, 2, 5, 6, 9}, {3, 7, 11, 13}, {4, 8, 15}, {10, 14}, {12}}",False,,,,False,FlipSYTNotFound
152256,"{{1, 3, 8, 10, 13}, {2, 5, 12, 14}, {4, 9, 15}, {6, 11}, {7}}","{{1, 4, 5, 9, 12}, {2, 6, 7, 10}, {3, 8, 11}, {13, 14}, {15}}",False,,,,False,FlipSYTNotFound
152436,"{{1, 3, 5, 10, 13}, {2, 6, 12, 14}, {4, 9, 15}, {7, 11}, {8}}","{{1, 4, 5, 8, 14}, {2, 6, 7, 9}, {3, 10, 12}, {11, 13}, {15}}",False,,,,False,FlipSYTNotFound
152461,"{{1, 4, 7, 10, 13}, {2, 6, 12, 14}, {3, 8, 15}, {5, 11}, {9}}","{{1, 4, 5, 7, 11}, {2, 6, 8, 10}, {3, 9, 13}, {12, 14}, {15}}",False,,,,False,FlipSYTNotFound
152539,"{{1, 2, 4, 9, 12}, {3, 6, 8, 15}, {5, 7, 10}, {11, 14}, {13}}","{{1, 2, 3, 9, 11}, {4, 5, 8, 13}, {6, 10, 15}, {7, 14}, {12}}",False,,,,False,FlipSYTNotFound
152584,"{{1, 3, 5, 10, 13}, {2, 6, 12, 14}, {4, 8, 15}, {7, 11}, {9}}","{{1, 4, 5, 7, 14}, {2, 6, 8, 9}, {3, 10, 12}, {11, 13}, {15}}",False,,,,False,FlipSYTNotFound
152704,"{{1, 3, 5, 10, 13}, {2, 4, 12, 14}, {6, 7, 15}, {8, 11}, {9}}","{{1, 4, 5, 7, 14}, {2, 6, 8, 10}, {3, 9, 12}, {11, 15}, {13}}",False,,,,False,FlipSYTNotFound
152816,"{{1, 3, 4, 6, 14}, {2, 7, 10, 15}, {5, 9, 11}, {8, 12}, {13}}","{{1, 3, 7, 8, 14}, {2, 4, 9, 11}, {5, 12, 13}, {6, 15}, {10}}",False,,,,False,FlipSYTNotFound
152826,"{{1, 2, 4, 12, 15}, {3, 5, 6, 13}, {7, 9, 10}, {8, 14}, {11}}","{{1, 2, 5, 7, 8}, {3, 6, 11, 13}, {4, 9, 15}, {10, 14}, {12}}",False,,,,False,FlipSYTNotFound
153007,"{{1, 2, 4, 12, 15}, {3, 5, 6, 13}, {7, 8, 10}, {9, 14}, {11}}","{{1, 2, 5, 7, 9}, {3, 6, 11, 13}, {4, 8, 15}, {10, 14}, {12}}",False,,,,False,FlipSYTNotFound
153147,"{{1, 3, 6, 9, 14}, {2, 5, 8, 15}, {4, 10, 11}, {7, 12}, {13}}","{{1, 3, 6, 9, 12}, {2, 4, 8, 11}, {5, 13, 14}, {7, 15}, {10}}",False,,,,False,FlipSYTNotFound
153216,"{{1, 2, 4, 12, 15}, {3, 5, 6, 13}, {7, 8, 9}, {10, 14}, {11}}","{{1, 2, 5, 8, 9}, {3, 6, 11, 13}, {4, 7, 15}, {10, 14}, {12}}",False,,,,False,FlipSYTNotFound
153385,"{{1, 5, 8, 11, 15}, {2, 6, 10, 13}, {3, 9, 12}, {4, 14}, {7}}","{{1, 2, 4, 7, 9}, {3, 6, 10, 12}, {5, 11, 13}, {8, 14}, {15}}",False,,,,False,FlipSYTNotFound
153424,"{{1, 3, 5, 9, 13}, {2, 7, 12, 14}, {4, 8, 15}, {6, 11}, {10}}","{{1, 4, 5, 6, 14}, {2, 7, 8, 10}, {3, 9, 12}, {11, 13}, {15}}",False,,,,False,FlipSYTNotFound
153463,"{{1, 3, 4, 5, 14}, {2, 8, 9, 15}, {6, 10, 11}, {7, 12}, {13}}","{{1, 3, 6, 9, 14}, {2, 4, 8, 10}, {5, 12, 13}, {7, 15}, {11}}",False,,,,False,FlipSYTNotFound
153497,"{{1, 3, 5, 9, 13}, {2, 6, 12, 14}, {4, 8, 15}, {7, 11}, {10}}","{{1, 4, 5, 6, 14}, {2, 7, 8, 9}, {3, 10, 12}, {11, 13}, {15}}",False,,,,False,FlipSYTNotFound
153551,"{{1, 2, 6, 8, 14}, {3, 5, 7, 15}, {4, 10, 11}, {9, 12}, {13}}","{{1, 3, 6, 7, 12}, {2, 4, 9, 11}, {5, 13, 15}, {8, 14}, {10}}",False,,,,False,FlipSYTNotFound
153588,"{{1, 3, 5, 9, 13}, {2, 4, 12, 14}, {6, 7, 15}, {8, 11}, {10}}","{{1, 4, 5, 6, 14}, {2, 7, 8, 10}, {3, 9, 12}, {11, 15}, {13}}",False,,,,False,FlipSYTNotFound
153788,"{{1, 2, 4, 9, 14}, {3, 6, 8, 15}, {5, 7, 11}, {10, 12}, {13}}","{{1, 3, 6, 9, 11}, {2, 4, 8, 13}, {5, 10, 15}, {7, 14}, {12}}",False,,,,False,FlipSYTNotFound
153816,"{{1, 2, 4, 11, 15}, {3, 5, 10, 13}, {6, 7, 12}, {8, 14}, {9}}","{{1, 2, 4, 7, 10}, {3, 6, 8, 13}, {5, 9, 15}, {11, 14}, {12}}",False,,,,False,FlipSYTNotFound
153952,"{{1, 3, 9, 10, 13}, {2, 5, 12, 14}, {4, 7, 15}, {6, 8}, {11}}","{{1, 4, 5, 8, 10}, {2, 6, 7, 12}, {3, 9, 14}, {11, 15}, {13}}",False,,,,False,FlipSYTNotFound
153985,"{{1, 3, 9, 10, 13}, {2, 5, 12, 14}, {4, 6, 15}, {7, 8}, {11}}","{{1, 4, 5, 8, 9}, {2, 6, 7, 12}, {3, 10, 14}, {11, 15}, {13}}",False,,,,False,FlipSYTNotFound
154016,"{{1, 3, 8, 10, 13}, {2, 5, 12, 14}, {4, 7, 15}, {6, 9}, {11}}","{{1, 4, 5, 9, 10}, {2, 6, 7, 12}, {3, 8, 14}, {11, 15}, {13}}",False,,,,False,FlipSYTNotFound
154024,"{{1, 4, 8, 10, 13}, {2, 5, 12, 14}, {3, 7, 15}, {6, 9}, {11}}","{{1, 4, 5, 9, 10}, {2, 6, 7, 13}, {3, 8, 14}, {11, 15}, {12}}",False,,,,False,FlipSYTNotFound
154117,"{{1, 2, 4, 11, 15}, {3, 7, 8, 13}, {5, 10, 12}, {6, 14}, {9}}","{{1, 2, 4, 6, 7}, {3, 8, 9, 10}, {5, 11, 15}, {12, 13}, {14}}",True,20,20,1.09434350149787253710E-1,False,DistanceAboveTolerance
154127,"{{1, 3, 4, 10, 13}, {2, 7, 12, 14}, {5, 8, 15}, {6, 9}, {11}}","{{1, 4, 5, 10, 14}, {2, 6, 7, 11}, {3, 8, 13}, {9, 15}, {12}}",False,,,,False,FlipSYTNotFound
154184,"{{1, 3, 8, 9, 13}, {2, 5, 12, 14}, {4, 7, 15}, {6, 10}, {11}}","{{1, 4, 5, 9, 10}, {2, 6, 8, 12}, {3, 7, 14}, {11, 15}, {13}}",False,,,,False,FlipSYTNotFound
154201,"{{1, 3, 8, 9, 13}, {2, 6, 12, 14}, {4, 7, 15}, {5, 10}, {11}}","{{1, 4, 5, 9, 11}, {2, 6, 8, 12}, {3, 7, 14}, {10, 15}, {13}}",False,,,,False,FlipSYTNotFound
154212,"{{1, 4, 8, 9, 13}, {2, 5, 12, 14}, {3, 7, 15}, {6, 10}, {11}}","{{1, 4, 5, 9, 10}, {2, 6, 8, 13}, {3, 7, 14}, {11, 15}, {12}}",False,,,,False,FlipSYTNotFound
154310,"{{1, 3, 4, 9, 13}, {2, 7, 12, 14}, {5, 8, 15}, {6, 10}, {11}}","{{1, 4, 5, 10, 14}, {2, 6, 8, 11}, {3, 7, 13}, {9, 15}, {12}}",False,,,,False,FlipSYTNotFound
154324,"{{1, 2, 6, 9, 14}, {3, 4, 8, 15}, {5, 7, 10}, {11, 12}, {13}}","{{1, 3, 5, 9, 11}, {2, 4, 8, 13}, {6, 12, 15}, {7, 14}, {10}}",False,,,,False,FlipSYTNotFound
154332,"{{1, 2, 4, 9, 14}, {3, 6, 8, 15}, {5, 7, 10}, {11, 12}, {13}}","{{1, 3, 5, 9, 11}, {2, 4, 8, 13}, {6, 10, 15}, {7, 14}, {12}}",False,,,,False,FlipSYTNotFound
154465,"{{1, 3, 4, 8, 13}, {2, 6, 12, 14}, {5, 9, 15}, {7, 10}, {11}}","{{1, 4, 5, 9, 14}, {2, 6, 10, 11}, {3, 7, 13}, {8, 15}, {12}}",False,,,,False,FlipSYTNotFound
154516,"{{1, 2, 4, 11, 15}, {3, 5, 9, 13}, {6, 7, 12}, {8, 14}, {10}}","{{1, 2, 4, 6, 10}, {3, 7, 8, 13}, {5, 9, 15}, {11, 14}, {12}}",False,,,,False,FlipSYTNotFound
154606,"{{1, 3, 5, 7, 13}, {2, 6, 12, 14}, {4, 9, 15}, {8, 10}, {11}}","{{1, 4, 5, 8, 14}, {2, 6, 10, 12}, {3, 7, 13}, {9, 15}, {11}}",False,,,,False,FlipSYTNotFound
154708,"{{1, 6, 10, 12, 13}, {2, 7, 11, 15}, {3, 8, 14}, {4, 9}, {5}}","{{1, 2, 5, 7, 11}, {3, 4, 8, 12}, {6, 9, 13}, {10, 14}, {15}}",False,,,,False,FlipSYTNotFound
154718,"{{1, 4, 10, 12, 13}, {2, 5, 11, 15}, {3, 8, 14}, {6, 9}, {7}}","{{1, 2, 5, 7, 9}, {3, 4, 8, 10}, {6, 11, 13}, {12, 14}, {15}}",False,,,,False,FlipSYTNotFound
154824,"{{1, 3, 10, 12, 13}, {2, 5, 11, 15}, {4, 6, 14}, {7, 9}, {8}}","{{1, 2, 5, 7, 8}, {3, 4, 9, 12}, {6, 10, 14}, {11, 15}, {13}}",False,,,,False,FlipSYTNotFound
154840,"{{1, 6, 9, 11, 13}, {2, 7, 10, 14}, {3, 8, 15}, {4, 12}, {5}}","{{1, 4, 6, 8, 11}, {2, 5, 9, 12}, {3, 7, 13}, {10, 14}, {15}}",False,,,,False,FlipSYTNotFound
154851,"{{1, 5, 9, 12, 13}, {2, 7, 11, 15}, {3, 8, 14}, {4, 10}, {6}}","{{1, 2, 5, 6, 10}, {3, 4, 8, 12}, {7, 9, 13}, {11, 14}, {15}}",False,,,,False,FlipSYTNotFound
154859,"{{1, 2, 5, 11, 15}, {3, 4, 6, 13}, {7, 8, 12}, {9, 14}, {10}}","{{1, 2, 4, 6, 9}, {3, 7, 12, 13}, {5, 8, 15}, {10, 14}, {11}}",False,,,,False,FlipSYTNotFound
154860,"{{1, 3, 10, 12, 13}, {2, 5, 11, 15}, {4, 7, 14}, {6, 8}, {9}}","{{1, 2, 5, 7, 10}, {3, 4, 8, 12}, {6, 9, 14}, {11, 15}, {13}}",False,,,,False,FlipSYTNotFound
154865,"{{1, 4, 9, 12, 13}, {2, 5, 11, 15}, {3, 8, 14}, {6, 10}, {7}}","{{1, 2, 5, 6, 9}, {3, 4, 8, 10}, {7, 11, 13}, {12, 14}, {15}}",False,,,,False,FlipSYTNotFound
154866,"{{1, 2, 4, 11, 15}, {3, 5, 6, 13}, {7, 8, 12}, {9, 14}, {10}}","{{1, 2, 4, 6, 9}, {3, 7, 11, 13}, {5, 8, 15}, {10, 14}, {12}}",False,,,,False,FlipSYTNotFound
154873,"{{1, 6, 9, 12, 13}, {2, 7, 11, 15}, {3, 8, 14}, {4, 10}, {5}}","{{1, 2, 5, 6, 11}, {3, 4, 8, 12}, {7, 9, 13}, {10, 14}, {15}}",False,,,,False,FlipSYTNotFound
154877,"{{1, 3, 10, 12, 13}, {2, 5, 11, 15}, {4, 6, 14}, {7, 8}, {9}}","{{1, 2, 5, 7, 9}, {3, 4, 8, 12}, {6, 10, 14}, {11, 15}, {13}}",False,,,,False,FlipSYTNotFound
154928,"{{1, 6, 8, 12, 13}, {2, 7, 11, 15}, {3, 9, 14}, {4, 10}, {5}}","{{1, 2, 5, 6, 11}, {3, 4, 7, 12}, {8, 9, 13}, {10, 14}, {15}}",False,,,,False,FlipSYTNotFound
154961,"{{1, 3, 9, 12, 13}, {2, 5, 11, 15}, {4, 6, 14}, {7, 10}, {8}}","{{1, 2, 5, 6, 8}, {3, 4, 9, 12}, {7, 10, 14}, {11, 15}, {13}}",False,,,,False,FlipSYTNotFound
155028,"{{1, 5, 8, 10, 15}, {2, 6, 11, 13}, {3, 9, 12}, {4, 14}, {7}}","{{1, 2, 4, 7, 9}, {3, 8, 10, 12}, {5, 11, 13}, {6, 14}, {15}}",False,,,,False,FlipSYTNotFound
155115,"{{1, 4, 8, 11, 13}, {2, 5, 10, 14}, {3, 7, 15}, {6, 12}, {9}}","{{1, 4, 6, 7, 10}, {2, 5, 9, 13}, {3, 8, 11}, {12, 14}, {15}}",False,,,,False,FlipSYTNotFound
155145,"{{1, 3, 8, 12, 13}, {2, 5, 11, 15}, {4, 6, 14}, {7, 10}, {9}}","{{1, 2, 5, 6, 7}, {3, 4, 9, 12}, {8, 10, 14}, {11, 15}, {13}}",False,,,,False,FlipSYTNotFound
155213,"{{1, 3, 7, 12, 13}, {2, 5, 11, 15}, {4, 6, 14}, {8, 10}, {9}}","{{1, 2, 5, 6, 7}, {3, 4, 8, 12}, {9, 10, 14}, {11, 15}, {13}}",False,,,,False,FlipSYTNotFound
155215,"{{1, 3, 6, 12, 13}, {2, 5, 11, 15}, {4, 7, 14}, {8, 10}, {9}}","{{1, 2, 5, 6, 7}, {3, 4, 8, 12}, {9, 11, 14}, {10, 15}, {13}}",False,,,,False,FlipSYTNotFound
155226,"{{1, 4, 6, 12, 13}, {2, 5, 11, 15}, {3, 7, 14}, {8, 10}, {9}}","{{1, 2, 5, 6, 7}, {3, 4, 8, 13}, {9, 11, 14}, {10, 15}, {12}}",False,,,,False,FlipSYTNotFound
155303,"{{1, 3, 9, 12, 13}, {2, 5, 11, 15}, {4, 7, 14}, {6, 8}, {10}}","{{1, 2, 5, 6, 10}, {3, 4, 8, 12}, {7, 9, 14}, {11, 15}, {13}}",False,,,,False,FlipSYTNotFound
155319,"{{1, 3, 9, 12, 13}, {2, 5, 11, 15}, {4, 6, 14}, {7, 8}, {10}}","{{1, 2, 5, 6, 9}, {3, 4, 8, 12}, {7, 10, 14}, {11, 15}, {13}}",False,,,,False,FlipSYTNotFound
155346,"{{1, 3, 7, 12, 13}, {2, 6, 11, 15}, {4, 8, 14}, {5, 9}, {10}}","{{1, 2, 5, 6, 11}, {3, 4, 7, 12}, {8, 10, 14}, {9, 15}, {13}}",False,,,,False,FlipSYTNotFound
155348,"{{1, 3, 8, 12, 13}, {2, 5, 11, 15}, {4, 7, 14}, {6, 9}, {10}}","{{1, 2, 5, 6, 10}, {3, 4, 7, 12}, {8, 9, 14}, {11, 15}, {13}}",False,,,,False,FlipSYTNotFound
155349,"{{1, 3, 8, 12, 13}, {2, 5, 11, 15}, {4, 6, 14}, {7, 9}, {10}}","{{1, 2, 5, 6, 9}, {3, 4, 7, 12}, {8, 10, 14}, {11, 15}, {13}}",False,,,,False,FlipSYTNotFound
155366,"{{1, 3, 7, 12, 13}, {2, 5, 11, 15}, {4, 8, 14}, {6, 9}, {10}}","{{1, 2, 5, 6, 10}, {3, 4, 7, 12}, {8, 11, 14}, {9, 15}, {13}}",False,,,,False,FlipSYTNotFound
155391,"{{1, 3, 6, 12, 13}, {2, 5, 11, 15}, {4, 8, 14}, {7, 9}, {10}}","{{1, 2, 5, 6, 9}, {3, 4, 7, 12}, {8, 11, 14}, {10, 15}, {13}}",False,,,,False,FlipSYTNotFound
155425,"{{1, 4, 6, 12, 13}, {2, 5, 11, 15}, {3, 7, 14}, {8, 9}, {10}}","{{1, 2, 5, 6, 8}, {3, 4, 7, 13}, {9, 11, 14}, {10, 15}, {12}}",False,,,,False,FlipSYTNotFound
155430,"{{1, 3, 7, 12, 13}, {2, 5, 11, 15}, {4, 6, 14}, {8, 9}, {10}}","{{1, 2, 5, 6, 8}, {3, 4, 7, 12}, {9, 10, 14}, {11, 15}, {13}}",False,,,,False,FlipSYTNotFound
155450,"{{1, 3, 6, 12, 13}, {2, 5, 11, 15}, {4, 7, 14}, {8, 9}, {10}}","{{1, 2, 5, 6, 8}, {3, 4, 7, 12}, {9, 11, 14}, {10, 15}, {13}}",False,,,,False,FlipSYTNotFound
155526,"{{1, 5, 8, 9, 15}, {2, 6, 11, 13}, {3, 10, 12}, {4, 14}, {7}}","{{1, 2, 4, 6, 9}, {3, 8, 10, 12}, {5, 11, 13}, {7, 14}, {15}}",False,,,,False,FlipSYTNotFound
155591,"{{1, 6, 8, 12, 13}, {2, 7, 10, 15}, {3, 9, 14}, {4, 11}, {5}}","{{1, 2, 5, 7, 11}, {3, 4, 6, 12}, {8, 9, 13}, {10, 14}, {15}}",False,,,,False,FlipSYTNotFound
155720,"{{1, 5, 8, 12, 13}, {2, 6, 10, 15}, {3, 7, 14}, {4, 11}, {9}}","{{1, 2, 5, 7, 12}, {3, 4, 6, 9}, {8, 10, 13}, {11, 14}, {15}}",False,,,,False,FlipSYTNotFound
155721,"{{1, 4, 8, 12, 13}, {2, 5, 10, 15}, {3, 7, 14}, {6, 11}, {9}}","{{1, 2, 5, 7, 10}, {3, 4, 6, 9}, {8, 11, 13}, {12, 14}, {15}}",False,,,,False,FlipSYTNotFound
155745,"{{1, 3, 5, 9, 15}, {2, 6, 11, 13}, {4, 10, 12}, {7, 14}, {8}}","{{1, 2, 4, 6, 8}, {3, 9, 12, 14}, {5, 10, 13}, {7, 11}, {15}}",False,,,,False,FlipSYTNotFound
155756,"{{1, 5, 7, 12, 13}, {2, 6, 10, 15}, {3, 8, 14}, {4, 11}, {9}}","{{1, 2, 5, 7, 12}, {3, 4, 6, 8}, {9, 10, 13}, {11, 14}, {15}}",False,,,,False,FlipSYTNotFound
155792,"{{1, 4, 5, 11, 13}, {2, 6, 9, 14}, {3, 7, 15}, {8, 12}, {10}}","{{1, 4, 6, 8, 13}, {2, 5, 7, 14}, {3, 9, 12}, {10, 15}, {11}}",False,,,,False,FlipSYTNotFound
155985,"{{1, 3, 5, 8, 15}, {2, 6, 11, 13}, {4, 10, 12}, {7, 14}, {9}}","{{1, 2, 4, 6, 7}, {3, 9, 12, 14}, {5, 10, 13}, {8, 11}, {15}}",False,,,,False,FlipSYTNotFound
156019,"{{1, 4, 5, 11, 13}, {2, 6, 8, 14}, {3, 7, 15}, {9, 12}, {10}}","{{1, 4, 6, 9, 13}, {2, 5, 7, 14}, {3, 8, 12}, {10, 15}, {11}}",False,,,,False,FlipSYTNotFound
156135,"{{1, 3, 5, 7, 15}, {2, 6, 11, 13}, {4, 10, 12}, {8, 14}, {9}}","{{1, 2, 4, 6, 7}, {3, 8, 12, 14}, {5, 10, 13}, {9, 11}, {15}}",False,,,,False,FlipSYTNotFound
156226,"{{1, 5, 8, 12, 13}, {2, 6, 9, 15}, {3, 7, 14}, {4, 11}, {10}}","{{1, 2, 5, 6, 12}, {3, 4, 7, 9}, {8, 10, 13}, {11, 14}, {15}}",False,,,,False,FlipSYTNotFound
156229,"{{1, 4, 8, 12, 13}, {2, 5, 9, 15}, {3, 7, 14}, {6, 11}, {10}}","{{1, 2, 5, 6, 10}, {3, 4, 7, 9}, {8, 11, 13}, {12, 14}, {15}}",False,,,,False,FlipSYTNotFound
156270,"{{1, 4, 7, 12, 13}, {2, 5, 9, 15}, {3, 8, 14}, {6, 11}, {10}}","{{1, 2, 5, 6, 10}, {3, 4, 7, 8}, {9, 11, 13}, {12, 14}, {15}}",False,,,,False,FlipSYTNotFound
156277,"{{1, 2, 3, 10, 13}, {4, 8, 11, 14}, {5, 9, 15}, {6, 12}, {7}}","{{1, 4, 7, 9, 15}, {2, 5, 8, 10}, {3, 6, 11}, {12, 14}, {13}}",False,,,,False,FlipSYTNotFound
156650,"{{1, 2, 3, 9, 13}, {4, 8, 11, 14}, {5, 10, 15}, {6, 12}, {7}}","{{1, 4, 6, 9, 15}, {2, 5, 8, 10}, {3, 7, 11}, {12, 14}, {13}}",False,,,,False,FlipSYTNotFound
156705,"{{1, 3, 9, 12, 13}, {2, 5, 10, 15}, {4, 6, 14}, {7, 8}, {11}}","{{1, 2, 5, 8, 9}, {3, 4, 6, 12}, {7, 10, 14}, {11, 15}, {13}}",False,,,,False,FlipSYTNotFound
156711,"{{1, 3, 9, 12, 13}, {2, 5, 10, 15}, {4, 7, 14}, {6, 8}, {11}}","{{1, 2, 5, 8, 10}, {3, 4, 6, 12}, {7, 9, 14}, {11, 15}, {13}}",False,,,,False,FlipSYTNotFound
156715,"{{1, 3, 8, 12, 13}, {2, 5, 10, 15}, {4, 7, 14}, {6, 9}, {11}}","{{1, 2, 5, 7, 10}, {3, 4, 6, 12}, {8, 9, 14}, {11, 15}, {13}}",False,,,,False,FlipSYTNotFound
156727,"{{1, 3, 7, 12, 13}, {2, 5, 10, 15}, {4, 8, 14}, {6, 9}, {11}}","{{1, 2, 5, 7, 10}, {3, 4, 6, 12}, {8, 11, 14}, {9, 15}, {13}}",False,,,,False,FlipSYTNotFound
156728,"{{1, 3, 8, 12, 13}, {2, 5, 10, 15}, {4, 6, 14}, {7, 9}, {11}}","{{1, 2, 5, 7, 9}, {3, 4, 6, 12}, {8, 10, 14}, {11, 15}, {13}}",False,,,,False,FlipSYTNotFound
156729,"{{1, 3, 7, 12, 13}, {2, 6, 10, 15}, {4, 8, 14}, {5, 9}, {11}}","{{1, 2, 5, 7, 11}, {3, 4, 6, 12}, {8, 10, 14}, {9, 15}, {13}}",False,,,,False,FlipSYTNotFound
156776,"{{1, 3, 6, 12, 13}, {2, 5, 10, 15}, {4, 8, 14}, {7, 9}, {11}}","{{1, 2, 5, 7, 9}, {3, 4, 6, 12}, {8, 11, 14}, {10, 15}, {13}}",False,,,,False,FlipSYTNotFound
156787,"{{1, 2, 4, 12, 13}, {3, 6, 10, 15}, {5, 8, 14}, {7, 9}, {11}}","{{1, 2, 5, 7, 9}, {3, 4, 6, 11}, {8, 13, 15}, {10, 14}, {12}}",False,,,,False,FlipSYTNotFound
156788,"{{1, 3, 4, 12, 13}, {2, 7, 10, 15}, {5, 8, 14}, {6, 9}, {11}}","{{1, 2, 5, 7, 10}, {3, 4, 6, 11}, {8, 13, 14}, {9, 15}, {12}}",False,,,,False,FlipSYTNotFound
156793,"{{1, 3, 7, 12, 13}, {2, 5, 10, 15}, {4, 6, 14}, {8, 9}, {11}}","{{1, 2, 5, 7, 8}, {3, 4, 6, 12}, {9, 10, 14}, {11, 15}, {13}}",False,,,,False,FlipSYTNotFound
156813,"{{1, 4, 6, 12, 13}, {2, 5, 10, 15}, {3, 7, 14}, {8, 9}, {11}}","{{1, 2, 5, 7, 8}, {3, 4, 6, 13}, {9, 11, 14}, {10, 15}, {12}}",False,,,,False,FlipSYTNotFound
156824,"{{1, 3, 6, 12, 13}, {2, 5, 10, 15}, {4, 7, 14}, {8, 9}, {11}}","{{1, 2, 5, 7, 8}, {3, 4, 6, 12}, {9, 11, 14}, {10, 15}, {13}}",False,,,,False,FlipSYTNotFound
156843,"{{1, 2, 5, 12, 13}, {3, 6, 10, 15}, {4, 7, 14}, {8, 9}, {11}}","{{1, 2, 5, 7, 8}, {3, 4, 6, 12}, {9, 13, 15}, {10, 14}, {11}}",False,,,,False,FlipSYTNotFound
156874,"{{1, 4, 8, 12, 13}, {2, 6, 9, 15}, {3, 7, 14}, {5, 10}, {11}}","{{1, 2, 5, 9, 11}, {3, 4, 6, 13}, {7, 10, 14}, {8, 15}, {12}}",False,,,,False,FlipSYTNotFound
156881,"{{1, 3, 7, 8, 13}, {2, 5, 11, 14}, {4, 10, 15}, {6, 12}, {9}}","{{1, 4, 6, 7, 12}, {2, 5, 9, 10}, {3, 8, 11}, {13, 14}, {15}}",False,,,,False,FlipSYTNotFound
156899,"{{1, 3, 8, 12, 13}, {2, 5, 9, 15}, {4, 7, 14}, {6, 10}, {11}}","{{1, 2, 5, 9, 10}, {3, 4, 6, 12}, {7, 11, 14}, {8, 15}, {13}}",False,,,,False,FlipSYTNotFound
156923,"{{1, 3, 7, 12, 13}, {2, 5, 9, 15}, {4, 8, 14}, {6, 10}, {11}}","{{1, 2, 5, 8, 10}, {3, 4, 6, 12}, {7, 11, 14}, {9, 15}, {13}}",False,,,,False,FlipSYTNotFound
156941,"{{1, 3, 8, 12, 13}, {2, 4, 9, 15}, {5, 6, 14}, {7, 10}, {11}}","{{1, 2, 5, 9, 11}, {3, 4, 6, 10}, {7, 12, 14}, {8, 15}, {13}}",False,,,,False,FlipSYTNotFound
156982,"{{1, 3, 6, 12, 13}, {2, 5, 9, 15}, {4, 8, 14}, {7, 10}, {11}}","{{1, 2, 5, 8, 9}, {3, 4, 6, 12}, {7, 11, 14}, {10, 15}, {13}}",False,,,,False,FlipSYTNotFound
157118,"{{1, 3, 6, 12, 13}, {2, 5, 8, 15}, {4, 9, 14}, {7, 10}, {11}}","{{1, 2, 5, 9, 12}, {3, 4, 6, 11}, {7, 13, 14}, {8, 15}, {10}}",False,,,,False,FlipSYTNotFound
157292,"{{1, 6, 10, 11, 13}, {2, 7, 12, 15}, {3, 8, 14}, {4, 9}, {5}}","{{1, 2, 6, 7, 11}, {3, 4, 8, 12}, {5, 9, 13}, {10, 14}, {15}}",False,,,,False,FlipSYTNotFound
157332,"{{1, 4, 10, 11, 13}, {2, 5, 12, 15}, {3, 8, 14}, {6, 9}, {7}}","{{1, 2, 6, 7, 9}, {3, 4, 8, 10}, {5, 11, 13}, {12, 14}, {15}}",False,,,,False,FlipSYTNotFound
157353,"{{1, 3, 6, 8, 13}, {2, 7, 11, 14}, {4, 9, 15}, {5, 12}, {10}}","{{1, 4, 6, 11, 14}, {2, 5, 7, 12}, {3, 8, 9}, {10, 13}, {15}}",False,,,,False,FlipSYTNotFound
157386,"{{1, 3, 10, 11, 13}, {2, 5, 12, 15}, {4, 6, 14}, {7, 9}, {8}}","{{1, 2, 6, 7, 8}, {3, 4, 9, 12}, {5, 10, 14}, {11, 15}, {13}}",False,,,,False,FlipSYTNotFound
157393,"{{1, 6, 9, 11, 13}, {2, 7, 12, 15}, {3, 8, 14}, {4, 10}, {5}}","{{1, 2, 6, 8, 11}, {3, 4, 7, 12}, {5, 9, 13}, {10, 14}, {15}}",False,,,,False,FlipSYTNotFound
157409,"{{1, 3, 10, 11, 13}, {2, 5, 12, 15}, {4, 6, 14}, {7, 8}, {9}}","{{1, 2, 6, 7, 9}, {3, 4, 8, 12}, {5, 10, 14}, {11, 15}, {13}}",False,,,,False,FlipSYTNotFound
157416,"{{1, 3, 10, 11, 13}, {2, 5, 12, 15}, {4, 7, 14}, {6, 8}, {9}}","{{1, 2, 6, 7, 10}, {3, 4, 8, 12}, {5, 9, 14}, {11, 15}, {13}}",False,,,,False,FlipSYTNotFound
157432,"{{1, 4, 9, 11, 13}, {2, 5, 12, 15}, {3, 8, 14}, {6, 10}, {7}}","{{1, 2, 6, 8, 9}, {3, 4, 7, 10}, {5, 11, 13}, {12, 14}, {15}}",False,,,,False,FlipSYTNotFound
157466,"{{1, 3, 4, 7, 13}, {2, 6, 11, 14}, {5, 9, 15}, {8, 12}, {10}}","{{1, 4, 6, 8, 14}, {2, 5, 7, 11}, {3, 9, 10}, {12, 13}, {15}}",False,,,,False,FlipSYTNotFound
157619,"{{1, 2, 6, 11, 13}, {3, 7, 12, 15}, {4, 9, 14}, {5, 10}, {8}}","{{1, 2, 6, 8, 15}, {3, 4, 7, 11}, {5, 9, 12}, {10, 13}, {14}}",False,,,,False,FlipSYTNotFound
157639,"{{1, 3, 5, 11, 13}, {2, 6, 12, 15}, {4, 9, 14}, {7, 10}, {8}}","{{1, 2, 6, 8, 14}, {3, 4, 7, 9}, {5, 10, 12}, {11, 13}, {15}}",False,,,,False,FlipSYTNotFound
157729,"{{1, 3, 5, 9, 15}, {2, 6, 10, 13}, {4, 11, 12}, {7, 14}, {8}}","{{1, 2, 4, 5, 8}, {3, 9, 12, 14}, {6, 10, 13}, {7, 11}, {15}}",False,,,,False,FlipSYTNotFound
157808,"{{1, 2, 6, 10, 13}, {3, 8, 9, 14}, {4, 11, 15}, {5, 12}, {7}}","{{1, 4, 7, 8, 9}, {2, 5, 11, 15}, {3, 6, 12}, {10, 13}, {14}}",False,,,,False,FlipSYTNotFound
157865,"{{1, 5, 7, 8, 15}, {2, 6, 10, 13}, {3, 11, 12}, {4, 14}, {9}}","{{1, 2, 4, 5, 7}, {3, 9, 10, 12}, {6, 11, 13}, {8, 14}, {15}}",False,,,,False,FlipSYTNotFound
157889,"{{1, 3, 9, 11, 13}, {2, 5, 12, 15}, {4, 7, 14}, {6, 8}, {10}}","{{1, 2, 6, 8, 10}, {3, 4, 7, 12}, {5, 9, 14}, {11, 15}, {13}}",False,,,,False,FlipSYTNotFound
157896,"{{1, 3, 9, 11, 13}, {2, 5, 12, 15}, {4, 6, 14}, {7, 8}, {10}}","{{1, 2, 6, 8, 9}, {3, 4, 7, 12}, {5, 10, 14}, {11, 15}, {13}}",False,,,,False,FlipSYTNotFound
157920,"{{1, 3, 8, 11, 13}, {2, 5, 12, 15}, {4, 7, 14}, {6, 9}, {10}}","{{1, 2, 6, 9, 10}, {3, 4, 7, 12}, {5, 8, 14}, {11, 15}, {13}}",False,,,,False,FlipSYTNotFound
157925,"{{1, 4, 8, 11, 13}, {2, 5, 12, 15}, {3, 7, 14}, {6, 9}, {10}}","{{1, 2, 6, 9, 10}, {3, 4, 7, 13}, {5, 8, 14}, {11, 15}, {12}}",False,,,,False,FlipSYTNotFound
157991,"{{1, 3, 5, 8, 15}, {2, 6, 10, 13}, {4, 11, 12}, {7, 14}, {9}}","{{1, 2, 4, 5, 7}, {3, 9, 12, 14}, {6, 10, 13}, {8, 11}, {15}}",False,,,,False,FlipSYTNotFound
158007,"{{1, 3, 4, 11, 13}, {2, 7, 12, 15}, {5, 8, 14}, {6, 9}, {10}}","{{1, 2, 6, 10, 14}, {3, 4, 7, 11}, {5, 8, 13}, {9, 15}, {12}}",False,,,,False,FlipSYTNotFound
158042,"{{1, 3, 7, 11, 13}, {2, 5, 12, 15}, {4, 6, 14}, {8, 9}, {10}}","{{1, 2, 6, 8, 12}, {3, 4, 7, 10}, {5, 9, 14}, {11, 15}, {13}}",False,,,,False,FlipSYTNotFound
158060,"{{1, 5, 8, 9, 13}, {2, 7, 10, 14}, {3, 11, 15}, {4, 12}, {6}}","{{1, 4, 8, 9, 10}, {2, 5, 11, 12}, {3, 6, 13}, {7, 14}, {15}}",False,,,,False,FlipSYTNotFound
158109,"{{1, 6, 9, 10, 13}, {2, 7, 12, 15}, {3, 8, 14}, {4, 11}, {5}}","{{1, 2, 5, 8, 11}, {3, 4, 7, 12}, {6, 9, 13}, {10, 14}, {15}}",False,,,,False,FlipSYTNotFound
158207,"{{1, 4, 5, 9, 13}, {2, 6, 10, 14}, {3, 11, 15}, {7, 12}, {8}}","{{1, 4, 8, 12, 13}, {2, 5, 9, 14}, {3, 6, 10}, {7, 11}, {15}}",False,,,,False,FlipSYTNotFound
158278,"{{1, 2, 6, 7, 13}, {3, 9, 10, 14}, {4, 11, 15}, {5, 12}, {8}}","{{1, 4, 7, 8, 15}, {2, 5, 10, 11}, {3, 6, 12}, {9, 13}, {14}}",False,,,,False,FlipSYTNotFound
158331,"{{1, 3, 8, 10, 13}, {2, 5, 12, 15}, {4, 6, 14}, {7, 11}, {9}}","{{1, 2, 5, 7, 12}, {3, 4, 8, 9}, {6, 10, 14}, {11, 15}, {13}}",False,,,,False,FlipSYTNotFound
158355,"{{1, 3, 5, 10, 13}, {2, 6, 12, 15}, {4, 9, 14}, {7, 11}, {8}}","{{1, 2, 5, 8, 14}, {3, 4, 7, 9}, {6, 10, 12}, {11, 13}, {15}}",False,,,,False,FlipSYTNotFound
158389,"{{1, 4, 6, 8, 13}, {2, 5, 10, 14}, {3, 11, 15}, {7, 12}, {9}}","{{1, 4, 7, 11, 13}, {2, 5, 9, 14}, {3, 6, 10}, {8, 12}, {15}}",False,,,,False,FlipSYTNotFound
158394,"{{1, 3, 5, 10, 13}, {2, 7, 12, 15}, {4, 8, 14}, {6, 11}, {9}}","{{1, 2, 5, 7, 14}, {3, 4, 8, 10}, {6, 9, 12}, {11, 13}, {15}}",False,,,,False,FlipSYTNotFound
158402,"{{1, 4, 5, 8, 13}, {2, 6, 10, 14}, {3, 11, 15}, {7, 12}, {9}}","{{1, 4, 7, 12, 13}, {2, 5, 9, 14}, {3, 6, 10}, {8, 11}, {15}}",False,,,,False,FlipSYTNotFound
158467,"{{1, 4, 6, 7, 13}, {2, 5, 10, 14}, {3, 11, 15}, {8, 12}, {9}}","{{1, 4, 7, 11, 13}, {2, 5, 8, 14}, {3, 6, 10}, {9, 12}, {15}}",False,,,,False,FlipSYTNotFound
158502,"{{1, 3, 5, 8, 15}, {2, 6, 9, 13}, {4, 11, 12}, {7, 14}, {10}}","{{1, 2, 4, 5, 6}, {3, 9, 12, 14}, {7, 10, 13}, {8, 11}, {15}}",False,,,,False,FlipSYTNotFound
158590,"{{1, 4, 7, 9, 13}, {2, 6, 12, 15}, {3, 10, 14}, {5, 11}, {8}}","{{1, 2, 5, 8, 11}, {3, 4, 6, 10}, {7, 9, 13}, {12, 14}, {15}}",False,,,,False,FlipSYTNotFound
158679,"{{1, 3, 5, 9, 13}, {2, 6, 12, 15}, {4, 10, 14}, {7, 11}, {8}}","{{1, 2, 5, 8, 14}, {3, 4, 6, 9}, {7, 10, 12}, {11, 13}, {15}}",False,,,,False,FlipSYTNotFound
158696,"{{1, 2, 5, 9, 13}, {3, 4, 7, 14}, {6, 11, 15}, {8, 12}, {10}}","{{1, 4, 6, 10, 13}, {2, 5, 8, 15}, {3, 7, 9}, {11, 12}, {14}}",False,,,,False,FlipSYTNotFound
158730,"{{1, 3, 6, 8, 15}, {2, 5, 7, 13}, {4, 11, 12}, {9, 14}, {10}}","{{1, 2, 4, 5, 6}, {3, 7, 11, 12}, {8, 9, 14}, {10, 13}, {15}}",False,,,,False,FlipSYTNotFound
158765,"{{1, 4, 6, 8, 13}, {2, 5, 9, 14}, {3, 11, 15}, {7, 12}, {10}}","{{1, 4, 6, 11, 13}, {2, 5, 9, 14}, {3, 7, 10}, {8, 12}, {15}}",False,,,,False,FlipSYTNotFound
158787,"{{1, 4, 5, 8, 13}, {2, 6, 9, 14}, {3, 11, 15}, {7, 12}, {10}}","{{1, 4, 6, 12, 13}, {2, 5, 9, 14}, {3, 7, 10}, {8, 11}, {15}}",False,,,,False,FlipSYTNotFound
158822,"{{1, 3, 5, 7, 15}, {2, 6, 8, 13}, {4, 11, 12}, {9, 14}, {10}}","{{1, 2, 4, 5, 6}, {3, 7, 12, 14}, {8, 10, 13}, {9, 11}, {15}}",False,,,,False,FlipSYTNotFound
158836,"{{1, 3, 5, 8, 13}, {2, 7, 12, 15}, {4, 10, 14}, {6, 11}, {9}}","{{1, 2, 5, 7, 14}, {3, 4, 6, 10}, {8, 9, 12}, {11, 13}, {15}}",False,,,,False,FlipSYTNotFound
158914,"{{1, 4, 6, 7, 13}, {2, 5, 9, 14}, {3, 11, 15}, {8, 12}, {10}}","{{1, 4, 6, 11, 13}, {2, 5, 8, 14}, {3, 7, 10}, {9, 12}, {15}}",False,,,,False,FlipSYTNotFound
158957,"{{1, 2, 4, 7, 15}, {3, 5, 6, 13}, {8, 11, 12}, {9, 14}, {10}}","{{1, 2, 4, 5, 6}, {3, 7, 11, 13}, {8, 10, 15}, {9, 14}, {12}}",False,,,,False,FlipSYTNotFound
158963,"{{1, 2, 5, 6, 13}, {3, 7, 9, 14}, {4, 11, 15}, {8, 12}, {10}}","{{1, 4, 6, 12, 15}, {2, 5, 8, 13}, {3, 7, 9}, {10, 11}, {14}}",False,,,,False,FlipSYTNotFound
159029,"{{1, 4, 6, 7, 13}, {2, 5, 8, 14}, {3, 11, 15}, {9, 12}, {10}}","{{1, 4, 6, 11, 13}, {2, 5, 7, 14}, {3, 8, 10}, {9, 12}, {15}}",False,,,,False,FlipSYTNotFound
159061,"{{1, 4, 8, 9, 13}, {2, 5, 12, 15}, {3, 7, 14}, {6, 11}, {10}}","{{1, 2, 5, 6, 10}, {3, 4, 8, 9}, {7, 11, 13}, {12, 14}, {15}}",False,,,,False,FlipSYTNotFound
159082,"{{1, 4, 7, 9, 13}, {2, 6, 12, 15}, {3, 8, 14}, {5, 11}, {10}}","{{1, 2, 5, 6, 11}, {3, 4, 8, 10}, {7, 9, 13}, {12, 14}, {15}}",False,,,,False,FlipSYTNotFound
159131,"{{1, 3, 5, 9, 13}, {2, 6, 12, 15}, {4, 8, 14}, {7, 11}, {10}}","{{1, 2, 5, 6, 14}, {3, 4, 8, 9}, {7, 10, 12}, {11, 13}, {15}}",False,,,,False,FlipSYTNotFound
159145,"{{1, 3, 4, 9, 13}, {2, 5, 12, 15}, {6, 8, 14}, {7, 11}, {10}}","{{1, 2, 5, 6, 14}, {3, 4, 8, 9}, {7, 10, 13}, {11, 15}, {12}}",False,,,,False,FlipSYTNotFound
159204,"{{1, 2, 4, 10, 15}, {3, 5, 9, 13}, {6, 7, 12}, {8, 14}, {11}}","{{1, 2, 4, 5, 10}, {3, 7, 8, 13}, {6, 9, 15}, {11, 14}, {12}}",False,,,,False,FlipSYTNotFound
159219,"{{1, 3, 5, 9, 13}, {2, 6, 12, 15}, {4, 7, 14}, {8, 11}, {10}}","{{1, 2, 5, 6, 14}, {3, 4, 8, 12}, {7, 9, 13}, {10, 15}, {11}}",False,,,,False,FlipSYTNotFound
159271,"{{1, 3, 5, 8, 13}, {2, 7, 12, 15}, {4, 9, 14}, {6, 11}, {10}}","{{1, 2, 5, 6, 14}, {3, 4, 7, 10}, {8, 9, 12}, {11, 13}, {15}}",False,,,,False,FlipSYTNotFound
159388,"{{1, 3, 5, 7, 13}, {2, 4, 12, 15}, {6, 9, 14}, {8, 11}, {10}}","{{1, 2, 5, 6, 14}, {3, 4, 7, 8}, {9, 10, 12}, {11, 15}, {13}}",False,,,,False,FlipSYTNotFound
159393,"{{1, 4, 5, 10, 13}, {2, 6, 9, 14}, {3, 7, 15}, {8, 12}, {11}}","{{1, 4, 5, 8, 13}, {2, 6, 7, 14}, {3, 9, 12}, {10, 15}, {11}}",False,,,,False,FlipSYTNotFound
159577,"{{1, 4, 5, 10, 13}, {2, 6, 8, 14}, {3, 7, 15}, {9, 12}, {11}}","{{1, 4, 5, 9, 13}, {2, 6, 7, 14}, {3, 8, 12}, {10, 15}, {11}}",False,,,,False,FlipSYTNotFound
159586,"{{1, 3, 9, 10, 13}, {2, 5, 12, 15}, {4, 7, 14}, {6, 8}, {11}}","{{1, 2, 5, 8, 10}, {3, 4, 7, 12}, {6, 9, 14}, {11, 15}, {13}}",False,,,,False,FlipSYTNotFound
159609,"{{1, 2, 4, 10, 15}, {3, 5, 6, 13}, {7, 8, 12}, {9, 14}, {11}}","{{1, 2, 4, 5, 9}, {3, 7, 11, 13}, {6, 8, 15}, {10, 14}, {12}}",False,,,,False,FlipSYTNotFound
159611,"{{1, 3, 9, 10, 13}, {2, 5, 12, 15}, {4, 6, 14}, {7, 8}, {11}}","{{1, 2, 5, 8, 9}, {3, 4, 7, 12}, {6, 10, 14}, {11, 15}, {13}}",False,,,,False,FlipSYTNotFound
159633,"{{1, 3, 8, 10, 13}, {2, 5, 12, 15}, {4, 7, 14}, {6, 9}, {11}}","{{1, 2, 5, 9, 10}, {3, 4, 7, 12}, {6, 8, 14}, {11, 15}, {13}}",False,,,,False,FlipSYTNotFound
159757,"{{1, 3, 7, 10, 13}, {2, 4, 12, 15}, {5, 8, 14}, {6, 9}, {11}}","{{1, 2, 5, 10, 14}, {3, 4, 7, 11}, {6, 8, 12}, {9, 15}, {13}}",False,,,,False,FlipSYTNotFound
159778,"{{1, 3, 4, 10, 13}, {2, 7, 12, 15}, {5, 8, 14}, {6, 9}, {11}}","{{1, 2, 5, 10, 14}, {3, 4, 7, 11}, {6, 8, 13}, {9, 15}, {12}}",False,,,,False,FlipSYTNotFound
159838,"{{1, 3, 8, 9, 13}, {2, 5, 12, 15}, {4, 7, 14}, {6, 10}, {11}}","{{1, 2, 5, 9, 10}, {3, 4, 6, 12}, {7, 8, 14}, {11, 15}, {13}}",False,,,,False,FlipSYTNotFound
159887,"{{1, 5, 6, 8, 15}, {2, 7, 10, 13}, {3, 9, 12}, {4, 14}, {11}}","{{1, 2, 4, 5, 12}, {3, 7, 11, 13}, {6, 9, 14}, {8, 10}, {15}}",False,,,,False,FlipSYTNotFound
159913,"{{1, 3, 4, 9, 13}, {2, 7, 12, 15}, {5, 8, 14}, {6, 10}, {11}}","{{1, 2, 5, 10, 14}, {3, 4, 6, 11}, {7, 8, 13}, {9, 15}, {12}}",False,,,,False,FlipSYTNotFound
160040,"{{1, 3, 4, 8, 13}, {2, 7, 12, 15}, {5, 9, 14}, {6, 10}, {11}}","{{1, 2, 5, 10, 14}, {3, 4, 6, 11}, {7, 9, 13}, {8, 15}, {12}}",False,,,,False,FlipSYTNotFound
160129,"{{1, 3, 6, 8, 13}, {2, 4, 10, 14}, {5, 7, 15}, {9, 12}, {11}}","{{1, 4, 5, 11, 14}, {2, 6, 7, 12}, {3, 8, 9}, {10, 15}, {13}}",False,,,,False,FlipSYTNotFound
160320,"{{1, 4, 7, 8, 13}, {2, 5, 9, 14}, {3, 10, 15}, {6, 12}, {11}}","{{1, 4, 5, 10, 13}, {2, 6, 9, 14}, {3, 7, 11}, {8, 12}, {15}}",False,,,,False,FlipSYTNotFound
160338,"{{1, 4, 5, 8, 13}, {2, 6, 9, 14}, {3, 10, 15}, {7, 12}, {11}}","{{1, 4, 5, 12, 13}, {2, 6, 9, 14}, {3, 7, 10}, {8, 11}, {15}}",False,,,,False,FlipSYTNotFound
160367,"{{1, 3, 5, 8, 13}, {2, 7, 9, 14}, {4, 10, 15}, {6, 12}, {11}}","{{1, 4, 5, 10, 14}, {2, 6, 9, 12}, {3, 7, 11}, {8, 13}, {15}}",False,,,,False,FlipSYTNotFound
160391,"{{1, 4, 6, 7, 13}, {2, 5, 9, 14}, {3, 10, 15}, {8, 12}, {11}}","{{1, 4, 5, 11, 13}, {2, 6, 8, 14}, {3, 7, 10}, {9, 12}, {15}}",False,,,,False,FlipSYTNotFound
160399,"{{1, 3, 5, 6, 13}, {2, 8, 9, 14}, {4, 10, 15}, {7, 12}, {11}}","{{1, 4, 5, 9, 14}, {2, 6, 8, 12}, {3, 7, 11}, {10, 13}, {15}}",False,,,,False,FlipSYTNotFound
160447,"{{1, 2, 3, 4, 13}, {5, 7, 9, 14}, {6, 10, 15}, {8, 12}, {11}}","{{1, 4, 5, 10, 15}, {2, 6, 8, 14}, {3, 7, 9}, {11, 13}, {12}}",False,,,,False,FlipSYTNotFound
160475,"{{1, 2, 6, 8, 13}, {3, 4, 7, 14}, {5, 10, 15}, {9, 12}, {11}}","{{1, 4, 5, 11, 13}, {2, 6, 7, 15}, {3, 8, 9}, {10, 12}, {14}}",False,,,,False,FlipSYTNotFound
160611,"{{1, 4, 5, 9, 13}, {2, 6, 8, 14}, {3, 7, 15}, {10, 12}, {11}}","{{1, 4, 5, 9, 13}, {2, 6, 8, 14}, {3, 7, 12}, {10, 15}, {11}}",False,,,,False,FlipSYTNotFound
160660,"{{1, 3, 5, 7, 15}, {2, 6, 8, 13}, {4, 10, 12}, {9, 14}, {11}}","{{1, 2, 4, 5, 7}, {3, 6, 12, 14}, {8, 10, 13}, {9, 11}, {15}}",False,,,,False,FlipSYTNotFound
160727,"{{1, 2, 4, 7, 15}, {3, 5, 6, 13}, {8, 10, 12}, {9, 14}, {11}}","{{1, 2, 4, 5, 7}, {3, 6, 11, 13}, {8, 10, 15}, {9, 14}, {12}}",False,,,,False,FlipSYTNotFound
160817,"{{1, 2, 4, 9, 15}, {3, 5, 8, 13}, {6, 7, 12}, {10, 14}, {11}}","{{1, 2, 4, 5, 10}, {3, 6, 9, 13}, {7, 8, 15}, {11, 14}, {12}}",False,,,,False,FlipSYTNotFound
160863,"{{1, 2, 4, 9, 15}, {3, 5, 6, 13}, {7, 8, 12}, {10, 14}, {11}}","{{1, 2, 4, 5, 9}, {3, 6, 11, 13}, {7, 8, 15}, {10, 14}, {12}}",False,,,,False,FlipSYTNotFound
160903,"{{1, 3, 9, 11, 13}, {2, 5, 10, 14}, {4, 7, 15}, {6, 8}, {12}}","{{1, 4, 6, 8, 10}, {2, 5, 9, 12}, {3, 7, 14}, {11, 15}, {13}}",False,,,,False,FlipSYTNotFound
160908,"{{1, 3, 9, 11, 13}, {2, 5, 10, 14}, {4, 6, 15}, {7, 8}, {12}}","{{1, 4, 6, 8, 9}, {2, 5, 10, 12}, {3, 7, 14}, {11, 15}, {13}}",False,,,,False,FlipSYTNotFound
160915,"{{1, 4, 9, 11, 13}, {2, 5, 10, 14}, {3, 7, 15}, {6, 8}, {12}}","{{1, 4, 6, 8, 10}, {2, 5, 9, 13}, {3, 7, 14}, {11, 15}, {12}}",False,,,,False,FlipSYTNotFound
160930,"{{1, 3, 8, 11, 13}, {2, 5, 10, 14}, {4, 6, 15}, {7, 9}, {12}}","{{1, 4, 6, 7, 9}, {2, 5, 10, 12}, {3, 8, 14}, {11, 15}, {13}}",False,,,,False,FlipSYTNotFound
160944,"{{1, 3, 8, 11, 13}, {2, 5, 10, 14}, {4, 7, 15}, {6, 9}, {12}}","{{1, 4, 6, 7, 10}, {2, 5, 9, 12}, {3, 8, 14}, {11, 15}, {13}}",False,,,,False,FlipSYTNotFound
160948,"{{1, 4, 8, 11, 13}, {2, 5, 10, 14}, {3, 7, 15}, {6, 9}, {12}}","{{1, 4, 6, 7, 10}, {2, 5, 9, 13}, {3, 8, 14}, {11, 15}, {12}}",False,,,,False,FlipSYTNotFound
161006,"{{1, 4, 6, 11, 13}, {2, 5, 10, 14}, {3, 8, 15}, {7, 9}, {12}}","{{1, 4, 6, 7, 9}, {2, 5, 11, 13}, {3, 8, 14}, {10, 15}, {12}}",False,,,,False,FlipSYTNotFound
161009,"{{1, 3, 7, 11, 13}, {2, 5, 10, 14}, {4, 6, 15}, {8, 9}, {12}}","{{1, 4, 6, 7, 8}, {2, 5, 10, 12}, {3, 9, 14}, {11, 15}, {13}}",False,,,,False,FlipSYTNotFound
161028,"{{1, 4, 6, 11, 13}, {2, 5, 10, 14}, {3, 7, 15}, {8, 9}, {12}}","{{1, 4, 6, 7, 8}, {2, 5, 11, 13}, {3, 9, 14}, {10, 15}, {12}}",False,,,,False,FlipSYTNotFound
161040,"{{1, 2, 4, 8, 15}, {3, 5, 6, 13}, {7, 9, 12}, {10, 14}, {11}}","{{1, 2, 4, 5, 9}, {3, 6, 11, 13}, {7, 10, 15}, {8, 14}, {12}}",False,,,,False,FlipSYTNotFound
161107,"{{1, 2, 4, 7, 15}, {3, 5, 6, 13}, {8, 9, 12}, {10, 14}, {11}}","{{1, 2, 4, 5, 8}, {3, 6, 11, 13}, {7, 10, 15}, {9, 14}, {12}}",False,,,,False,FlipSYTNotFound
161120,"{{1, 4, 6, 11, 13}, {2, 5, 9, 14}, {3, 8, 15}, {7, 10}, {12}}","{{1, 4, 6, 8, 9}, {2, 5, 11, 13}, {3, 7, 14}, {10, 15}, {12}}",False,,,,False,FlipSYTNotFound
161161,"{{1, 4, 5, 11, 13}, {2, 6, 9, 14}, {3, 7, 15}, {8, 10}, {12}}","{{1, 4, 6, 8, 13}, {2, 5, 9, 14}, {3, 7, 12}, {10, 15}, {11}}",False,,,,False,FlipSYTNotFound
161234,"{{1, 4, 5, 11, 13}, {2, 6, 7, 14}, {3, 9, 15}, {8, 10}, {12}}","{{1, 4, 6, 8, 13}, {2, 5, 10, 14}, {3, 7, 12}, {9, 15}, {11}}",False,,,,False,FlipSYTNotFound
161293,"{{1, 4, 5, 11, 13}, {2, 6, 8, 14}, {3, 7, 15}, {9, 10}, {12}}","{{1, 4, 6, 7, 13}, {2, 5, 9, 14}, {3, 8, 12}, {10, 15}, {11}}",False,,,,False,FlipSYTNotFound
161318,"{{1, 4, 5, 11, 13}, {2, 6, 7, 14}, {3, 8, 15}, {9, 10}, {12}}","{{1, 4, 6, 7, 13}, {2, 5, 10, 14}, {3, 8, 12}, {9, 15}, {11}}",False,,,,False,FlipSYTNotFound
161347,"{{1, 3, 9, 10, 13}, {2, 5, 11, 14}, {4, 7, 15}, {6, 8}, {12}}","{{1, 4, 7, 8, 10}, {2, 5, 9, 12}, {3, 6, 14}, {11, 15}, {13}}",False,,,,False,FlipSYTNotFound
161356,"{{1, 4, 9, 10, 13}, {2, 5, 11, 14}, {3, 7, 15}, {6, 8}, {12}}","{{1, 4, 7, 8, 10}, {2, 5, 9, 13}, {3, 6, 14}, {11, 15}, {12}}",False,,,,False,FlipSYTNotFound
161365,"{{1, 3, 9, 10, 13}, {2, 5, 11, 14}, {4, 6, 15}, {7, 8}, {12}}","{{1, 4, 7, 8, 9}, {2, 5, 10, 12}, {3, 6, 14}, {11, 15}, {13}}",False,,,,False,FlipSYTNotFound
161391,"{{1, 3, 8, 10, 13}, {2, 5, 11, 14}, {4, 7, 15}, {6, 9}, {12}}","{{1, 4, 7, 9, 10}, {2, 5, 8, 12}, {3, 6, 14}, {11, 15}, {13}}",False,,,,False,FlipSYTNotFound
161398,"{{1, 3, 8, 10, 13}, {2, 6, 11, 14}, {4, 7, 15}, {5, 9}, {12}}","{{1, 4, 7, 9, 11}, {2, 5, 8, 12}, {3, 6, 14}, {10, 15}, {13}}",False,,,,False,FlipSYTNotFound
161400,"{{1, 4, 8, 10, 13}, {2, 5, 11, 14}, {3, 7, 15}, {6, 9}, {12}}","{{1, 4, 7, 9, 10}, {2, 5, 8, 13}, {3, 6, 14}, {11, 15}, {12}}",False,,,,False,FlipSYTNotFound
161428,"{{1, 2, 4, 11, 15}, {3, 5, 6, 13}, {7, 9, 10}, {8, 14}, {12}}","{{1, 2, 4, 7, 8}, {3, 6, 11, 13}, {5, 9, 15}, {10, 14}, {12}}",False,,,,False,FlipSYTNotFound
161430,"{{1, 3, 4, 10, 13}, {2, 7, 11, 14}, {5, 8, 15}, {6, 9}, {12}}","{{1, 4, 7, 10, 14}, {2, 5, 8, 11}, {3, 6, 13}, {9, 15}, {12}}",False,,,,False,FlipSYTNotFound
161502,"{{1, 3, 8, 9, 13}, {2, 5, 11, 14}, {4, 7, 15}, {6, 10}, {12}}","{{1, 4, 6, 9, 10}, {2, 5, 8, 12}, {3, 7, 14}, {11, 15}, {13}}",False,,,,False,FlipSYTNotFound
161505,"{{1, 4, 8, 9, 13}, {2, 5, 11, 14}, {3, 7, 15}, {6, 10}, {12}}","{{1, 4, 6, 9, 10}, {2, 5, 8, 13}, {3, 7, 14}, {11, 15}, {12}}",False,,,,False,FlipSYTNotFound
161507,"{{1, 3, 8, 9, 13}, {2, 6, 11, 14}, {4, 7, 15}, {5, 10}, {12}}","{{1, 4, 6, 9, 11}, {2, 5, 8, 12}, {3, 7, 14}, {10, 15}, {13}}",False,,,,False,FlipSYTNotFound
161516,"{{1, 2, 4, 11, 15}, {3, 5, 6, 13}, {7, 8, 10}, {9, 14}, {12}}","{{1, 2, 4, 7, 9}, {3, 6, 11, 13}, {5, 8, 15}, {10, 14}, {12}}",False,,,,False,FlipSYTNotFound
161547,"{{1, 3, 4, 9, 13}, {2, 7, 11, 14}, {5, 8, 15}, {6, 10}, {12}}","{{1, 4, 6, 10, 14}, {2, 5, 8, 11}, {3, 7, 13}, {9, 15}, {12}}",False,,,,False,FlipSYTNotFound
161611,"{{1, 2, 4, 11, 15}, {3, 5, 7, 13}, {6, 8, 9}, {10, 14}, {12}}","{{1, 2, 4, 8, 10}, {3, 6, 11, 13}, {5, 7, 15}, {9, 14}, {12}}",False,,,,False,FlipSYTNotFound
161668,"{{1, 3, 4, 8, 13}, {2, 6, 11, 14}, {5, 9, 15}, {7, 10}, {12}}","{{1, 4, 6, 9, 14}, {2, 5, 10, 11}, {3, 7, 13}, {8, 15}, {12}}",False,,,,False,FlipSYTNotFound
161754,"{{1, 3, 5, 7, 13}, {2, 6, 11, 14}, {4, 9, 15}, {8, 10}, {12}}","{{1, 4, 6, 8, 14}, {2, 5, 10, 12}, {3, 7, 13}, {9, 15}, {11}}",False,,,,False,FlipSYTNotFound
161857,"{{1, 3, 5, 7, 13}, {2, 6, 11, 14}, {4, 8, 15}, {9, 10}, {12}}","{{1, 4, 6, 7, 14}, {2, 5, 10, 12}, {3, 8, 13}, {9, 15}, {11}}",False,,,,False,FlipSYTNotFound
161959,"{{1, 4, 6, 10, 13}, {2, 5, 9, 14}, {3, 8, 15}, {7, 11}, {12}}","{{1, 4, 7, 8, 9}, {2, 5, 11, 13}, {3, 6, 14}, {10, 15}, {12}}",False,,,,False,FlipSYTNotFound
161967,"{{1, 2, 5, 10, 15}, {3, 4, 7, 13}, {6, 8, 11}, {9, 14}, {12}}","{{1, 2, 4, 7, 10}, {3, 5, 12, 13}, {6, 8, 15}, {9, 14}, {11}}",False,,,,False,FlipSYTNotFound
161994,"{{1, 2, 4, 10, 15}, {3, 5, 6, 13}, {7, 8, 11}, {9, 14}, {12}}","{{1, 2, 4, 7, 9}, {3, 5, 11, 13}, {6, 8, 15}, {10, 14}, {12}}",False,,,,False,FlipSYTNotFound
162003,"{{1, 4, 5, 10, 13}, {2, 6, 9, 14}, {3, 7, 15}, {8, 11}, {12}}","{{1, 4, 7, 8, 13}, {2, 5, 9, 14}, {3, 6, 12}, {10, 15}, {11}}",False,,,,False,FlipSYTNotFound
162079,"{{1, 4, 5, 10, 13}, {2, 6, 7, 14}, {3, 9, 15}, {8, 11}, {12}}","{{1, 4, 7, 8, 13}, {2, 5, 10, 14}, {3, 6, 12}, {9, 15}, {11}}",False,,,,False,FlipSYTNotFound
162141,"{{1, 4, 5, 10, 13}, {2, 6, 8, 14}, {3, 7, 15}, {9, 11}, {12}}","{{1, 4, 7, 9, 13}, {2, 5, 8, 14}, {3, 6, 12}, {10, 15}, {11}}",False,,,,False,FlipSYTNotFound
162289,"{{1, 2, 3, 8, 15}, {4, 5, 10, 13}, {6, 7, 11}, {9, 14}, {12}}","{{1, 2, 4, 7, 10}, {3, 5, 12, 15}, {6, 9, 14}, {8, 11}, {13}}",False,,,,False,FlipSYTNotFound
162361,"{{1, 2, 4, 9, 15}, {3, 5, 8, 13}, {6, 10, 11}, {7, 14}, {12}}","{{1, 2, 4, 6, 9}, {3, 5, 10, 13}, {7, 8, 15}, {11, 14}, {12}}",False,,,,False,FlipSYTNotFound
162432,"{{1, 2, 3, 4, 15}, {5, 8, 9, 13}, {6, 10, 11}, {7, 14}, {12}}","{{1, 2, 4, 6, 9}, {3, 5, 10, 15}, {7, 8, 14}, {11, 13}, {12}}",False,,,,False,FlipSYTNotFound
162441,"{{1, 3, 5, 7, 15}, {2, 6, 9, 13}, {4, 10, 11}, {8, 14}, {12}}","{{1, 2, 4, 6, 8}, {3, 5, 12, 14}, {7, 10, 13}, {9, 11}, {15}}",False,,,,False,FlipSYTNotFound
162502,"{{1, 3, 5, 7, 15}, {2, 6, 8, 13}, {4, 10, 11}, {9, 14}, {12}}","{{1, 2, 4, 6, 7}, {3, 5, 12, 14}, {8, 10, 13}, {9, 11}, {15}}",False,,,,False,FlipSYTNotFound
162530,"{{1, 2, 4, 7, 15}, {3, 5, 6, 13}, {8, 10, 11}, {9, 14}, {12}}","{{1, 2, 4, 6, 7}, {3, 5, 11, 13}, {8, 10, 15}, {9, 14}, {12}}",False,,,,False,FlipSYTNotFound
162580,"{{1, 2, 4, 9, 15}, {3, 5, 6, 13}, {7, 8, 11}, {10, 14}, {12}}","{{1, 2, 4, 6, 9}, {3, 5, 11, 13}, {7, 8, 15}, {10, 14}, {12}}",False,,,,False,FlipSYTNotFound
162698,"{{1, 2, 4, 6, 15}, {3, 5, 7, 13}, {8, 9, 11}, {10, 14}, {12}}","{{1, 2, 4, 6, 8}, {3, 5, 13, 15}, {7, 11, 14}, {9, 12}, {10}}",False,,,,False,FlipSYTNotFound
162708,"{{1, 2, 4, 7, 15}, {3, 5, 6, 13}, {8, 9, 11}, {10, 14}, {12}}","{{1, 2, 4, 6, 8}, {3, 5, 11, 13}, {7, 10, 15}, {9, 14}, {12}}",False,,,,False,FlipSYTNotFound
162751,"{{1, 2, 4, 10, 15}, {3, 5, 6, 13}, {7, 8, 9}, {11, 14}, {12}}","{{1, 2, 4, 8, 9}, {3, 5, 11, 13}, {6, 7, 15}, {10, 14}, {12}}",False,,,,False,FlipSYTNotFound
162869,"{{1, 2, 4, 8, 15}, {3, 5, 7, 13}, {6, 9, 10}, {11, 14}, {12}}","{{1, 2, 4, 7, 10}, {3, 5, 11, 13}, {6, 9, 15}, {8, 14}, {12}}",False,,,,False,FlipSYTNotFound
162960,"{{1, 5, 8, 11, 15}, {2, 6, 10, 12}, {3, 9, 13}, {4, 14}, {7}}","{{1, 2, 6, 7, 9}, {3, 8, 10, 12}, {4, 11, 13}, {5, 14}, {15}}",False,,,,False,FlipSYTNotFound
162982,"{{1, 5, 7, 11, 15}, {2, 6, 10, 12}, {3, 9, 13}, {4, 14}, {8}}","{{1, 2, 6, 7, 8}, {3, 9, 10, 12}, {4, 11, 13}, {5, 14}, {15}}",False,,,,False,FlipSYTNotFound
163110,"{{1, 3, 4, 11, 15}, {2, 8, 9, 12}, {5, 10, 13}, {6, 14}, {7}}","{{1, 2, 6, 8, 9}, {3, 7, 10, 14}, {4, 11, 13}, {5, 12}, {15}}",False,,,,False,FlipSYTNotFound
163458,"{{1, 3, 4, 9, 11}, {2, 7, 13, 14}, {5, 8, 15}, {6, 10}, {12}}","{{1, 3, 4, 10, 14}, {2, 6, 8, 11}, {5, 7, 13}, {9, 15}, {12}}",False,,,,False,FlipSYTNotFound
163477,"{{1, 3, 5, 7, 11}, {2, 6, 13, 14}, {4, 9, 15}, {8, 10}, {12}}","{{1, 3, 4, 8, 14}, {2, 6, 10, 12}, {5, 7, 13}, {9, 15}, {11}}",False,,,,False,FlipSYTNotFound
163484,"{{1, 3, 4, 8, 11}, {2, 6, 13, 14}, {5, 9, 15}, {7, 10}, {12}}","{{1, 3, 4, 9, 14}, {2, 6, 10, 11}, {5, 7, 13}, {8, 15}, {12}}",False,,,,False,FlipSYTNotFound
163545,"{{1, 3, 8, 9, 10}, {2, 5, 13, 14}, {4, 7, 15}, {6, 11}, {12}}","{{1, 3, 4, 9, 10}, {2, 5, 8, 12}, {6, 7, 14}, {11, 15}, {13}}",False,,,,False,FlipSYTNotFound
163556,"{{1, 4, 8, 9, 10}, {2, 5, 13, 14}, {3, 7, 15}, {6, 11}, {12}}","{{1, 3, 4, 9, 10}, {2, 5, 8, 13}, {6, 7, 14}, {11, 15}, {12}}",False,,,,False,FlipSYTNotFound
163601,"{{1, 3, 4, 9, 10}, {2, 7, 13, 14}, {5, 8, 15}, {6, 11}, {12}}","{{1, 3, 4, 10, 14}, {2, 5, 8, 11}, {6, 7, 13}, {9, 15}, {12}}",False,,,,False,FlipSYTNotFound
163671,"{{1, 3, 4, 8, 10}, {2, 6, 13, 14}, {5, 9, 15}, {7, 11}, {12}}","{{1, 3, 4, 9, 14}, {2, 5, 10, 11}, {6, 7, 13}, {8, 15}, {12}}",False,,,,False,FlipSYTNotFound
163821,"{{1, 3, 4, 8, 9}, {2, 6, 13, 14}, {5, 10, 15}, {7, 11}, {12}}","{{1, 3, 4, 9, 14}, {2, 5, 10, 11}, {6, 8, 13}, {7, 15}, {12}}",False,,,,False,FlipSYTNotFound
163925,"{{1, 3, 4, 7, 8}, {2, 6, 13, 14}, {5, 10, 15}, {9, 11}, {12}}","{{1, 3, 4, 7, 14}, {2, 5, 10, 11}, {6, 9, 13}, {8, 15}, {12}}",False,,,,False,FlipSYTNotFound
164053,"{{1, 2, 3, 5, 9}, {4, 6, 13, 14}, {7, 8, 15}, {10, 11}, {12}}","{{1, 3, 4, 6, 15}, {2, 5, 9, 14}, {7, 8, 12}, {10, 13}, {11}}",False,,,,False,FlipSYTNotFound
164091,"{{1, 6, 9, 11, 12}, {2, 7, 10, 14}, {3, 8, 15}, {4, 13}, {5}}","{{1, 3, 6, 8, 11}, {2, 5, 9, 12}, {4, 7, 13}, {10, 14}, {15}}",False,,,,False,FlipSYTNotFound
164128,"{{1, 4, 9, 11, 12}, {2, 5, 10, 14}, {3, 7, 15}, {6, 13}, {8}}","{{1, 3, 6, 8, 10}, {2, 5, 9, 13}, {4, 7, 11}, {12, 14}, {15}}",False,,,,False,FlipSYTNotFound
164161,"{{1, 6, 8, 11, 12}, {2, 7, 10, 14}, {3, 9, 15}, {4, 13}, {5}}","{{1, 3, 6, 7, 11}, {2, 5, 9, 12}, {4, 8, 13}, {10, 14}, {15}}",False,,,,False,FlipSYTNotFound
164455,"{{1, 4, 5, 11, 12}, {2, 6, 9, 14}, {3, 7, 15}, {8, 13}, {10}}","{{1, 3, 6, 8, 13}, {2, 5, 7, 14}, {4, 9, 12}, {10, 15}, {11}}",False,,,,False,FlipSYTNotFound
164521,"{{1, 6, 9, 10, 12}, {2, 7, 11, 14}, {3, 8, 15}, {4, 13}, {5}}","{{1, 3, 7, 8, 11}, {2, 5, 9, 12}, {4, 6, 13}, {10, 14}, {15}}",False,,,,False,FlipSYTNotFound
164537,"{{1, 4, 5, 11, 12}, {2, 6, 8, 14}, {3, 7, 15}, {9, 13}, {10}}","{{1, 3, 6, 9, 13}, {2, 5, 7, 14}, {4, 8, 12}, {10, 15}, {11}}",False,,,,False,FlipSYTNotFound
164619,"{{1, 2, 3, 10, 12}, {4, 8, 11, 14}, {5, 9, 15}, {6, 13}, {7}}","{{1, 3, 7, 9, 15}, {2, 5, 8, 10}, {4, 6, 11}, {12, 14}, {13}}",False,,,,False,FlipSYTNotFound
164680,"{{1, 4, 5, 10, 12}, {2, 7, 11, 14}, {3, 8, 15}, {6, 13}, {9}}","{{1, 3, 7, 10, 13}, {2, 5, 8, 12}, {4, 6, 9}, {11, 14}, {15}}",False,,,,False,FlipSYTNotFound
164755,"{{1, 2, 3, 9, 12}, {4, 8, 11, 14}, {5, 10, 15}, {6, 13}, {7}}","{{1, 3, 6, 9, 15}, {2, 5, 8, 10}, {4, 7, 11}, {12, 14}, {13}}",False,,,,False,FlipSYTNotFound
165116,"{{1, 2, 3, 8, 13}, {4, 7, 10, 11}, {5, 9, 12}, {6, 15}, {14}}","{{1, 2, 6, 7, 10}, {3, 4, 11, 15}, {5, 9, 14}, {8, 12}, {13}}",False,,,,False,FlipSYTNotFound
165197,"{{1, 2, 6, 9, 10}, {3, 4, 8, 14}, {5, 7, 12}, {11, 13}, {15}}","{{1, 3, 5, 9, 11}, {2, 7, 8, 13}, {4, 12, 15}, {6, 14}, {10}}",False,,,,False,FlipSYTNotFound
165298,"{{1, 2, 4, 9, 10}, {3, 6, 8, 14}, {5, 7, 12}, {11, 13}, {15}}","{{1, 3, 5, 9, 11}, {2, 7, 8, 13}, {4, 10, 15}, {6, 14}, {12}}",False,,,,False,FlipSYTNotFound
165418,"{{1, 3, 4, 7, 12}, {2, 6, 11, 14}, {5, 9, 15}, {8, 13}, {10}}","{{1, 3, 6, 8, 14}, {2, 5, 7, 11}, {4, 9, 10}, {12, 13}, {15}}",False,,,,False,FlipSYTNotFound
165502,"{{1, 4, 7, 8, 9}, {2, 5, 10, 11}, {3, 12, 15}, {6, 14}, {13}}","{{1, 2, 3, 10, 13}, {4, 6, 9, 14}, {5, 8, 11}, {7, 12}, {15}}",False,,,,False,FlipSYTNotFound
165597,"{{1, 3, 5, 7, 13}, {2, 6, 10, 11}, {4, 9, 12}, {8, 15}, {14}}","{{1, 2, 6, 7, 8}, {3, 4, 12, 14}, {5, 10, 13}, {9, 11}, {15}}",False,,,,False,FlipSYTNotFound
165668,"{{1, 2, 4, 8, 9}, {3, 7, 10, 11}, {5, 12, 15}, {6, 14}, {13}}","{{1, 2, 3, 10, 15}, {4, 6, 9, 13}, {5, 8, 11}, {7, 12}, {14}}",False,,,,False,FlipSYTNotFound
165710,"{{1, 4, 5, 6, 9}, {2, 7, 10, 11}, {3, 12, 15}, {8, 14}, {13}}","{{1, 2, 3, 12, 13}, {4, 6, 8, 14}, {5, 9, 11}, {7, 10}, {15}}",False,,,,False,FlipSYTNotFound
165795,"{{1, 4, 5, 8, 9}, {2, 6, 10, 11}, {3, 12, 15}, {7, 14}, {13}}","{{1, 2, 3, 12, 13}, {4, 6, 9, 14}, {5, 8, 10}, {7, 11}, {15}}",False,,,,False,FlipSYTNotFound
165916,"{{1, 4, 5, 10, 12}, {2, 7, 9, 14}, {3, 11, 15}, {6, 13}, {8}}","{{1, 3, 7, 8, 10}, {2, 5, 9, 13}, {4, 6, 12}, {11, 14}, {15}}",False,,,,False,FlipSYTNotFound
165946,"{{1, 3, 5, 6, 13}, {2, 4, 10, 11}, {7, 8, 12}, {9, 15}, {14}}","{{1, 2, 6, 7, 9}, {3, 4, 12, 14}, {5, 8, 15}, {10, 11}, {13}}",False,,,,False,FlipSYTNotFound
166043,"{{1, 4, 6, 7, 8}, {2, 5, 10, 11}, {3, 12, 15}, {9, 14}, {13}}","{{1, 2, 3, 11, 13}, {4, 6, 7, 14}, {5, 9, 10}, {8, 12}, {15}}",False,,,,False,FlipSYTNotFound
166088,"{{1, 4, 5, 6, 8}, {2, 7, 10, 11}, {3, 12, 15}, {9, 14}, {13}}","{{1, 2, 3, 12, 13}, {4, 6, 7, 14}, {5, 9, 11}, {8, 10}, {15}}",False,,,,False,FlipSYTNotFound
166115,"{{1, 3, 7, 9, 13}, {2, 4, 8, 11}, {5, 10, 12}, {6, 15}, {14}}","{{1, 2, 6, 10, 14}, {3, 4, 11, 15}, {5, 8, 12}, {7, 9}, {13}}",False,,,,False,FlipSYTNotFound
166353,"{{1, 2, 5, 10, 12}, {3, 4, 7, 14}, {6, 11, 15}, {8, 13}, {9}}","{{1, 3, 7, 10, 13}, {2, 5, 8, 15}, {4, 6, 9}, {11, 12}, {14}}",False,,,,False,FlipSYTNotFound
166370,"{{1, 4, 5, 6, 7}, {2, 8, 10, 11}, {3, 12, 15}, {9, 14}, {13}}","{{1, 2, 3, 12, 13}, {4, 6, 7, 14}, {5, 8, 11}, {9, 10}, {15}}",False,,,,False,FlipSYTNotFound
166473,"{{1, 4, 5, 8, 9}, {2, 6, 7, 11}, {3, 12, 15}, {10, 14}, {13}}","{{1, 2, 3, 10, 13}, {4, 6, 9, 14}, {5, 8, 12}, {7, 11}, {15}}",False,,,,False,FlipSYTNotFound
166519,"{{1, 5, 8, 9, 12}, {2, 7, 10, 14}, {3, 11, 15}, {4, 13}, {6}}","{{1, 3, 8, 9, 10}, {2, 5, 11, 12}, {4, 6, 13}, {7, 14}, {15}}",False,,,,False,FlipSYTNotFound
166556,"{{1, 2, 3, 10, 12}, {4, 5, 8, 14}, {6, 11, 15}, {7, 13}, {9}}","{{1, 3, 7, 9, 12}, {2, 5, 8, 15}, {4, 6, 10}, {11, 14}, {13}}",False,,,,False,FlipSYTNotFound
166612,"{{1, 6, 8, 9, 12}, {2, 7, 10, 14}, {3, 11, 15}, {4, 13}, {5}}","{{1, 3, 8, 9, 11}, {2, 5, 10, 12}, {4, 6, 13}, {7, 14}, {15}}",False,,,,False,FlipSYTNotFound
166730,"{{1, 3, 6, 10, 11}, {2, 8, 12, 14}, {4, 9, 13}, {5, 15}, {7}}","{{1, 3, 7, 9, 14}, {2, 6, 8, 11}, {4, 10, 12}, {5, 13}, {15}}",False,,,,False,FlipSYTNotFound
166748,"{{1, 4, 5, 9, 12}, {2, 6, 10, 14}, {3, 11, 15}, {7, 13}, {8}}","{{1, 3, 8, 12, 13}, {2, 5, 9, 14}, {4, 6, 10}, {7, 11}, {15}}",False,,,,False,FlipSYTNotFound
166772,"{{1, 4, 5, 6, 8}, {2, 7, 9, 11}, {3, 12, 15}, {10, 14}, {13}}","{{1, 2, 3, 12, 13}, {4, 6, 9, 14}, {5, 7, 11}, {8, 10}, {15}}",False,,,,False,FlipSYTNotFound
166940,"{{1, 4, 5, 6, 7}, {2, 8, 9, 11}, {3, 12, 15}, {10, 14}, {13}}","{{1, 2, 3, 12, 13}, {4, 6, 8, 14}, {5, 7, 11}, {9, 10}, {15}}",False,,,,False,FlipSYTNotFound
167083,"{{1, 4, 6, 7, 12}, {2, 5, 10, 14}, {3, 11, 15}, {8, 13}, {9}}","{{1, 3, 7, 11, 13}, {2, 5, 8, 14}, {4, 6, 10}, {9, 12}, {15}}",False,,,,False,FlipSYTNotFound
167190,"{{1, 3, 5, 9, 13}, {2, 4, 6, 11}, {7, 8, 12}, {10, 15}, {14}}","{{1, 2, 6, 9, 14}, {3, 4, 12, 15}, {5, 8, 13}, {7, 10}, {11}}",False,,,,False,FlipSYTNotFound
167372,"{{1, 2, 4, 9, 11}, {3, 6, 8, 14}, {5, 7, 10}, {12, 13}, {15}}","{{1, 3, 4, 9, 11}, {2, 6, 8, 13}, {5, 10, 15}, {7, 14}, {12}}",False,,,,False,FlipSYTNotFound
167377,"{{1, 2, 4, 10, 11}, {3, 6, 8, 14}, {5, 7, 9}, {12, 13}, {15}}","{{1, 3, 4, 9, 11}, {2, 6, 7, 13}, {5, 10, 15}, {8, 14}, {12}}",False,,,,False,FlipSYTNotFound
167381,"{{1, 4, 8, 9, 11}, {2, 6, 12, 14}, {3, 10, 13}, {5, 15}, {7}}","{{1, 3, 6, 9, 11}, {2, 7, 8, 10}, {4, 12, 13}, {5, 14}, {15}}",False,,,,False,FlipSYTNotFound
167438,"{{1, 3, 5, 10, 11}, {2, 4, 12, 14}, {6, 7, 13}, {8, 15}, {9}}","{{1, 3, 7, 10, 14}, {2, 6, 8, 12}, {4, 9, 15}, {5, 11}, {13}}",False,,,,False,FlipSYTNotFound
167445,"{{1, 4, 5, 8, 10}, {2, 6, 7, 9}, {3, 12, 15}, {11, 14}, {13}}","{{1, 2, 3, 10, 13}, {4, 5, 9, 14}, {6, 7, 12}, {8, 11}, {15}}",False,,,,False,FlipSYTNotFound
167455,"{{1, 3, 6, 9, 11}, {2, 7, 12, 14}, {4, 10, 13}, {5, 15}, {8}}","{{1, 3, 6, 8, 14}, {2, 7, 9, 11}, {4, 10, 12}, {5, 13}, {15}}",False,,,,False,FlipSYTNotFound
167516,"{{1, 2, 3, 6, 10}, {4, 5, 7, 9}, {8, 12, 15}, {11, 14}, {13}}","{{1, 2, 3, 11, 12}, {4, 5, 8, 15}, {6, 7, 14}, {9, 13}, {10}}",False,,,,False,FlipSYTNotFound
167573,"{{1, 6, 7, 8, 11}, {2, 9, 12, 14}, {3, 10, 13}, {4, 15}, {5}}","{{1, 3, 6, 10, 11}, {2, 7, 9, 12}, {4, 8, 13}, {5, 14}, {15}}",False,,,,False,FlipSYTNotFound
167862,"{{1, 4, 5, 6, 7}, {2, 8, 9, 10}, {3, 12, 15}, {11, 14}, {13}}","{{1, 2, 3, 12, 13}, {4, 5, 8, 14}, {6, 7, 11}, {9, 10}, {15}}",False,,,,False,FlipSYTNotFound
167867,"{{1, 4, 5, 8, 12}, {2, 6, 9, 14}, {3, 11, 15}, {7, 13}, {10}}","{{1, 3, 6, 12, 13}, {2, 5, 9, 14}, {4, 7, 10}, {8, 11}, {15}}",False,,,,False,FlipSYTNotFound
168012,"{{1, 2, 7, 9, 13}, {3, 4, 8, 10}, {5, 11, 12}, {6, 15}, {14}}","{{1, 2, 5, 10, 13}, {3, 4, 11, 15}, {6, 8, 12}, {7, 9}, {14}}",False,,,,False,FlipSYTNotFound
168269,"{{1, 2, 4, 6, 11}, {3, 7, 12, 14}, {5, 10, 13}, {8, 15}, {9}}","{{1, 3, 6, 7, 15}, {2, 8, 11, 13}, {4, 9, 12}, {5, 10}, {14}}",False,,,,False,FlipSYTNotFound
168323,"{{1, 4, 6, 7, 12}, {2, 5, 8, 14}, {3, 11, 15}, {9, 13}, {10}}","{{1, 3, 6, 11, 13}, {2, 5, 7, 14}, {4, 8, 10}, {9, 12}, {15}}",False,,,,False,FlipSYTNotFound
168353,"{{1, 3, 4, 5, 7}, {2, 6, 8, 10}, {9, 12, 15}, {11, 14}, {13}}","{{1, 2, 3, 13, 14}, {4, 5, 10, 15}, {6, 7, 12}, {8, 11}, {9}}",False,,,,False,FlipSYTNotFound
168377,"{{1, 2, 4, 9, 10}, {3, 6, 8, 14}, {5, 7, 11}, {12, 13}, {15}}","{{1, 3, 4, 9, 11}, {2, 7, 8, 13}, {5, 10, 15}, {6, 14}, {12}}",False,,,,False,FlipSYTNotFound
168660,"{{1, 4, 5, 9, 11}, {2, 6, 8, 10}, {3, 7, 15}, {12, 14}, {13}}","{{1, 2, 3, 9, 13}, {4, 6, 8, 14}, {5, 10, 12}, {7, 15}, {11}}",False,,,,False,FlipSYTNotFound
168664,"{{1, 4, 5, 7, 11}, {2, 6, 9, 10}, {3, 8, 15}, {12, 14}, {13}}","{{1, 2, 3, 8, 13}, {4, 6, 7, 14}, {5, 10, 12}, {9, 15}, {11}}",False,,,,False,FlipSYTNotFound
168862,"{{1, 4, 5, 8, 11}, {2, 6, 9, 10}, {3, 7, 15}, {12, 14}, {13}}","{{1, 2, 3, 9, 13}, {4, 6, 7, 14}, {5, 10, 12}, {8, 15}, {11}}",False,,,,False,FlipSYTNotFound
168920,"{{1, 4, 5, 10, 12}, {2, 6, 9, 14}, {3, 7, 15}, {8, 13}, {11}}","{{1, 3, 5, 8, 13}, {2, 6, 7, 14}, {4, 9, 12}, {10, 15}, {11}}",False,,,,False,FlipSYTNotFound
169174,"{{1, 4, 6, 7, 11}, {2, 5, 8, 10}, {3, 9, 15}, {12, 14}, {13}}","{{1, 2, 3, 11, 13}, {4, 6, 7, 14}, {5, 10, 12}, {8, 15}, {9}}",False,,,,False,FlipSYTNotFound
169181,"{{1, 4, 5, 10, 12}, {2, 6, 8, 14}, {3, 7, 15}, {9, 13}, {11}}","{{1, 3, 5, 9, 13}, {2, 6, 7, 14}, {4, 8, 12}, {10, 15}, {11}}",False,,,,False,FlipSYTNotFound
169364,"{{1, 4, 6, 7, 13}, {2, 5, 8, 9}, {3, 11, 12}, {10, 15}, {14}}","{{1, 2, 5, 6, 13}, {3, 4, 11, 14}, {7, 8, 12}, {9, 10}, {15}}",False,,,,False,FlipSYTNotFound
169605,"{{1, 3, 6, 9, 10}, {2, 7, 12, 14}, {4, 11, 13}, {5, 15}, {8}}","{{1, 3, 5, 8, 14}, {2, 7, 9, 11}, {4, 10, 12}, {6, 13}, {15}}",False,,,,False,FlipSYTNotFound
169767,"{{1, 2, 3, 5, 9}, {4, 7, 8, 14}, {6, 10, 11}, {12, 13}, {15}}","{{1, 3, 4, 10, 15}, {2, 6, 9, 12}, {5, 8, 14}, {7, 13}, {11}}",False,,,,False,FlipSYTNotFound
169858,"{{1, 4, 5, 9, 10}, {2, 6, 8, 11}, {3, 7, 15}, {12, 14}, {13}}","{{1, 2, 3, 9, 13}, {4, 7, 8, 14}, {5, 10, 12}, {6, 15}, {11}}",False,,,,False,FlipSYTNotFound
170110,"{{1, 3, 5, 8, 10}, {2, 4, 9, 11}, {6, 7, 15}, {12, 14}, {13}}","{{1, 2, 3, 10, 14}, {4, 7, 9, 12}, {5, 8, 11}, {6, 15}, {13}}",False,,,,False,FlipSYTNotFound
170257,"{{1, 2, 4, 6, 10}, {3, 7, 12, 14}, {5, 11, 13}, {8, 15}, {9}}","{{1, 3, 5, 7, 15}, {2, 8, 11, 13}, {4, 9, 12}, {6, 10}, {14}}",False,,,,False,FlipSYTNotFound
170262,"{{1, 3, 5, 7, 12}, {2, 4, 10, 14}, {6, 8, 15}, {9, 13}, {11}}","{{1, 3, 5, 10, 14}, {2, 6, 7, 12}, {4, 8, 11}, {9, 15}, {13}}",False,,,,False,FlipSYTNotFound
170297,"{{1, 3, 8, 11, 13}, {2, 5, 10, 12}, {4, 7, 14}, {6, 9}, {15}}","{{1, 4, 6, 7, 10}, {2, 8, 9, 12}, {3, 11, 14}, {5, 15}, {13}}",False,,,,False,FlipSYTNotFound
170298,"{{1, 3, 9, 11, 13}, {2, 5, 10, 12}, {4, 7, 14}, {6, 8}, {15}}","{{1, 4, 6, 8, 10}, {2, 7, 9, 12}, {3, 11, 14}, {5, 15}, {13}}",False,,,,False,FlipSYTNotFound
170392,"{{1, 3, 9, 11, 13}, {2, 5, 10, 12}, {4, 6, 14}, {7, 8}, {15}}","{{1, 4, 6, 8, 9}, {2, 7, 10, 12}, {3, 11, 14}, {5, 15}, {13}}",False,,,,False,FlipSYTNotFound
170404,"{{1, 3, 5, 8, 9}, {2, 4, 10, 11}, {6, 7, 15}, {12, 14}, {13}}","{{1, 2, 3, 10, 14}, {4, 6, 9, 12}, {5, 8, 11}, {7, 15}, {13}}",False,,,,False,FlipSYTNotFound
170410,"{{1, 3, 8, 11, 13}, {2, 5, 10, 12}, {4, 6, 14}, {7, 9}, {15}}","{{1, 4, 6, 7, 9}, {2, 8, 10, 12}, {3, 11, 14}, {5, 15}, {13}}",False,,,,False,FlipSYTNotFound
170439,"{{1, 6, 7, 8, 9}, {2, 10, 12, 14}, {3, 11, 13}, {4, 15}, {5}}","{{1, 3, 5, 10, 11}, {2, 6, 9, 12}, {4, 8, 13}, {7, 14}, {15}}",False,,,,False,FlipSYTNotFound
170550,"{{1, 3, 7, 11, 13}, {2, 5, 10, 12}, {4, 6, 14}, {8, 9}, {15}}","{{1, 4, 6, 7, 8}, {2, 9, 10, 12}, {3, 11, 14}, {5, 15}, {13}}",False,,,,False,FlipSYTNotFound
170647,"{{1, 3, 6, 9, 12}, {2, 4, 7, 14}, {5, 10, 15}, {8, 13}, {11}}","{{1, 3, 5, 11, 14}, {2, 6, 8, 15}, {4, 7, 9}, {10, 12}, {13}}",False,,,,False,FlipSYTNotFound
170804,"{{1, 4, 5, 7, 9}, {2, 6, 10, 11}, {3, 8, 15}, {12, 14}, {13}}","{{1, 2, 3, 12, 13}, {4, 6, 8, 14}, {5, 9, 10}, {7, 15}, {11}}",False,,,,False,FlipSYTNotFound
170813,"{{1, 5, 6, 8, 9}, {2, 7, 12, 14}, {3, 11, 13}, {4, 15}, {10}}","{{1, 3, 5, 6, 12}, {2, 8, 9, 11}, {4, 10, 13}, {7, 14}, {15}}",False,,,,False,FlipSYTNotFound
170872,"{{1, 4, 5, 8, 12}, {2, 6, 9, 14}, {3, 10, 15}, {7, 13}, {11}}","{{1, 3, 5, 12, 13}, {2, 6, 9, 14}, {4, 7, 10}, {8, 11}, {15}}",False,,,,False,FlipSYTNotFound
170964,"{{1, 4, 6, 7, 12}, {2, 5, 9, 14}, {3, 10, 15}, {8, 13}, {11}}","{{1, 3, 5, 11, 13}, {2, 6, 8, 14}, {4, 7, 10}, {9, 12}, {15}}",False,,,,False,FlipSYTNotFound
171050,"{{1, 4, 5, 11, 13}, {2, 6, 9, 12}, {3, 7, 14}, {8, 10}, {15}}","{{1, 4, 6, 8, 13}, {2, 7, 9, 14}, {3, 10, 12}, {5, 15}, {11}}",False,,,,False,FlipSYTNotFound
171267,"{{1, 2, 5, 11, 13}, {3, 4, 8, 12}, {6, 9, 14}, {7, 10}, {15}}","{{1, 4, 6, 9, 13}, {2, 7, 10, 15}, {3, 8, 12}, {5, 14}, {11}}",False,,,,False,FlipSYTNotFound
171337,"{{1, 3, 9, 10, 13}, {2, 5, 11, 12}, {4, 7, 14}, {6, 8}, {15}}","{{1, 4, 5, 8, 10}, {2, 7, 9, 12}, {3, 11, 14}, {6, 15}, {13}}",False,,,,False,FlipSYTNotFound
171404,"{{1, 3, 9, 10, 13}, {2, 5, 11, 12}, {4, 6, 14}, {7, 8}, {15}}","{{1, 4, 5, 8, 9}, {2, 7, 10, 12}, {3, 11, 14}, {6, 15}, {13}}",False,,,,False,FlipSYTNotFound
171414,"{{1, 4, 5, 9, 12}, {2, 6, 8, 14}, {3, 7, 15}, {10, 13}, {11}}","{{1, 3, 5, 9, 13}, {2, 6, 8, 14}, {4, 7, 12}, {10, 15}, {11}}",False,,,,False,FlipSYTNotFound
171418,"{{1, 3, 8, 10, 13}, {2, 5, 11, 12}, {4, 7, 14}, {6, 9}, {15}}","{{1, 4, 5, 7, 10}, {2, 8, 9, 12}, {3, 11, 14}, {6, 15}, {13}}",False,,,,False,FlipSYTNotFound
171455,"{{1, 4, 9, 10, 13}, {2, 6, 11, 12}, {3, 7, 14}, {5, 8}, {15}}","{{1, 4, 5, 8, 11}, {2, 7, 9, 13}, {3, 10, 14}, {6, 15}, {12}}",False,,,,False,FlipSYTNotFound
171551,"{{1, 3, 8, 10, 13}, {2, 5, 11, 12}, {4, 6, 14}, {7, 9}, {15}}","{{1, 4, 5, 7, 9}, {2, 8, 10, 12}, {3, 11, 14}, {6, 15}, {13}}",False,,,,False,FlipSYTNotFound
171559,"{{1, 4, 5, 11, 13}, {2, 6, 8, 12}, {3, 7, 14}, {9, 10}, {15}}","{{1, 4, 6, 7, 13}, {2, 8, 9, 14}, {3, 10, 12}, {5, 15}, {11}}",False,,,,False,FlipSYTNotFound
171630,"{{1, 2, 4, 7, 13}, {3, 5, 6, 11}, {8, 9, 10}, {12, 15}, {14}}","{{1, 2, 6, 7, 8}, {3, 4, 11, 13}, {5, 10, 15}, {9, 14}, {12}}",False,,,,False,FlipSYTNotFound
171725,"{{1, 3, 7, 10, 13}, {2, 5, 11, 12}, {4, 6, 14}, {8, 9}, {15}}","{{1, 4, 5, 7, 8}, {2, 9, 10, 12}, {3, 11, 14}, {6, 15}, {13}}",False,,,,False,FlipSYTNotFound
171873,"{{1, 3, 8, 9, 13}, {2, 5, 11, 12}, {4, 6, 14}, {7, 10}, {15}}","{{1, 4, 5, 6, 9}, {2, 8, 10, 12}, {3, 11, 14}, {7, 15}, {13}}",False,,,,False,FlipSYTNotFound
171902,"{{1, 3, 8, 9, 13}, {2, 5, 11, 12}, {4, 7, 14}, {6, 10}, {15}}","{{1, 4, 5, 6, 10}, {2, 8, 9, 12}, {3, 11, 14}, {7, 15}, {13}}",False,,,,False,FlipSYTNotFound
172048,"{{1, 4, 5, 7, 10}, {2, 6, 8, 9}, {3, 11, 15}, {12, 14}, {13}}","{{1, 2, 3, 10, 13}, {4, 7, 8, 14}, {5, 11, 12}, {6, 15}, {9}}",False,,,,False,FlipSYTNotFound
172106,"{{1, 3, 7, 9, 13}, {2, 5, 11, 12}, {4, 6, 14}, {8, 10}, {15}}","{{1, 4, 5, 6, 8}, {2, 9, 10, 12}, {3, 11, 14}, {7, 15}, {13}}",False,,,,False,FlipSYTNotFound
172334,"{{1, 2, 3, 7, 10}, {4, 5, 6, 8}, {9, 11, 15}, {12, 14}, {13}}","{{1, 2, 3, 11, 12}, {4, 7, 10, 15}, {5, 8, 14}, {6, 13}, {9}}",False,,,,False,FlipSYTNotFound
172383,"{{1, 3, 5, 8, 10}, {2, 4, 12, 14}, {6, 9, 13}, {7, 15}, {11}}","{{1, 3, 5, 9, 14}, {2, 7, 10, 12}, {4, 8, 15}, {6, 11}, {13}}",False,,,,False,FlipSYTNotFound
172504,"{{1, 2, 3, 10, 11}, {4, 8, 12, 14}, {5, 9, 15}, {6, 13}, {7}}","{{1, 3, 7, 9, 15}, {2, 4, 8, 10}, {5, 6, 11}, {12, 14}, {13}}",False,,,,False,FlipSYTNotFound
172861,"{{1, 3, 7, 8, 13}, {2, 5, 11, 12}, {4, 6, 14}, {9, 10}, {15}}","{{1, 4, 5, 6, 7}, {2, 9, 10, 12}, {3, 11, 14}, {8, 15}, {13}}",False,,,,False,FlipSYTNotFound
172984,"{{1, 2, 3, 9, 11}, {4, 8, 12, 14}, {5, 10, 15}, {6, 13}, {7}}","{{1, 3, 6, 9, 15}, {2, 4, 8, 10}, {5, 7, 11}, {12, 14}, {13}}",False,,,,False,FlipSYTNotFound
173195,"{{1, 4, 5, 10, 13}, {2, 6, 9, 12}, {3, 7, 14}, {8, 11}, {15}}","{{1, 4, 5, 8, 13}, {2, 7, 9, 14}, {3, 10, 12}, {6, 15}, {11}}",False,,,,False,FlipSYTNotFound
173434,"{{1, 3, 9, 11, 13}, {2, 5, 10, 12}, {4, 7, 15}, {6, 8}, {14}}","{{1, 2, 6, 8, 10}, {3, 4, 9, 12}, {5, 7, 14}, {11, 15}, {13}}",False,,,,False,FlipSYTNotFound
173513,"{{1, 4, 9, 11, 13}, {2, 5, 10, 12}, {3, 7, 15}, {6, 8}, {14}}","{{1, 2, 6, 8, 10}, {3, 4, 9, 13}, {5, 7, 14}, {11, 15}, {12}}",False,,,,False,FlipSYTNotFound
173525,"{{1, 3, 4, 6, 8}, {2, 5, 7, 9}, {10, 11, 15}, {12, 14}, {13}}","{{1, 2, 3, 13, 14}, {4, 6, 11, 15}, {5, 9, 12}, {7, 10}, {8}}",False,,,,False,FlipSYTNotFound
173589,"{{1, 3, 8, 11, 13}, {2, 5, 10, 12}, {4, 7, 15}, {6, 9}, {14}}","{{1, 2, 6, 7, 10}, {3, 4, 9, 12}, {5, 8, 14}, {11, 15}, {13}}",False,,,,False,FlipSYTNotFound
173611,"{{1, 2, 5, 11, 12}, {3, 4, 7, 13}, {6, 8, 10}, {9, 15}, {14}}","{{1, 2, 6, 7, 10}, {3, 5, 12, 13}, {4, 8, 15}, {9, 14}, {11}}",False,,,,False,FlipSYTNotFound
173613,"{{1, 2, 4, 11, 12}, {3, 5, 6, 13}, {7, 8, 10}, {9, 15}, {14}}","{{1, 2, 6, 7, 9}, {3, 5, 11, 13}, {4, 8, 15}, {10, 14}, {12}}",False,,,,False,FlipSYTNotFound
173665,"{{1, 3, 9, 11, 13}, {2, 5, 10, 12}, {4, 6, 15}, {7, 8}, {14}}","{{1, 2, 6, 8, 9}, {3, 4, 10, 12}, {5, 7, 14}, {11, 15}, {13}}",False,,,,False,FlipSYTNotFound
173700,"{{1, 4, 6, 11, 13}, {2, 5, 10, 12}, {3, 8, 15}, {7, 9}, {14}}","{{1, 2, 6, 7, 9}, {3, 4, 11, 13}, {5, 8, 14}, {10, 15}, {12}}",False,,,,False,FlipSYTNotFound
173714,"{{1, 4, 5, 10, 13}, {2, 6, 8, 12}, {3, 7, 14}, {9, 11}, {15}}","{{1, 4, 5, 7, 13}, {2, 8, 9, 14}, {3, 10, 12}, {6, 15}, {11}}",False,,,,False,FlipSYTNotFound
173717,"{{1, 3, 8, 11, 13}, {2, 5, 10, 12}, {4, 6, 15}, {7, 9}, {14}}","{{1, 2, 6, 7, 9}, {3, 4, 10, 12}, {5, 8, 14}, {11, 15}, {13}}",False,,,,False,FlipSYTNotFound
173738,"{{1, 2, 4, 11, 12}, {3, 6, 7, 13}, {5, 8, 10}, {9, 15}, {14}}","{{1, 2, 6, 7, 11}, {3, 5, 10, 13}, {4, 8, 15}, {9, 14}, {12}}",False,,,,False,FlipSYTNotFound
173787,"{{1, 4, 8, 11, 13}, {2, 5, 10, 12}, {3, 7, 15}, {6, 9}, {14}}","{{1, 2, 6, 7, 10}, {3, 4, 9, 13}, {5, 8, 14}, {11, 15}, {12}}",False,,,,False,FlipSYTNotFound
173847,"{{1, 3, 7, 11, 13}, {2, 5, 10, 12}, {4, 6, 15}, {8, 9}, {14}}","{{1, 2, 6, 7, 8}, {3, 4, 10, 12}, {5, 9, 14}, {11, 15}, {13}}",False,,,,False,FlipSYTNotFound
174003,"{{1, 4, 5, 9, 13}, {2, 6, 10, 12}, {3, 7, 14}, {8, 11}, {15}}","{{1, 4, 5, 8, 13}, {2, 6, 9, 14}, {3, 10, 12}, {7, 15}, {11}}",False,,,,False,FlipSYTNotFound
174053,"{{1, 4, 6, 11, 13}, {2, 5, 9, 12}, {3, 8, 15}, {7, 10}, {14}}","{{1, 2, 6, 8, 9}, {3, 4, 11, 13}, {5, 7, 14}, {10, 15}, {12}}",False,,,,False,FlipSYTNotFound
174065,"{{1, 4, 6, 11, 13}, {2, 5, 10, 12}, {3, 7, 15}, {8, 9}, {14}}","{{1, 2, 6, 7, 8}, {3, 4, 11, 13}, {5, 9, 14}, {10, 15}, {12}}",False,,,,False,FlipSYTNotFound
174125,"{{1, 2, 7, 9, 13}, {3, 5, 10, 12}, {4, 6, 14}, {8, 11}, {15}}","{{1, 4, 5, 8, 12}, {2, 6, 10, 13}, {3, 9, 11}, {7, 15}, {14}}",False,,,,False,FlipSYTNotFound
174292,"{{1, 2, 4, 11, 12}, {3, 5, 6, 13}, {7, 8, 9}, {10, 15}, {14}}","{{1, 2, 6, 8, 9}, {3, 5, 11, 13}, {4, 7, 15}, {10, 14}, {12}}",False,,,,False,FlipSYTNotFound
174365,"{{1, 3, 5, 7, 13}, {2, 8, 10, 12}, {4, 9, 14}, {6, 11}, {15}}","{{1, 4, 5, 7, 10}, {2, 6, 12, 14}, {3, 11, 13}, {8, 15}, {9}}",False,,,,False,FlipSYTNotFound
174383,"{{1, 4, 5, 11, 13}, {2, 6, 9, 12}, {3, 7, 15}, {8, 10}, {14}}","{{1, 2, 6, 8, 13}, {3, 4, 9, 14}, {5, 7, 12}, {10, 15}, {11}}",False,,,,False,FlipSYTNotFound
174393,"{{1, 2, 4, 11, 13}, {3, 7, 8, 12}, {5, 9, 15}, {6, 10}, {14}}","{{1, 2, 6, 9, 10}, {3, 4, 11, 15}, {5, 7, 13}, {8, 14}, {12}}",False,,,,False,FlipSYTNotFound
174431,"{{1, 3, 5, 8, 11}, {2, 7, 12, 14}, {4, 9, 15}, {6, 13}, {10}}","{{1, 3, 6, 10, 14}, {2, 4, 7, 12}, {5, 8, 9}, {11, 13}, {15}}",False,,,,False,FlipSYTNotFound
174455,"{{1, 4, 5, 8, 13}, {2, 6, 10, 12}, {3, 7, 14}, {9, 11}, {15}}","{{1, 4, 5, 7, 13}, {2, 6, 9, 14}, {3, 10, 12}, {8, 15}, {11}}",False,,,,False,FlipSYTNotFound
174468,"{{1, 2, 4, 6, 13}, {3, 7, 10, 12}, {5, 8, 14}, {9, 11}, {15}}","{{1, 4, 5, 7, 11}, {2, 6, 8, 15}, {3, 12, 13}, {9, 14}, {10}}",False,,,,False,FlipSYTNotFound
174491,"{{1, 4, 5, 11, 13}, {2, 6, 7, 12}, {3, 9, 15}, {8, 10}, {14}}","{{1, 2, 6, 8, 13}, {3, 4, 10, 14}, {5, 7, 12}, {9, 15}, {11}}",False,,,,False,FlipSYTNotFound
174570,"{{1, 4, 5, 11, 13}, {2, 6, 8, 12}, {3, 7, 15}, {9, 10}, {14}}","{{1, 2, 6, 7, 13}, {3, 4, 9, 14}, {5, 8, 12}, {10, 15}, {11}}",False,,,,False,FlipSYTNotFound
174596,"{{1, 3, 4, 5, 7}, {2, 6, 12, 14}, {8, 9, 13}, {10, 15}, {11}}","{{1, 3, 5, 8, 14}, {2, 6, 12, 13}, {4, 7, 15}, {9, 10}, {11}}",False,,,,False,FlipSYTNotFound
174601,"{{1, 4, 5, 7, 13}, {2, 6, 10, 12}, {3, 8, 14}, {9, 11}, {15}}","{{1, 4, 5, 7, 13}, {2, 6, 8, 14}, {3, 10, 12}, {9, 15}, {11}}",False,,,,False,FlipSYTNotFound
174605,"{{1, 3, 4, 7, 11}, {2, 6, 12, 14}, {5, 9, 15}, {8, 13}, {10}}","{{1, 3, 6, 8, 14}, {2, 4, 7, 11}, {5, 9, 10}, {12, 13}, {15}}",False,,,,False,FlipSYTNotFound
174607,"{{1, 4, 8, 10, 11}, {2, 6, 9, 14}, {3, 12, 13}, {5, 15}, {7}}","{{1, 3, 4, 9, 11}, {2, 6, 7, 10}, {5, 12, 13}, {8, 14}, {15}}",False,,,,False,FlipSYTNotFound
174684,"{{1, 4, 5, 11, 13}, {2, 6, 7, 12}, {3, 8, 15}, {9, 10}, {14}}","{{1, 2, 6, 7, 13}, {3, 4, 10, 14}, {5, 8, 12}, {9, 15}, {11}}",False,,,,False,FlipSYTNotFound
174770,"{{1, 3, 9, 10, 13}, {2, 5, 11, 12}, {4, 6, 15}, {7, 8}, {14}}","{{1, 2, 5, 8, 9}, {3, 4, 10, 12}, {6, 7, 14}, {11, 15}, {13}}",False,,,,False,FlipSYTNotFound
174771,"{{1, 3, 9, 10, 13}, {2, 5, 11, 12}, {4, 7, 15}, {6, 8}, {14}}","{{1, 2, 5, 8, 10}, {3, 4, 9, 12}, {6, 7, 14}, {11, 15}, {13}}",False,,,,False,FlipSYTNotFound
174780,"{{1, 3, 8, 10, 13}, {2, 5, 11, 12}, {4, 6, 15}, {7, 9}, {14}}","{{1, 2, 5, 7, 9}, {3, 4, 10, 12}, {6, 8, 14}, {11, 15}, {13}}",False,,,,False,FlipSYTNotFound
174794,"{{1, 3, 8, 10, 13}, {2, 5, 11, 12}, {4, 7, 15}, {6, 9}, {14}}","{{1, 2, 5, 7, 10}, {3, 4, 9, 12}, {6, 8, 14}, {11, 15}, {13}}",False,,,,False,FlipSYTNotFound
174796,"{{1, 4, 9, 10, 13}, {2, 5, 11, 12}, {3, 7, 15}, {6, 8}, {14}}","{{1, 2, 5, 8, 10}, {3, 4, 9, 13}, {6, 7, 14}, {11, 15}, {12}}",False,,,,False,FlipSYTNotFound
175110,"{{1, 3, 8, 9, 13}, {2, 5, 11, 12}, {4, 7, 15}, {6, 10}, {14}}","{{1, 2, 5, 6, 10}, {3, 4, 9, 12}, {7, 8, 14}, {11, 15}, {13}}",False,,,,False,FlipSYTNotFound
175228,"{{1, 5, 6, 9, 11}, {2, 8, 10, 14}, {3, 12, 13}, {4, 15}, {7}}","{{1, 3, 4, 9, 12}, {2, 6, 8, 11}, {5, 10, 13}, {7, 14}, {15}}",False,,,,False,FlipSYTNotFound
175283,"{{1, 3, 7, 10, 13}, {2, 5, 11, 12}, {4, 6, 15}, {8, 9}, {14}}","{{1, 2, 5, 7, 8}, {3, 4, 10, 12}, {6, 9, 14}, {11, 15}, {13}}",False,,,,False,FlipSYTNotFound
175386,"{{1, 3, 8, 9, 13}, {2, 5, 11, 12}, {4, 6, 15}, {7, 10}, {14}}","{{1, 2, 5, 6, 9}, {3, 4, 10, 12}, {7, 8, 14}, {11, 15}, {13}}",False,,,,False,FlipSYTNotFound
175439,"{{1, 3, 6, 8, 11}, {2, 9, 10, 14}, {4, 12, 13}, {5, 15}, {7}}","{{1, 3, 4, 9, 14}, {2, 6, 7, 11}, {5, 10, 12}, {8, 13}, {15}}",False,,,,False,FlipSYTNotFound
175476,"{{1, 4, 6, 9, 13}, {2, 5, 11, 12}, {3, 8, 15}, {7, 10}, {14}}","{{1, 2, 5, 6, 9}, {3, 4, 11, 13}, {7, 8, 14}, {10, 15}, {12}}",False,,,,False,FlipSYTNotFound
175611,"{{1, 4, 5, 8, 13}, {2, 6, 7, 12}, {3, 10, 14}, {9, 11}, {15}}","{{1, 4, 5, 7, 13}, {2, 6, 10, 14}, {3, 9, 12}, {8, 15}, {11}}",False,,,,False,FlipSYTNotFound
175634,"{{1, 3, 7, 9, 13}, {2, 5, 11, 12}, {4, 6, 15}, {8, 10}, {14}}","{{1, 2, 5, 6, 8}, {3, 4, 10, 12}, {7, 9, 14}, {11, 15}, {13}}",False,,,,False,FlipSYTNotFound
175660,"{{1, 5, 6, 8, 11}, {2, 7, 10, 14}, {3, 12, 13}, {4, 15}, {9}}","{{1, 3, 4, 7, 12}, {2, 6, 9, 11}, {5, 10, 13}, {8, 14}, {15}}",False,,,,False,FlipSYTNotFound
175711,"{{1, 3, 7, 8, 12}, {2, 4, 10, 13}, {5, 6, 11}, {9, 15}, {14}}","{{1, 2, 7, 10, 11}, {3, 5, 9, 14}, {4, 6, 15}, {8, 12}, {13}}",False,,,,False,FlipSYTNotFound
175903,"{{1, 4, 5, 9, 13}, {2, 6, 8, 12}, {3, 7, 14}, {10, 11}, {15}}","{{1, 4, 5, 6, 13}, {2, 8, 9, 14}, {3, 10, 12}, {7, 15}, {11}}",False,,,,False,FlipSYTNotFound
176046,"{{1, 4, 6, 7, 13}, {2, 5, 11, 12}, {3, 8, 15}, {9, 10}, {14}}","{{1, 2, 5, 6, 7}, {3, 4, 11, 13}, {8, 10, 14}, {9, 15}, {12}}",False,,,,False,FlipSYTNotFound
176099,"{{1, 4, 5, 7, 13}, {2, 6, 9, 12}, {3, 8, 14}, {10, 11}, {15}}","{{1, 4, 5, 6, 13}, {2, 7, 8, 14}, {3, 10, 12}, {9, 15}, {11}}",False,,,,False,FlipSYTNotFound
176131,"{{1, 3, 7, 8, 13}, {2, 5, 11, 12}, {4, 6, 15}, {9, 10}, {14}}","{{1, 2, 5, 6, 7}, {3, 4, 10, 12}, {8, 9, 14}, {11, 15}, {13}}",False,,,,False,FlipSYTNotFound
176168,"{{1, 4, 5, 8, 13}, {2, 6, 9, 12}, {3, 7, 14}, {10, 11}, {15}}","{{1, 4, 5, 6, 13}, {2, 7, 9, 14}, {3, 10, 12}, {8, 15}, {11}}",False,,,,False,FlipSYTNotFound
176190,"{{1, 3, 6, 8, 13}, {2, 5, 11, 12}, {4, 7, 15}, {9, 10}, {14}}","{{1, 2, 5, 6, 7}, {3, 4, 11, 12}, {8, 9, 14}, {10, 15}, {13}}",False,,,,False,FlipSYTNotFound
176305,"{{1, 4, 5, 8, 13}, {2, 6, 7, 12}, {3, 9, 14}, {10, 11}, {15}}","{{1, 4, 5, 6, 13}, {2, 7, 10, 14}, {3, 9, 12}, {8, 15}, {11}}",False,,,,False,FlipSYTNotFound
176373,"{{1, 4, 6, 10, 13}, {2, 5, 9, 12}, {3, 8, 15}, {7, 11}, {14}}","{{1, 2, 5, 8, 9}, {3, 4, 11, 13}, {6, 7, 14}, {10, 15}, {12}}",False,,,,False,FlipSYTNotFound
176599,"{{1, 4, 5, 6, 12}, {2, 7, 8, 13}, {3, 10, 11}, {9, 15}, {14}}","{{1, 2, 6, 7, 13}, {3, 5, 9, 12}, {4, 8, 14}, {10, 11}, {15}}",False,,,,False,FlipSYTNotFound
176603,"{{1, 4, 5, 10, 13}, {2, 6, 9, 12}, {3, 7, 15}, {8, 11}, {14}}","{{1, 2, 5, 8, 13}, {3, 4, 9, 14}, {6, 7, 12}, {10, 15}, {11}}",False,,,,False,FlipSYTNotFound
176605,"{{1, 3, 6, 7, 9}, {2, 8, 12, 14}, {4, 11, 15}, {5, 13}, {10}}","{{1, 3, 5, 6, 14}, {2, 4, 10, 11}, {7, 8, 12}, {9, 13}, {15}}",False,,,,False,FlipSYTNotFound
176821,"{{1, 4, 5, 10, 13}, {2, 6, 7, 12}, {3, 9, 15}, {8, 11}, {14}}","{{1, 2, 5, 8, 13}, {3, 4, 10, 14}, {6, 7, 12}, {9, 15}, {11}}",False,,,,False,FlipSYTNotFound
176847,"{{1, 2, 3, 4, 9}, {5, 6, 12, 14}, {7, 11, 15}, {8, 13}, {10}}","{{1, 3, 5, 6, 15}, {2, 4, 8, 14}, {7, 9, 11}, {10, 13}, {12}}",False,,,,False,FlipSYTNotFound
176951,"{{1, 4, 5, 10, 13}, {2, 6, 9, 11}, {3, 7, 14}, {8, 12}, {15}}","{{1, 4, 7, 8, 13}, {2, 5, 9, 14}, {3, 10, 12}, {6, 15}, {11}}",False,,,,False,FlipSYTNotFound
176957,"{{1, 4, 5, 10, 13}, {2, 6, 8, 12}, {3, 7, 15}, {9, 11}, {14}}","{{1, 2, 5, 7, 13}, {3, 4, 9, 14}, {6, 8, 12}, {10, 15}, {11}}",False,,,,False,FlipSYTNotFound
177006,"{{1, 4, 5, 10, 13}, {2, 6, 7, 12}, {3, 8, 15}, {9, 11}, {14}}","{{1, 2, 5, 7, 13}, {3, 4, 10, 14}, {6, 8, 12}, {9, 15}, {11}}",False,,,,False,FlipSYTNotFound
177281,"{{1, 4, 5, 10, 13}, {2, 6, 8, 11}, {3, 7, 14}, {9, 12}, {15}}","{{1, 4, 7, 9, 13}, {2, 5, 8, 14}, {3, 10, 12}, {6, 15}, {11}}",False,,,,False,FlipSYTNotFound
177332,"{{1, 4, 5, 9, 13}, {2, 6, 10, 12}, {3, 7, 15}, {8, 11}, {14}}","{{1, 2, 5, 8, 13}, {3, 4, 9, 14}, {6, 10, 12}, {7, 15}, {11}}",False,,,,False,FlipSYTNotFound
177334,"{{1, 4, 8, 9, 10}, {2, 5, 11, 14}, {3, 12, 13}, {6, 15}, {7}}","{{1, 3, 4, 9, 13}, {2, 7, 8, 10}, {5, 11, 14}, {6, 12}, {15}}",False,,,,False,FlipSYTNotFound
177386,"{{1, 3, 4, 5, 12}, {2, 7, 9, 13}, {6, 8, 11}, {10, 15}, {14}}","{{1, 2, 6, 10, 14}, {3, 5, 8, 13}, {4, 7, 15}, {9, 12}, {11}}",False,,,,False,FlipSYTNotFound
177389,"{{1, 3, 6, 9, 10}, {2, 8, 11, 14}, {4, 12, 13}, {5, 15}, {7}}","{{1, 3, 4, 9, 14}, {2, 7, 8, 11}, {5, 10, 12}, {6, 13}, {15}}",False,,,,False,FlipSYTNotFound
177451,"{{1, 4, 8, 9, 10}, {2, 6, 11, 14}, {3, 12, 13}, {5, 15}, {7}}","{{1, 3, 4, 9, 11}, {2, 7, 8, 10}, {5, 12, 13}, {6, 14}, {15}}",False,,,,False,FlipSYTNotFound
177493,"{{1, 2, 4, 5, 12}, {3, 6, 9, 13}, {7, 8, 11}, {10, 15}, {14}}","{{1, 2, 6, 9, 15}, {3, 5, 8, 13}, {4, 7, 14}, {10, 12}, {11}}",False,,,,False,FlipSYTNotFound
177847,"{{1, 4, 5, 9, 13}, {2, 6, 10, 11}, {3, 7, 14}, {8, 12}, {15}}","{{1, 4, 6, 8, 13}, {2, 5, 9, 14}, {3, 10, 12}, {7, 15}, {11}}",False,,,,False,FlipSYTNotFound
177897,"{{1, 4, 5, 8, 13}, {2, 6, 10, 12}, {3, 7, 15}, {9, 11}, {14}}","{{1, 2, 5, 7, 13}, {3, 4, 9, 14}, {6, 10, 12}, {8, 15}, {11}}",False,,,,False,FlipSYTNotFound
177906,"{{1, 4, 5, 7, 13}, {2, 6, 10, 12}, {3, 8, 15}, {9, 11}, {14}}","{{1, 2, 5, 7, 13}, {3, 4, 8, 14}, {6, 10, 12}, {9, 15}, {11}}",False,,,,False,FlipSYTNotFound
178113,"{{1, 2, 4, 10, 12}, {3, 5, 6, 13}, {7, 8, 9}, {11, 15}, {14}}","{{1, 2, 7, 8, 9}, {3, 5, 11, 13}, {4, 6, 15}, {10, 14}, {12}}",False,,,,False,FlipSYTNotFound
178127,"{{1, 3, 6, 8, 10}, {2, 4, 12, 14}, {5, 7, 15}, {9, 13}, {11}}","{{1, 3, 5, 11, 14}, {2, 4, 7, 12}, {6, 8, 9}, {10, 15}, {13}}",False,,,,False,FlipSYTNotFound
178279,"{{1, 2, 3, 9, 12}, {4, 5, 7, 13}, {6, 8, 10}, {11, 15}, {14}}","{{1, 2, 8, 10, 12}, {3, 5, 9, 11}, {4, 6, 15}, {7, 14}, {13}}",False,,,,False,FlipSYTNotFound
178449,"{{1, 4, 5, 8, 13}, {2, 6, 10, 11}, {3, 7, 14}, {9, 12}, {15}}","{{1, 4, 6, 7, 13}, {2, 5, 9, 14}, {3, 10, 12}, {8, 15}, {11}}",False,,,,False,FlipSYTNotFound
178693,"{{1, 4, 5, 7, 13}, {2, 6, 10, 11}, {3, 8, 14}, {9, 12}, {15}}","{{1, 4, 6, 7, 13}, {2, 5, 8, 14}, {3, 10, 12}, {9, 15}, {11}}",False,,,,False,FlipSYTNotFound
178732,"{{1, 5, 6, 8, 9}, {2, 7, 11, 14}, {3, 12, 13}, {4, 15}, {10}}","{{1, 3, 4, 6, 12}, {2, 8, 9, 11}, {5, 10, 13}, {7, 14}, {15}}",False,,,,False,FlipSYTNotFound
178784,"{{1, 2, 3, 7, 8}, {4, 6, 12, 14}, {5, 10, 15}, {9, 13}, {11}}","{{1, 3, 5, 7, 15}, {2, 4, 6, 11}, {8, 9, 10}, {12, 14}, {13}}",False,,,,False,FlipSYTNotFound
178806,"{{1, 2, 4, 5, 13}, {3, 7, 9, 12}, {6, 10, 15}, {8, 11}, {14}}","{{1, 2, 5, 8, 10}, {3, 4, 9, 15}, {6, 12, 13}, {7, 14}, {11}}",False,,,,False,FlipSYTNotFound
178926,"{{1, 4, 5, 8, 13}, {2, 6, 7, 12}, {3, 10, 15}, {9, 11}, {14}}","{{1, 2, 5, 7, 13}, {3, 4, 10, 14}, {6, 9, 12}, {8, 15}, {11}}",False,,,,False,FlipSYTNotFound
178973,"{{1, 2, 5, 6, 13}, {3, 4, 8, 12}, {7, 10, 15}, {9, 11}, {14}}","{{1, 2, 5, 7, 13}, {3, 4, 9, 15}, {6, 11, 12}, {8, 14}, {10}}",False,,,,False,FlipSYTNotFound
179061,"{{1, 4, 5, 9, 13}, {2, 6, 8, 12}, {3, 7, 15}, {10, 11}, {14}}","{{1, 2, 5, 6, 13}, {3, 4, 9, 14}, {7, 8, 12}, {10, 15}, {11}}",False,,,,False,FlipSYTNotFound
179301,"{{1, 3, 6, 8, 9}, {2, 4, 12, 14}, {5, 7, 15}, {10, 13}, {11}}","{{1, 3, 5, 11, 14}, {2, 4, 6, 12}, {7, 8, 9}, {10, 15}, {13}}",False,,,,False,FlipSYTNotFound
179316,"{{1, 4, 5, 9, 13}, {2, 6, 7, 12}, {3, 8, 15}, {10, 11}, {14}}","{{1, 2, 5, 6, 13}, {3, 4, 10, 14}, {7, 8, 12}, {9, 15}, {11}}",False,,,,False,FlipSYTNotFound
179422,"{{1, 4, 5, 8, 13}, {2, 6, 9, 12}, {3, 7, 15}, {10, 11}, {14}}","{{1, 2, 5, 6, 13}, {3, 4, 9, 14}, {7, 10, 12}, {8, 15}, {11}}",False,,,,False,FlipSYTNotFound
179425,"{{1, 4, 5, 8, 13}, {2, 6, 7, 11}, {3, 10, 14}, {9, 12}, {15}}","{{1, 4, 6, 7, 13}, {2, 5, 10, 14}, {3, 9, 12}, {8, 15}, {11}}",False,,,,False,FlipSYTNotFound
179615,"{{1, 4, 5, 9, 13}, {2, 6, 8, 11}, {3, 7, 14}, {10, 12}, {15}}","{{1, 4, 6, 9, 13}, {2, 5, 8, 14}, {3, 10, 12}, {7, 15}, {11}}",False,,,,False,FlipSYTNotFound
179620,"{{1, 4, 5, 7, 13}, {2, 6, 9, 12}, {3, 8, 15}, {10, 11}, {14}}","{{1, 2, 5, 6, 13}, {3, 4, 8, 14}, {7, 10, 12}, {9, 15}, {11}}",False,,,,False,FlipSYTNotFound
179648,"{{1, 4, 5, 8, 13}, {2, 6, 7, 12}, {3, 9, 15}, {10, 11}, {14}}","{{1, 2, 5, 6, 13}, {3, 4, 10, 14}, {7, 9, 12}, {8, 15}, {11}}",False,,,,False,FlipSYTNotFound
179820,"{{1, 4, 6, 9, 13}, {2, 5, 7, 11}, {3, 8, 14}, {10, 12}, {15}}","{{1, 4, 6, 11, 13}, {2, 5, 8, 14}, {3, 9, 12}, {7, 15}, {10}}",False,,,,False,FlipSYTNotFound
179866,"{{1, 4, 5, 8, 13}, {2, 6, 9, 11}, {3, 7, 14}, {10, 12}, {15}}","{{1, 4, 6, 9, 13}, {2, 5, 7, 14}, {3, 10, 12}, {8, 15}, {11}}",False,,,,False,FlipSYTNotFound
180132,"{{1, 4, 5, 10, 13}, {2, 6, 9, 11}, {3, 7, 15}, {8, 12}, {14}}","{{1, 2, 7, 8, 13}, {3, 4, 9, 14}, {5, 10, 12}, {6, 15}, {11}}",False,,,,False,FlipSYTNotFound
180239,"{{1, 4, 5, 7, 13}, {2, 6, 9, 11}, {3, 8, 14}, {10, 12}, {15}}","{{1, 4, 6, 8, 13}, {2, 5, 7, 14}, {3, 10, 12}, {9, 15}, {11}}",False,,,,False,FlipSYTNotFound
180334,"{{1, 3, 4, 5, 10}, {2, 7, 8, 14}, {6, 12, 13}, {9, 15}, {11}}","{{1, 3, 4, 5, 14}, {2, 7, 9, 10}, {6, 8, 13}, {11, 12}, {15}}",False,,,,False,FlipSYTNotFound
180527,"{{1, 2, 4, 9, 11}, {3, 7, 10, 14}, {5, 12, 15}, {6, 13}, {8}}","{{1, 3, 8, 10, 15}, {2, 4, 9, 13}, {5, 6, 11}, {7, 12}, {14}}",False,,,,False,FlipSYTNotFound
180568,"{{1, 2, 5, 10, 11}, {3, 4, 7, 14}, {6, 12, 15}, {8, 13}, {9}}","{{1, 3, 7, 10, 13}, {2, 4, 8, 15}, {5, 6, 9}, {11, 12}, {14}}",False,,,,False,FlipSYTNotFound
180633,"{{1, 5, 8, 9, 11}, {2, 7, 10, 14}, {3, 12, 15}, {4, 13}, {6}}","{{1, 3, 8, 9, 10}, {2, 4, 11, 12}, {5, 6, 13}, {7, 14}, {15}}",False,,,,False,FlipSYTNotFound
180638,"{{1, 4, 5, 10, 13}, {2, 6, 8, 11}, {3, 7, 15}, {9, 12}, {14}}","{{1, 2, 7, 9, 13}, {3, 4, 8, 14}, {5, 10, 12}, {6, 15}, {11}}",False,,,,False,FlipSYTNotFound
181022,"{{1, 4, 5, 9, 13}, {2, 6, 10, 11}, {3, 7, 15}, {8, 12}, {14}}","{{1, 2, 6, 8, 13}, {3, 4, 9, 14}, {5, 10, 12}, {7, 15}, {11}}",False,,,,False,FlipSYTNotFound
181096,"{{1, 4, 6, 7, 11}, {2, 5, 10, 14}, {3, 12, 15}, {8, 13}, {9}}","{{1, 3, 7, 11, 13}, {2, 4, 8, 14}, {5, 6, 10}, {9, 12}, {15}}",False,,,,False,FlipSYTNotFound
181120,"{{1, 2, 7, 9, 11}, {3, 4, 8, 14}, {5, 12, 15}, {6, 13}, {10}}","{{1, 3, 6, 10, 13}, {2, 4, 8, 15}, {5, 7, 11}, {9, 12}, {14}}",False,,,,False,FlipSYTNotFound
181336,"{{1, 2, 4, 6, 8}, {3, 7, 10, 14}, {5, 12, 13}, {9, 15}, {11}}","{{1, 3, 4, 5, 15}, {2, 7, 11, 13}, {6, 9, 12}, {8, 10}, {14}}",False,,,,False,FlipSYTNotFound
181348,"{{1, 3, 5, 6, 11}, {2, 4, 9, 13}, {7, 10, 12}, {8, 15}, {14}}","{{1, 2, 6, 8, 14}, {3, 4, 9, 12}, {5, 7, 15}, {10, 11}, {13}}",False,,,,False,FlipSYTNotFound
181460,"{{1, 4, 5, 8, 11}, {2, 6, 9, 14}, {3, 12, 15}, {7, 13}, {10}}","{{1, 3, 6, 12, 13}, {2, 4, 9, 14}, {5, 7, 10}, {8, 11}, {15}}",False,,,,False,FlipSYTNotFound
181463,"{{1, 4, 5, 8, 13}, {2, 6, 10, 11}, {3, 7, 15}, {9, 12}, {14}}","{{1, 2, 6, 7, 13}, {3, 4, 9, 14}, {5, 10, 12}, {8, 15}, {11}}",False,,,,False,FlipSYTNotFound
181534,"{{1, 4, 5, 7, 13}, {2, 6, 8, 10}, {3, 11, 14}, {9, 12}, {15}}","{{1, 4, 7, 10, 13}, {2, 5, 8, 14}, {3, 11, 12}, {6, 15}, {9}}",False,,,,False,FlipSYTNotFound
181632,"{{1, 2, 4, 5, 13}, {3, 7, 8, 10}, {6, 11, 14}, {9, 12}, {15}}","{{1, 4, 7, 9, 10}, {2, 5, 8, 15}, {3, 12, 13}, {6, 14}, {11}}",False,,,,False,FlipSYTNotFound
181733,"{{1, 4, 5, 7, 13}, {2, 6, 10, 11}, {3, 8, 15}, {9, 12}, {14}}","{{1, 2, 6, 7, 13}, {3, 4, 8, 14}, {5, 10, 12}, {9, 15}, {11}}",False,,,,False,FlipSYTNotFound
181793,"{{1, 2, 3, 6, 7}, {4, 8, 9, 14}, {5, 12, 13}, {10, 15}, {11}}","{{1, 3, 4, 5, 15}, {2, 6, 11, 14}, {7, 8, 12}, {9, 10}, {13}}",False,,,,False,FlipSYTNotFound
181876,"{{1, 2, 4, 6, 13}, {3, 5, 10, 11}, {7, 8, 15}, {9, 12}, {14}}","{{1, 2, 6, 7, 9}, {3, 4, 8, 15}, {5, 11, 13}, {10, 14}, {12}}",False,,,,False,FlipSYTNotFound
181896,"{{1, 4, 6, 7, 11}, {2, 5, 8, 14}, {3, 12, 15}, {9, 13}, {10}}","{{1, 3, 6, 11, 13}, {2, 4, 7, 14}, {5, 8, 10}, {9, 12}, {15}}",False,,,,False,FlipSYTNotFound
181991,"{{1, 4, 5, 7, 13}, {2, 6, 8, 9}, {3, 11, 14}, {10, 12}, {15}}","{{1, 4, 6, 10, 13}, {2, 5, 8, 14}, {3, 11, 12}, {7, 15}, {9}}",False,,,,False,FlipSYTNotFound
182128,"{{1, 4, 5, 9, 13}, {2, 6, 8, 10}, {3, 7, 14}, {11, 12}, {15}}","{{1, 4, 5, 9, 13}, {2, 6, 8, 14}, {3, 10, 12}, {7, 15}, {11}}",False,,,,False,FlipSYTNotFound
182220,"{{1, 5, 8, 9, 10}, {2, 7, 11, 14}, {3, 12, 15}, {4, 13}, {6}}","{{1, 3, 8, 9, 10}, {2, 4, 11, 12}, {5, 7, 13}, {6, 14}, {15}}",False,,,,False,FlipSYTNotFound
182428,"{{1, 4, 5, 8, 13}, {2, 6, 9, 10}, {3, 7, 14}, {11, 12}, {15}}","{{1, 4, 5, 9, 13}, {2, 6, 7, 14}, {3, 10, 12}, {8, 15}, {11}}",False,,,,False,FlipSYTNotFound
182486,"{{1, 4, 5, 8, 13}, {2, 6, 7, 11}, {3, 10, 15}, {9, 12}, {14}}","{{1, 2, 6, 7, 13}, {3, 4, 10, 14}, {5, 9, 12}, {8, 15}, {11}}",False,,,,False,FlipSYTNotFound
182535,"{{1, 4, 5, 9, 10}, {2, 6, 11, 14}, {3, 12, 15}, {7, 13}, {8}}","{{1, 3, 8, 12, 13}, {2, 4, 9, 14}, {5, 7, 10}, {6, 11}, {15}}",False,,,,False,FlipSYTNotFound
182610,"{{1, 4, 5, 7, 13}, {2, 6, 9, 10}, {3, 8, 14}, {11, 12}, {15}}","{{1, 4, 5, 8, 13}, {2, 6, 7, 14}, {3, 10, 12}, {9, 15}, {11}}",False,,,,False,FlipSYTNotFound
182620,"{{1, 2, 4, 10, 11}, {3, 5, 9, 14}, {6, 7, 13}, {8, 15}, {12}}","{{1, 3, 4, 8, 10}, {2, 6, 7, 13}, {5, 9, 15}, {11, 14}, {12}}",False,,,,False,FlipSYTNotFound
182887,"{{1, 2, 3, 7, 13}, {4, 5, 6, 9}, {8, 10, 14}, {11, 12}, {15}}","{{1, 4, 5, 11, 12}, {2, 6, 8, 15}, {3, 10, 14}, {7, 13}, {9}}",False,,,,False,FlipSYTNotFound
182889,"{{1, 2, 4, 8, 10}, {3, 7, 11, 14}, {5, 12, 15}, {6, 13}, {9}}","{{1, 3, 7, 10, 15}, {2, 4, 9, 13}, {5, 8, 11}, {6, 12}, {14}}",False,,,,False,FlipSYTNotFound
182958,"{{1, 4, 5, 8, 10}, {2, 6, 11, 14}, {3, 12, 15}, {7, 13}, {9}}","{{1, 3, 7, 12, 13}, {2, 4, 9, 14}, {5, 8, 10}, {6, 11}, {15}}",False,,,,False,FlipSYTNotFound
182981,"{{1, 4, 5, 9, 13}, {2, 6, 8, 11}, {3, 7, 15}, {10, 12}, {14}}","{{1, 2, 6, 9, 13}, {3, 4, 8, 14}, {5, 10, 12}, {7, 15}, {11}}",False,,,,False,FlipSYTNotFound
183084,"{{1, 4, 5, 8, 13}, {2, 6, 9, 11}, {3, 7, 15}, {10, 12}, {14}}","{{1, 2, 6, 9, 13}, {3, 4, 7, 14}, {5, 10, 12}, {8, 15}, {11}}",False,,,,False,FlipSYTNotFound
183200,"{{1, 3, 8, 11, 12}, {2, 5, 10, 13}, {4, 6, 14}, {7, 9}, {15}}","{{1, 5, 6, 7, 9}, {2, 8, 10, 12}, {3, 11, 14}, {4, 15}, {13}}",False,,,,False,FlipSYTNotFound
183212,"{{1, 2, 4, 10, 11}, {3, 6, 8, 14}, {5, 7, 13}, {9, 15}, {12}}","{{1, 3, 4, 9, 11}, {2, 6, 7, 13}, {5, 8, 15}, {10, 14}, {12}}",False,,,,False,FlipSYTNotFound
183270,"{{1, 4, 5, 7, 13}, {2, 6, 9, 11}, {3, 8, 15}, {10, 12}, {14}}","{{1, 2, 6, 8, 13}, {3, 4, 7, 14}, {5, 10, 12}, {9, 15}, {11}}",False,,,,False,FlipSYTNotFound
183281,"{{1, 3, 8, 11, 12}, {2, 5, 10, 13}, {4, 7, 14}, {6, 9}, {15}}","{{1, 5, 6, 7, 10}, {2, 8, 9, 12}, {3, 11, 14}, {4, 15}, {13}}",False,,,,False,FlipSYTNotFound
183323,"{{1, 3, 7, 11, 12}, {2, 5, 10, 13}, {4, 6, 14}, {8, 9}, {15}}","{{1, 5, 6, 7, 8}, {2, 9, 10, 12}, {3, 11, 14}, {4, 15}, {13}}",False,,,,False,FlipSYTNotFound
183391,"{{1, 3, 9, 11, 12}, {2, 5, 10, 13}, {4, 7, 14}, {6, 8}, {15}}","{{1, 5, 6, 8, 10}, {2, 7, 9, 12}, {3, 11, 14}, {4, 15}, {13}}",False,,,,False,FlipSYTNotFound
183394,"{{1, 3, 9, 11, 12}, {2, 5, 10, 13}, {4, 6, 14}, {7, 8}, {15}}","{{1, 5, 6, 8, 9}, {2, 7, 10, 12}, {3, 11, 14}, {4, 15}, {13}}",False,,,,False,FlipSYTNotFound
183400,"{{1, 4, 5, 8, 9}, {2, 6, 11, 14}, {3, 12, 15}, {7, 13}, {10}}","{{1, 3, 6, 12, 13}, {2, 4, 9, 14}, {5, 8, 10}, {7, 11}, {15}}",False,,,,False,FlipSYTNotFound
183536,"{{1, 4, 6, 7, 13}, {2, 5, 8, 11}, {3, 9, 15}, {10, 12}, {14}}","{{1, 2, 6, 11, 13}, {3, 4, 7, 14}, {5, 10, 12}, {8, 15}, {9}}",False,,,,False,FlipSYTNotFound
183590,"{{1, 4, 5, 11, 12}, {2, 6, 9, 13}, {3, 7, 14}, {8, 10}, {15}}","{{1, 5, 6, 8, 13}, {2, 7, 9, 14}, {3, 10, 12}, {4, 15}, {11}}",False,,,,False,FlipSYTNotFound
183645,"{{1, 4, 5, 11, 12}, {2, 6, 7, 14}, {3, 9, 15}, {8, 10}, {13}}","{{1, 3, 6, 8, 13}, {2, 5, 10, 14}, {4, 7, 12}, {9, 15}, {11}}",False,,,,False,FlipSYTNotFound
183746,"{{1, 4, 9, 10, 12}, {2, 5, 11, 14}, {3, 7, 15}, {6, 8}, {13}}","{{1, 3, 7, 8, 10}, {2, 5, 9, 13}, {4, 6, 14}, {11, 15}, {12}}",False,,,,False,FlipSYTNotFound
183872,"{{1, 4, 5, 11, 12}, {2, 6, 7, 14}, {3, 8, 15}, {9, 10}, {13}}","{{1, 3, 6, 7, 13}, {2, 5, 10, 14}, {4, 8, 12}, {9, 15}, {11}}",False,,,,False,FlipSYTNotFound
183920,"{{1, 4, 5, 11, 12}, {2, 6, 8, 14}, {3, 7, 15}, {9, 10}, {13}}","{{1, 3, 6, 7, 13}, {2, 5, 9, 14}, {4, 8, 12}, {10, 15}, {11}}",False,,,,False,FlipSYTNotFound
184008,"{{1, 4, 5, 11, 12}, {2, 6, 8, 13}, {3, 7, 14}, {9, 10}, {15}}","{{1, 5, 6, 7, 13}, {2, 8, 9, 14}, {3, 10, 12}, {4, 15}, {11}}",False,,,,False,FlipSYTNotFound
184019,"{{1, 3, 9, 10, 12}, {2, 5, 11, 14}, {4, 6, 15}, {7, 8}, {13}}","{{1, 3, 7, 8, 9}, {2, 5, 10, 12}, {4, 6, 14}, {11, 15}, {13}}",False,,,,False,FlipSYTNotFound
184154,"{{1, 3, 9, 10, 12}, {2, 5, 11, 14}, {4, 7, 15}, {6, 8}, {13}}","{{1, 3, 7, 8, 10}, {2, 5, 9, 12}, {4, 6, 14}, {11, 15}, {13}}",False,,,,False,FlipSYTNotFound
184223,"{{1, 3, 8, 10, 12}, {2, 4, 11, 13}, {5, 6, 14}, {7, 9}, {15}}","{{1, 5, 7, 9, 11}, {2, 6, 8, 10}, {3, 12, 14}, {4, 15}, {13}}",False,,,,False,FlipSYTNotFound
184261,"{{1, 3, 8, 9, 12}, {2, 5, 11, 14}, {4, 7, 15}, {6, 10}, {13}}","{{1, 3, 6, 9, 10}, {2, 5, 8, 12}, {4, 7, 14}, {11, 15}, {13}}",False,,,,False,FlipSYTNotFound
184300,"{{1, 3, 9, 10, 12}, {2, 5, 11, 13}, {4, 7, 14}, {6, 8}, {15}}","{{1, 5, 7, 8, 10}, {2, 6, 9, 12}, {3, 11, 14}, {4, 15}, {13}}",False,,,,False,FlipSYTNotFound
184417,"{{1, 3, 4, 10, 12}, {2, 7, 11, 14}, {5, 8, 15}, {6, 9}, {13}}","{{1, 3, 7, 10, 14}, {2, 5, 8, 11}, {4, 6, 13}, {9, 15}, {12}}",False,,,,False,FlipSYTNotFound
184434,"{{1, 3, 9, 10, 12}, {2, 5, 11, 13}, {4, 6, 14}, {7, 8}, {15}}","{{1, 5, 7, 8, 9}, {2, 6, 10, 12}, {3, 11, 14}, {4, 15}, {13}}",False,,,,False,FlipSYTNotFound
184465,"{{1, 4, 8, 9, 12}, {2, 5, 11, 14}, {3, 7, 15}, {6, 10}, {13}}","{{1, 3, 6, 9, 10}, {2, 5, 8, 13}, {4, 7, 14}, {11, 15}, {12}}",False,,,,False,FlipSYTNotFound
184519,"{{1, 3, 8, 10, 12}, {2, 5, 11, 13}, {4, 7, 14}, {6, 9}, {15}}","{{1, 5, 7, 9, 10}, {2, 6, 8, 12}, {3, 11, 14}, {4, 15}, {13}}",False,,,,False,FlipSYTNotFound
184559,"{{1, 3, 8, 9, 12}, {2, 6, 11, 14}, {4, 7, 15}, {5, 10}, {13}}","{{1, 3, 6, 9, 11}, {2, 5, 8, 12}, {4, 7, 14}, {10, 15}, {13}}",False,,,,False,FlipSYTNotFound
184580,"{{1, 3, 5, 6, 7}, {2, 8, 11, 13}, {4, 10, 12}, {9, 15}, {14}}","{{1, 2, 6, 7, 14}, {3, 4, 11, 12}, {5, 8, 13}, {9, 10}, {15}}",True,20,20,1.11838475498133122222E-1,False,DistanceAboveTolerance
184605,"{{1, 3, 5, 10, 12}, {2, 6, 11, 13}, {4, 7, 14}, {8, 9}, {15}}","{{1, 5, 7, 8, 14}, {2, 6, 9, 12}, {3, 10, 13}, {4, 15}, {11}}",False,,,,False,FlipSYTNotFound
184612,"{{1, 4, 5, 7, 13}, {2, 6, 8, 10}, {3, 11, 15}, {9, 12}, {14}}","{{1, 2, 7, 10, 13}, {3, 4, 8, 14}, {5, 11, 12}, {6, 15}, {9}}",False,,,,False,FlipSYTNotFound
184718,"{{1, 3, 7, 10, 12}, {2, 4, 11, 13}, {5, 6, 14}, {8, 9}, {15}}","{{1, 5, 7, 8, 11}, {2, 6, 9, 10}, {3, 12, 14}, {4, 15}, {13}}",False,,,,False,FlipSYTNotFound
184781,"{{1, 3, 8, 9, 12}, {2, 4, 11, 13}, {5, 6, 14}, {7, 10}, {15}}","{{1, 5, 6, 9, 11}, {2, 7, 8, 10}, {3, 12, 14}, {4, 15}, {13}}",False,,,,False,FlipSYTNotFound
184829,"{{1, 3, 8, 9, 12}, {2, 5, 11, 13}, {4, 7, 14}, {6, 10}, {15}}","{{1, 5, 6, 9, 10}, {2, 7, 8, 12}, {3, 11, 14}, {4, 15}, {13}}",False,,,,False,FlipSYTNotFound
185026,"{{1, 3, 4, 8, 12}, {2, 6, 11, 14}, {5, 9, 15}, {7, 10}, {13}}","{{1, 3, 6, 9, 14}, {2, 5, 10, 11}, {4, 7, 13}, {8, 15}, {12}}",False,,,,False,FlipSYTNotFound
185069,"{{1, 3, 7, 9, 12}, {2, 4, 11, 13}, {5, 6, 14}, {8, 10}, {15}}","{{1, 5, 6, 8, 11}, {2, 7, 9, 10}, {3, 12, 14}, {4, 15}, {13}}",False,,,,False,FlipSYTNotFound
185081,"{{1, 4, 6, 7, 13}, {2, 5, 8, 9}, {3, 11, 15}, {10, 12}, {14}}","{{1, 2, 6, 11, 13}, {3, 4, 8, 14}, {5, 10, 12}, {7, 15}, {9}}",False,,,,False,FlipSYTNotFound
185085,"{{1, 3, 4, 8, 12}, {2, 6, 11, 13}, {5, 9, 14}, {7, 10}, {15}}","{{1, 5, 6, 9, 14}, {2, 7, 10, 11}, {3, 8, 13}, {4, 15}, {12}}",False,,,,False,FlipSYTNotFound
185091,"{{1, 4, 5, 9, 13}, {2, 6, 8, 10}, {3, 7, 15}, {11, 12}, {14}}","{{1, 2, 5, 9, 13}, {3, 4, 8, 14}, {6, 10, 12}, {7, 15}, {11}}",False,,,,False,FlipSYTNotFound
185327,"{{1, 3, 5, 7, 12}, {2, 8, 11, 13}, {4, 9, 14}, {6, 10}, {15}}","{{1, 5, 6, 10, 14}, {2, 7, 11, 12}, {3, 8, 13}, {4, 15}, {9}}",False,,,,False,FlipSYTNotFound
185491,"{{1, 4, 5, 8, 13}, {2, 6, 9, 10}, {3, 7, 15}, {11, 12}, {14}}","{{1, 2, 5, 9, 13}, {3, 4, 7, 14}, {6, 10, 12}, {8, 15}, {11}}",False,,,,False,FlipSYTNotFound
185524,"{{1, 4, 5, 7, 13}, {2, 6, 9, 10}, {3, 8, 15}, {11, 12}, {14}}","{{1, 2, 5, 8, 13}, {3, 4, 7, 14}, {6, 10, 12}, {9, 15}, {11}}",False,,,,False,FlipSYTNotFound
185559,"{{1, 3, 7, 8, 12}, {2, 4, 11, 13}, {5, 6, 14}, {9, 10}, {15}}","{{1, 5, 6, 7, 11}, {2, 8, 9, 10}, {3, 12, 14}, {4, 15}, {13}}",False,,,,False,FlipSYTNotFound
185740,"{{1, 4, 5, 10, 12}, {2, 6, 9, 14}, {3, 7, 15}, {8, 11}, {13}}","{{1, 3, 7, 8, 13}, {2, 5, 9, 14}, {4, 6, 12}, {10, 15}, {11}}",False,,,,False,FlipSYTNotFound
185968,"{{1, 2, 4, 10, 12}, {3, 5, 9, 14}, {6, 7, 15}, {8, 11}, {13}}","{{1, 3, 7, 8, 10}, {2, 5, 9, 15}, {4, 6, 13}, {11, 14}, {12}}",False,,,,False,FlipSYTNotFound
186050,"{{1, 4, 5, 10, 12}, {2, 6, 7, 14}, {3, 9, 15}, {8, 11}, {13}}","{{1, 3, 7, 8, 13}, {2, 5, 10, 14}, {4, 6, 12}, {9, 15}, {11}}",False,,,,False,FlipSYTNotFound
186095,"{{1, 4, 5, 8, 13}, {2, 6, 7, 9}, {3, 10, 15}, {11, 12}, {14}}","{{1, 2, 5, 10, 13}, {3, 4, 9, 14}, {6, 11, 12}, {7, 15}, {8}}",False,,,,False,FlipSYTNotFound
186289,"{{1, 4, 5, 10, 12}, {2, 6, 8, 14}, {3, 7, 15}, {9, 11}, {13}}","{{1, 3, 7, 9, 13}, {2, 5, 8, 14}, {4, 6, 12}, {10, 15}, {11}}",False,,,,False,FlipSYTNotFound
186314,"{{1, 3, 4, 6, 11}, {2, 5, 7, 14}, {8, 9, 13}, {10, 15}, {12}}","{{1, 3, 4, 8, 14}, {2, 6, 11, 13}, {5, 7, 15}, {9, 12}, {10}}",False,,,,False,FlipSYTNotFound
186465,"{{1, 3, 9, 11, 12}, {2, 5, 10, 13}, {4, 7, 15}, {6, 8}, {14}}","{{1, 2, 6, 8, 10}, {3, 5, 9, 12}, {4, 7, 14}, {11, 15}, {13}}",False,,,,False,FlipSYTNotFound
186495,"{{1, 3, 9, 11, 12}, {2, 5, 10, 13}, {4, 6, 15}, {7, 8}, {14}}","{{1, 2, 6, 8, 9}, {3, 5, 10, 12}, {4, 7, 14}, {11, 15}, {13}}",False,,,,False,FlipSYTNotFound
186535,"{{1, 4, 9, 11, 12}, {2, 5, 10, 13}, {3, 7, 15}, {6, 8}, {14}}","{{1, 2, 6, 8, 10}, {3, 5, 9, 13}, {4, 7, 14}, {11, 15}, {12}}",False,,,,False,FlipSYTNotFound
186547,"{{1, 3, 4, 9, 12}, {2, 6, 10, 14}, {5, 8, 15}, {7, 11}, {13}}","{{1, 3, 8, 9, 14}, {2, 5, 10, 11}, {4, 6, 13}, {7, 15}, {12}}",False,,,,False,FlipSYTNotFound
186570,"{{1, 3, 8, 11, 12}, {2, 5, 10, 13}, {4, 6, 15}, {7, 9}, {14}}","{{1, 2, 6, 7, 9}, {3, 5, 10, 12}, {4, 8, 14}, {11, 15}, {13}}",False,,,,False,FlipSYTNotFound
186571,"{{1, 4, 8, 11, 12}, {2, 5, 10, 13}, {3, 7, 15}, {6, 9}, {14}}","{{1, 2, 6, 7, 10}, {3, 5, 9, 13}, {4, 8, 14}, {11, 15}, {12}}",False,,,,False,FlipSYTNotFound
186660,"{{1, 3, 8, 11, 12}, {2, 5, 10, 13}, {4, 7, 15}, {6, 9}, {14}}","{{1, 2, 6, 7, 10}, {3, 5, 9, 12}, {4, 8, 14}, {11, 15}, {13}}",False,,,,False,FlipSYTNotFound
186754,"{{1, 3, 4, 8, 12}, {2, 6, 10, 14}, {5, 9, 15}, {7, 11}, {13}}","{{1, 3, 7, 9, 14}, {2, 5, 10, 11}, {4, 6, 13}, {8, 15}, {12}}",False,,,,False,FlipSYTNotFound
186767,"{{1, 3, 5, 8, 10}, {2, 4, 11, 14}, {6, 9, 13}, {7, 15}, {12}}","{{1, 3, 4, 9, 14}, {2, 7, 10, 12}, {5, 8, 15}, {6, 11}, {13}}",False,,,,False,FlipSYTNotFound
186821,"{{1, 3, 4, 8, 10}, {2, 5, 11, 14}, {6, 9, 13}, {7, 15}, {12}}","{{1, 3, 4, 9, 14}, {2, 7, 10, 13}, {5, 8, 15}, {6, 11}, {12}}",False,,,,False,FlipSYTNotFound
186867,"{{1, 3, 7, 11, 12}, {2, 5, 10, 13}, {4, 6, 15}, {8, 9}, {14}}","{{1, 2, 6, 7, 8}, {3, 5, 10, 12}, {4, 9, 14}, {11, 15}, {13}}",False,,,,False,FlipSYTNotFound
186893,"{{1, 4, 6, 11, 12}, {2, 5, 10, 13}, {3, 7, 15}, {8, 9}, {14}}","{{1, 2, 6, 7, 8}, {3, 5, 11, 13}, {4, 9, 14}, {10, 15}, {12}}",False,,,,False,FlipSYTNotFound
186957,"{{1, 4, 6, 11, 12}, {2, 5, 9, 13}, {3, 8, 15}, {7, 10}, {14}}","{{1, 2, 6, 8, 9}, {3, 5, 11, 13}, {4, 7, 14}, {10, 15}, {12}}",False,,,,False,FlipSYTNotFound
186967,"{{1, 4, 6, 11, 12}, {2, 5, 10, 13}, {3, 8, 15}, {7, 9}, {14}}","{{1, 2, 6, 7, 9}, {3, 5, 11, 13}, {4, 8, 14}, {10, 15}, {12}}",False,,,,False,FlipSYTNotFound
187077,"{{1, 4, 5, 7, 9}, {2, 6, 8, 13}, {3, 10, 14}, {11, 12}, {15}}","{{1, 4, 5, 12, 13}, {2, 6, 10, 14}, {3, 8, 11}, {7, 15}, {9}}",False,,,,False,FlipSYTNotFound
187182,"{{1, 3, 5, 8, 12}, {2, 4, 10, 14}, {6, 7, 15}, {9, 11}, {13}}","{{1, 3, 7, 10, 14}, {2, 5, 9, 12}, {4, 6, 11}, {8, 15}, {13}}",False,,,,False,FlipSYTNotFound
187309,"{{1, 4, 5, 11, 12}, {2, 6, 9, 13}, {3, 7, 15}, {8, 10}, {14}}","{{1, 2, 6, 8, 13}, {3, 5, 9, 14}, {4, 7, 12}, {10, 15}, {11}}",False,,,,False,FlipSYTNotFound
187396,"{{1, 4, 5, 11, 12}, {2, 6, 8, 13}, {3, 7, 15}, {9, 10}, {14}}","{{1, 2, 6, 7, 13}, {3, 5, 9, 14}, {4, 8, 12}, {10, 15}, {11}}",False,,,,False,FlipSYTNotFound
187476,"{{1, 3, 4, 5, 10}, {2, 6, 11, 14}, {7, 8, 13}, {9, 15}, {12}}","{{1, 3, 4, 9, 14}, {2, 7, 12, 13}, {5, 8, 15}, {6, 10}, {11}}",False,,,,False,FlipSYTNotFound
187490,"{{1, 4, 5, 11, 12}, {2, 6, 7, 13}, {3, 8, 15}, {9, 10}, {14}}","{{1, 2, 6, 7, 13}, {3, 5, 10, 14}, {4, 8, 12}, {9, 15}, {11}}",False,,,,False,FlipSYTNotFound
187587,"{{1, 4, 5, 11, 12}, {2, 6, 7, 13}, {3, 9, 15}, {8, 10}, {14}}","{{1, 2, 6, 8, 13}, {3, 5, 10, 14}, {4, 7, 12}, {9, 15}, {11}}",False,,,,False,FlipSYTNotFound
187608,"{{1, 4, 9, 10, 12}, {2, 5, 11, 13}, {3, 7, 15}, {6, 8}, {14}}","{{1, 2, 7, 8, 10}, {3, 5, 9, 13}, {4, 6, 14}, {11, 15}, {12}}",False,,,,False,FlipSYTNotFound
187808,"{{1, 3, 9, 10, 12}, {2, 5, 11, 13}, {4, 7, 15}, {6, 8}, {14}}","{{1, 2, 7, 8, 10}, {3, 5, 9, 12}, {4, 6, 14}, {11, 15}, {13}}",False,,,,False,FlipSYTNotFound
187920,"{{1, 3, 8, 9, 12}, {2, 6, 11, 13}, {4, 7, 15}, {5, 10}, {14}}","{{1, 2, 6, 9, 11}, {3, 5, 8, 12}, {4, 7, 14}, {10, 15}, {13}}",False,,,,False,FlipSYTNotFound
187967,"{{1, 3, 4, 9, 12}, {2, 7, 11, 13}, {5, 8, 15}, {6, 10}, {14}}","{{1, 2, 6, 10, 14}, {3, 5, 8, 11}, {4, 7, 13}, {9, 15}, {12}}",False,,,,False,FlipSYTNotFound
187968,"{{1, 4, 8, 9, 12}, {2, 5, 11, 13}, {3, 7, 15}, {6, 10}, {14}}","{{1, 2, 6, 9, 10}, {3, 5, 8, 13}, {4, 7, 14}, {11, 15}, {12}}",False,,,,False,FlipSYTNotFound
187972,"{{1, 3, 8, 9, 12}, {2, 5, 11, 13}, {4, 7, 15}, {6, 10}, {14}}","{{1, 2, 6, 9, 10}, {3, 5, 8, 12}, {4, 7, 14}, {11, 15}, {13}}",False,,,,False,FlipSYTNotFound
188150,"{{1, 4, 5, 10, 12}, {2, 6, 9, 11}, {3, 7, 14}, {8, 13}, {15}}","{{1, 3, 7, 8, 13}, {2, 5, 9, 14}, {4, 10, 12}, {6, 15}, {11}}",False,,,,False,FlipSYTNotFound
188292,"{{1, 4, 5, 7, 12}, {2, 6, 8, 14}, {3, 10, 15}, {9, 11}, {13}}","{{1, 3, 7, 12, 13}, {2, 5, 10, 14}, {4, 6, 11}, {8, 15}, {9}}",False,,,,False,FlipSYTNotFound
188449,"{{1, 4, 5, 9, 12}, {2, 6, 8, 14}, {3, 7, 15}, {10, 11}, {13}}","{{1, 3, 6, 9, 13}, {2, 5, 8, 14}, {4, 7, 12}, {10, 15}, {11}}",False,,,,False,FlipSYTNotFound
188468,"{{1, 3, 4, 6, 10}, {2, 5, 11, 12}, {7, 8, 13}, {9, 15}, {14}}","{{1, 2, 7, 9, 14}, {3, 5, 11, 13}, {4, 8, 15}, {6, 10}, {12}}",False,,,,False,FlipSYTNotFound
188478,"{{1, 4, 5, 10, 12}, {2, 6, 8, 11}, {3, 7, 14}, {9, 13}, {15}}","{{1, 3, 7, 9, 13}, {2, 5, 8, 14}, {4, 10, 12}, {6, 15}, {11}}",False,,,,False,FlipSYTNotFound
188480,"{{1, 3, 4, 8, 12}, {2, 6, 11, 13}, {5, 9, 15}, {7, 10}, {14}}","{{1, 2, 6, 9, 14}, {3, 5, 10, 11}, {4, 7, 13}, {8, 15}, {12}}",False,,,,False,FlipSYTNotFound
188727,"{{1, 3, 5, 7, 12}, {2, 6, 11, 13}, {4, 9, 15}, {8, 10}, {14}}","{{1, 2, 6, 8, 14}, {3, 5, 10, 12}, {4, 7, 13}, {9, 15}, {11}}",False,,,,False,FlipSYTNotFound
188827,"{{1, 2, 6, 8, 12}, {3, 4, 7, 14}, {5, 9, 15}, {10, 11}, {13}}","{{1, 3, 6, 11, 13}, {2, 5, 9, 15}, {4, 7, 12}, {8, 14}, {10}}",False,,,,False,FlipSYTNotFound
189071,"{{1, 5, 7, 10, 12}, {2, 6, 9, 13}, {3, 8, 15}, {4, 11}, {14}}","{{1, 2, 7, 8, 12}, {3, 5, 10, 13}, {4, 6, 14}, {9, 15}, {11}}",False,,,,False,FlipSYTNotFound
189170,"{{1, 4, 5, 9, 12}, {2, 6, 10, 11}, {3, 7, 14}, {8, 13}, {15}}","{{1, 3, 6, 8, 13}, {2, 5, 9, 14}, {4, 10, 12}, {7, 15}, {11}}",False,,,,False,FlipSYTNotFound
189197,"{{1, 3, 6, 8, 10}, {2, 7, 9, 14}, {4, 11, 13}, {5, 15}, {12}}","{{1, 3, 4, 11, 14}, {2, 5, 9, 12}, {6, 7, 13}, {8, 10}, {15}}",False,,,,False,FlipSYTNotFound
189211,"{{1, 4, 6, 10, 12}, {2, 5, 9, 13}, {3, 8, 15}, {7, 11}, {14}}","{{1, 2, 7, 8, 9}, {3, 5, 11, 13}, {4, 6, 14}, {10, 15}, {12}}",False,,,,False,FlipSYTNotFound
189269,"{{1, 3, 9, 10, 11}, {2, 5, 12, 14}, {4, 7, 15}, {6, 8}, {13}}","{{1, 3, 7, 8, 10}, {2, 4, 9, 12}, {5, 6, 14}, {11, 15}, {13}}",False,,,,False,FlipSYTNotFound
189304,"{{1, 3, 6, 8, 10}, {2, 5, 9, 14}, {4, 11, 13}, {7, 15}, {12}}","{{1, 3, 4, 9, 12}, {2, 5, 10, 11}, {6, 7, 14}, {8, 13}, {15}}",False,,,,False,FlipSYTNotFound
189326,"{{1, 3, 9, 10, 11}, {2, 5, 12, 14}, {4, 6, 15}, {7, 8}, {13}}","{{1, 3, 7, 8, 9}, {2, 4, 10, 12}, {5, 6, 14}, {11, 15}, {13}}",False,,,,False,FlipSYTNotFound
189345,"{{1, 4, 8, 10, 11}, {2, 5, 12, 14}, {3, 7, 15}, {6, 9}, {13}}","{{1, 3, 7, 9, 10}, {2, 4, 8, 13}, {5, 6, 14}, {11, 15}, {12}}",False,,,,False,FlipSYTNotFound
189386,"{{1, 3, 8, 10, 11}, {2, 5, 12, 14}, {4, 7, 15}, {6, 9}, {13}}","{{1, 3, 7, 9, 10}, {2, 4, 8, 12}, {5, 6, 14}, {11, 15}, {13}}",False,,,,False,FlipSYTNotFound
189387,"{{1, 2, 4, 10, 12}, {3, 5, 9, 13}, {6, 7, 15}, {8, 11}, {14}}","{{1, 2, 7, 8, 10}, {3, 5, 9, 15}, {4, 6, 13}, {11, 14}, {12}}",False,,,,False,FlipSYTNotFound
189439,"{{1, 4, 5, 10, 12}, {2, 6, 9, 13}, {3, 7, 15}, {8, 11}, {14}}","{{1, 2, 7, 8, 13}, {3, 5, 9, 14}, {4, 6, 12}, {10, 15}, {11}}",False,,,,False,FlipSYTNotFound
189479,"{{1, 3, 8, 10, 11}, {2, 6, 12, 14}, {4, 7, 15}, {5, 9}, {13}}","{{1, 3, 7, 9, 11}, {2, 4, 8, 12}, {5, 6, 14}, {10, 15}, {13}}",False,,,,False,FlipSYTNotFound
189576,"{{1, 3, 6, 10, 11}, {2, 4, 12, 14}, {5, 8, 15}, {7, 9}, {13}}","{{1, 3, 7, 9, 14}, {2, 4, 8, 11}, {5, 6, 12}, {10, 15}, {13}}",False,,,,False,FlipSYTNotFound
189589,"{{1, 4, 5, 8, 12}, {2, 6, 10, 11}, {3, 7, 14}, {9, 13}, {15}}","{{1, 3, 6, 7, 13}, {2, 5, 9, 14}, {4, 10, 12}, {8, 15}, {11}}",False,,,,False,FlipSYTNotFound
189635,"{{1, 4, 5, 10, 12}, {2, 6, 7, 13}, {3, 9, 15}, {8, 11}, {14}}","{{1, 2, 7, 8, 13}, {3, 5, 10, 14}, {4, 6, 12}, {9, 15}, {11}}",False,,,,False,FlipSYTNotFound
189683,"{{1, 2, 5, 10, 12}, {3, 6, 8, 13}, {4, 7, 15}, {9, 11}, {14}}","{{1, 2, 7, 9, 12}, {3, 5, 8, 15}, {4, 6, 13}, {10, 14}, {11}}",False,,,,False,FlipSYTNotFound
189690,"{{1, 3, 4, 10, 11}, {2, 7, 12, 14}, {5, 8, 15}, {6, 9}, {13}}","{{1, 3, 7, 10, 14}, {2, 4, 8, 11}, {5, 6, 13}, {9, 15}, {12}}",False,,,,False,FlipSYTNotFound
189691,"{{1, 4, 5, 10, 12}, {2, 6, 8, 13}, {3, 7, 15}, {9, 11}, {14}}","{{1, 2, 7, 9, 13}, {3, 5, 8, 14}, {4, 6, 12}, {10, 15}, {11}}",False,,,,False,FlipSYTNotFound
189735,"{{1, 4, 5, 7, 12}, {2, 6, 10, 11}, {3, 8, 14}, {9, 13}, {15}}","{{1, 3, 6, 7, 13}, {2, 5, 8, 14}, {4, 10, 12}, {9, 15}, {11}}",False,,,,False,FlipSYTNotFound
189799,"{{1, 4, 8, 9, 11}, {2, 5, 12, 14}, {3, 7, 15}, {6, 10}, {13}}","{{1, 3, 6, 9, 10}, {2, 4, 8, 13}, {5, 7, 14}, {11, 15}, {12}}",False,,,,False,FlipSYTNotFound
189852,"{{1, 3, 8, 9, 11}, {2, 5, 12, 14}, {4, 7, 15}, {6, 10}, {13}}","{{1, 3, 6, 9, 10}, {2, 4, 8, 12}, {5, 7, 14}, {11, 15}, {13}}",False,,,,False,FlipSYTNotFound
189877,"{{1, 3, 8, 9, 11}, {2, 6, 12, 14}, {4, 7, 15}, {5, 10}, {13}}","{{1, 3, 6, 9, 11}, {2, 4, 8, 12}, {5, 7, 14}, {10, 15}, {13}}",False,,,,False,FlipSYTNotFound
189928,"{{1, 3, 4, 9, 11}, {2, 7, 12, 14}, {5, 8, 15}, {6, 10}, {13}}","{{1, 3, 6, 10, 14}, {2, 4, 8, 11}, {5, 7, 13}, {9, 15}, {12}}",False,,,,False,FlipSYTNotFound
190038,"{{1, 3, 4, 9, 12}, {2, 6, 10, 13}, {5, 8, 15}, {7, 11}, {14}}","{{1, 2, 8, 9, 14}, {3, 5, 10, 11}, {4, 6, 13}, {7, 15}, {12}}",False,,,,False,FlipSYTNotFound
190077,"{{1, 3, 4, 8, 11}, {2, 6, 12, 14}, {5, 9, 15}, {7, 10}, {13}}","{{1, 3, 6, 9, 14}, {2, 4, 10, 11}, {5, 7, 13}, {8, 15}, {12}}",False,,,,False,FlipSYTNotFound
190105,"{{1, 2, 3, 5, 6}, {4, 8, 11, 14}, {7, 9, 12}, {10, 15}, {13}}","{{1, 3, 6, 9, 15}, {2, 4, 12, 14}, {5, 7, 13}, {8, 11}, {10}}",False,,,,False,FlipSYTNotFound
190273,"{{1, 3, 4, 8, 12}, {2, 6, 10, 13}, {5, 9, 15}, {7, 11}, {14}}","{{1, 2, 7, 9, 14}, {3, 5, 10, 11}, {4, 6, 13}, {8, 15}, {12}}",False,,,,False,FlipSYTNotFound
190458,"{{1, 4, 5, 8, 12}, {2, 6, 7, 11}, {3, 10, 14}, {9, 13}, {15}}","{{1, 3, 6, 7, 13}, {2, 5, 10, 14}, {4, 9, 12}, {8, 15}, {11}}",False,,,,False,FlipSYTNotFound
190557,"{{1, 3, 5, 7, 11}, {2, 6, 12, 14}, {4, 9, 15}, {8, 10}, {13}}","{{1, 3, 6, 8, 14}, {2, 4, 10, 12}, {5, 7, 13}, {9, 15}, {11}}",False,,,,False,FlipSYTNotFound
190862,"{{1, 3, 8, 9, 10}, {2, 5, 12, 14}, {4, 7, 15}, {6, 11}, {13}}","{{1, 3, 5, 9, 10}, {2, 4, 8, 12}, {6, 7, 14}, {11, 15}, {13}}",False,,,,False,FlipSYTNotFound
190864,"{{1, 3, 8, 9, 10}, {2, 6, 12, 14}, {4, 7, 15}, {5, 11}, {13}}","{{1, 3, 5, 9, 11}, {2, 4, 8, 12}, {6, 7, 14}, {10, 15}, {13}}",False,,,,False,FlipSYTNotFound
190904,"{{1, 4, 8, 9, 10}, {2, 5, 12, 14}, {3, 7, 15}, {6, 11}, {13}}","{{1, 3, 5, 9, 10}, {2, 4, 8, 13}, {6, 7, 14}, {11, 15}, {12}}",False,,,,False,FlipSYTNotFound
191014,"{{1, 4, 5, 9, 12}, {2, 6, 8, 11}, {3, 7, 14}, {10, 13}, {15}}","{{1, 3, 6, 9, 13}, {2, 5, 8, 14}, {4, 10, 12}, {7, 15}, {11}}",False,,,,False,FlipSYTNotFound
191050,"{{1, 3, 5, 8, 9}, {2, 4, 10, 13}, {6, 7, 15}, {11, 12}, {14}}","{{1, 2, 5, 10, 14}, {3, 4, 9, 12}, {6, 8, 11}, {7, 15}, {13}}",False,,,,False,FlipSYTNotFound
191080,"{{1, 3, 4, 9, 10}, {2, 7, 12, 14}, {5, 8, 15}, {6, 11}, {13}}","{{1, 3, 5, 10, 14}, {2, 4, 8, 11}, {6, 7, 13}, {9, 15}, {12}}",False,,,,False,FlipSYTNotFound
191089,"{{1, 4, 5, 8, 9}, {2, 6, 10, 12}, {3, 11, 13}, {7, 15}, {14}}","{{1, 2, 9, 12, 13}, {3, 5, 10, 14}, {4, 6, 11}, {7, 8}, {15}}",False,,,,False,FlipSYTNotFound
191273,"{{1, 4, 5, 7, 12}, {2, 6, 9, 11}, {3, 8, 14}, {10, 13}, {15}}","{{1, 3, 6, 8, 13}, {2, 5, 7, 14}, {4, 10, 12}, {9, 15}, {11}}",False,,,,False,FlipSYTNotFound
191278,"{{1, 4, 5, 8, 12}, {2, 6, 9, 11}, {3, 7, 14}, {10, 13}, {15}}","{{1, 3, 6, 9, 13}, {2, 5, 7, 14}, {4, 10, 12}, {8, 15}, {11}}",False,,,,False,FlipSYTNotFound
191414,"{{1, 4, 6, 7, 12}, {2, 5, 8, 11}, {3, 9, 14}, {10, 13}, {15}}","{{1, 3, 6, 11, 13}, {2, 5, 7, 14}, {4, 10, 12}, {8, 15}, {9}}",False,,,,False,FlipSYTNotFound
191463,"{{1, 4, 5, 6, 9}, {2, 7, 10, 12}, {3, 11, 13}, {8, 15}, {14}}","{{1, 2, 8, 12, 13}, {3, 5, 9, 14}, {4, 6, 11}, {7, 10}, {15}}",False,,,,False,FlipSYTNotFound
191488,"{{1, 3, 5, 7, 10}, {2, 6, 12, 14}, {4, 9, 15}, {8, 11}, {13}}","{{1, 3, 5, 8, 14}, {2, 4, 10, 12}, {6, 7, 13}, {9, 15}, {11}}",False,,,,False,FlipSYTNotFound
191702,"{{1, 2, 3, 6, 9}, {4, 8, 10, 14}, {5, 11, 12}, {7, 15}, {13}}","{{1, 3, 5, 9, 15}, {2, 4, 11, 14}, {6, 8, 12}, {7, 10}, {13}}",False,,,,False,FlipSYTNotFound
191771,"{{1, 2, 5, 7, 9}, {3, 4, 10, 14}, {6, 11, 12}, {8, 15}, {13}}","{{1, 3, 5, 8, 13}, {2, 4, 10, 12}, {6, 9, 15}, {7, 11}, {14}}",False,,,,False,FlipSYTNotFound
191819,"{{1, 4, 5, 7, 9}, {2, 6, 8, 13}, {3, 10, 15}, {11, 12}, {14}}","{{1, 2, 5, 12, 13}, {3, 4, 10, 14}, {6, 8, 11}, {7, 15}, {9}}",False,,,,False,FlipSYTNotFound
191839,"{{1, 2, 3, 5, 7}, {4, 9, 10, 12}, {6, 11, 13}, {8, 15}, {14}}","{{1, 2, 7, 8, 15}, {3, 5, 10, 14}, {4, 6, 12}, {9, 11}, {13}}",False,,,,False,FlipSYTNotFound
191904,"{{1, 4, 5, 6, 7}, {2, 8, 10, 12}, {3, 11, 13}, {9, 15}, {14}}","{{1, 2, 7, 12, 13}, {3, 5, 8, 14}, {4, 6, 11}, {9, 10}, {15}}",False,,,,False,FlipSYTNotFound
191934,"{{1, 3, 4, 7, 10}, {2, 6, 12, 14}, {5, 8, 15}, {9, 11}, {13}}","{{1, 3, 5, 7, 14}, {2, 4, 10, 11}, {6, 8, 13}, {9, 15}, {12}}",False,,,,False,FlipSYTNotFound
192058,"{{1, 3, 4, 8, 9}, {2, 6, 12, 14}, {5, 10, 15}, {7, 11}, {13}}","{{1, 3, 5, 9, 14}, {2, 4, 10, 11}, {6, 8, 13}, {7, 15}, {12}}",False,,,,False,FlipSYTNotFound
192481,"{{1, 4, 5, 7, 12}, {2, 6, 8, 10}, {3, 11, 14}, {9, 13}, {15}}","{{1, 3, 7, 10, 13}, {2, 5, 8, 14}, {4, 11, 12}, {6, 15}, {9}}",False,,,,False,FlipSYTNotFound
192545,"{{1, 3, 5, 7, 8}, {2, 9, 12, 14}, {4, 10, 15}, {6, 11}, {13}}","{{1, 3, 5, 10, 14}, {2, 4, 11, 12}, {6, 9, 13}, {7, 15}, {8}}",False,,,,False,FlipSYTNotFound
192866,"{{1, 4, 5, 10, 12}, {2, 6, 9, 11}, {3, 7, 15}, {8, 13}, {14}}","{{1, 2, 7, 8, 13}, {3, 5, 9, 14}, {4, 10, 12}, {6, 15}, {11}}",False,,,,False,FlipSYTNotFound
192942,"{{1, 4, 5, 7, 12}, {2, 6, 8, 9}, {3, 11, 14}, {10, 13}, {15}}","{{1, 3, 6, 10, 13}, {2, 5, 8, 14}, {4, 11, 12}, {7, 15}, {9}}",False,,,,False,FlipSYTNotFound
192995,"{{1, 4, 5, 9, 12}, {2, 6, 8, 10}, {3, 7, 14}, {11, 13}, {15}}","{{1, 3, 5, 9, 13}, {2, 6, 8, 14}, {4, 10, 12}, {7, 15}, {11}}",False,,,,False,FlipSYTNotFound
193065,"{{1, 2, 3, 5, 9}, {4, 6, 12, 14}, {7, 8, 15}, {10, 11}, {13}}","{{1, 3, 5, 6, 15}, {2, 4, 9, 14}, {7, 8, 12}, {10, 13}, {11}}",False,,,,False,FlipSYTNotFound
193160,"{{1, 4, 5, 10, 12}, {2, 6, 8, 11}, {3, 7, 15}, {9, 13}, {14}}","{{1, 2, 7, 9, 13}, {3, 5, 8, 14}, {4, 10, 12}, {6, 15}, {11}}",False,,,,False,FlipSYTNotFound
193583,"{{1, 4, 6, 10, 11}, {2, 5, 9, 14}, {3, 8, 15}, {7, 12}, {13}}","{{1, 3, 7, 8, 9}, {2, 4, 11, 13}, {5, 6, 14}, {10, 15}, {12}}",False,,,,False,FlipSYTNotFound
193590,"{{1, 4, 5, 9, 12}, {2, 6, 10, 11}, {3, 7, 15}, {8, 13}, {14}}","{{1, 2, 6, 8, 13}, {3, 5, 9, 14}, {4, 10, 12}, {7, 15}, {11}}",False,,,,False,FlipSYTNotFound
193624,"{{1, 3, 5, 7, 10}, {2, 4, 8, 12}, {6, 9, 13}, {11, 15}, {14}}","{{1, 2, 10, 12, 14}, {3, 5, 11, 15}, {4, 7, 13}, {6, 8}, {9}}",False,,,,False,FlipSYTNotFound
193643,"{{1, 4, 6, 7, 12}, {2, 5, 8, 10}, {3, 9, 14}, {11, 13}, {15}}","{{1, 3, 5, 11, 13}, {2, 6, 7, 14}, {4, 10, 12}, {8, 15}, {9}}",False,,,,False,FlipSYTNotFound
193665,"{{1, 4, 5, 8, 12}, {2, 6, 9, 10}, {3, 7, 14}, {11, 13}, {15}}","{{1, 3, 5, 9, 13}, {2, 6, 7, 14}, {4, 10, 12}, {8, 15}, {11}}",False,,,,False,FlipSYTNotFound
193669,"{{1, 4, 5, 7, 12}, {2, 6, 9, 10}, {3, 8, 14}, {11, 13}, {15}}","{{1, 3, 5, 8, 13}, {2, 6, 7, 14}, {4, 10, 12}, {9, 15}, {11}}",False,,,,False,FlipSYTNotFound
193725,"{{1, 4, 5, 10, 11}, {2, 6, 9, 14}, {3, 7, 15}, {8, 12}, {13}}","{{1, 3, 7, 8, 13}, {2, 4, 9, 14}, {5, 6, 12}, {10, 15}, {11}}",False,,,,False,FlipSYTNotFound
194076,"{{1, 4, 5, 10, 11}, {2, 6, 8, 14}, {3, 7, 15}, {9, 12}, {13}}","{{1, 3, 7, 9, 13}, {2, 4, 8, 14}, {5, 6, 12}, {10, 15}, {11}}",False,,,,False,FlipSYTNotFound
194133,"{{1, 4, 5, 10, 11}, {2, 6, 7, 14}, {3, 9, 15}, {8, 12}, {13}}","{{1, 3, 7, 8, 13}, {2, 4, 10, 14}, {5, 6, 12}, {9, 15}, {11}}",False,,,,False,FlipSYTNotFound
194264,"{{1, 4, 5, 8, 12}, {2, 6, 10, 11}, {3, 7, 15}, {9, 13}, {14}}","{{1, 2, 6, 7, 13}, {3, 5, 9, 14}, {4, 10, 12}, {8, 15}, {11}}",False,,,,False,FlipSYTNotFound
194306,"{{1, 4, 5, 7, 12}, {2, 6, 10, 11}, {3, 8, 15}, {9, 13}, {14}}","{{1, 2, 6, 7, 13}, {3, 5, 8, 14}, {4, 10, 12}, {9, 15}, {11}}",False,,,,False,FlipSYTNotFound
194338,"{{1, 2, 3, 7, 12}, {4, 5, 6, 9}, {8, 10, 14}, {11, 13}, {15}}","{{1, 3, 5, 11, 12}, {2, 6, 8, 15}, {4, 10, 14}, {7, 13}, {9}}",False,,,,False,FlipSYTNotFound
194571,"{{1, 3, 4, 9, 11}, {2, 6, 10, 14}, {5, 8, 15}, {7, 12}, {13}}","{{1, 3, 8, 9, 14}, {2, 4, 10, 11}, {5, 6, 13}, {7, 15}, {12}}",False,,,,False,FlipSYTNotFound
194590,"{{1, 3, 4, 5, 7}, {2, 8, 10, 14}, {6, 9, 12}, {11, 15}, {13}}","{{1, 3, 5, 10, 14}, {2, 4, 12, 13}, {6, 7, 15}, {8, 11}, {9}}",False,,,,False,FlipSYTNotFound
194635,"{{1, 4, 5, 10, 11}, {2, 6, 9, 12}, {3, 7, 14}, {8, 13}, {15}}","{{1, 3, 7, 8, 13}, {2, 6, 9, 14}, {4, 10, 12}, {5, 15}, {11}}",False,,,,False,FlipSYTNotFound
194651,"{{1, 3, 5, 9, 11}, {2, 4, 10, 14}, {6, 7, 15}, {8, 12}, {13}}","{{1, 3, 8, 10, 14}, {2, 4, 9, 12}, {5, 6, 11}, {7, 15}, {13}}",False,,,,False,FlipSYTNotFound
194690,"{{1, 3, 4, 5, 7}, {2, 6, 10, 14}, {8, 9, 12}, {11, 15}, {13}}","{{1, 3, 5, 8, 14}, {2, 4, 12, 13}, {6, 7, 15}, {9, 10}, {11}}",False,,,,False,FlipSYTNotFound
194737,"{{1, 3, 4, 8, 11}, {2, 6, 10, 14}, {5, 9, 15}, {7, 12}, {13}}","{{1, 3, 7, 9, 14}, {2, 4, 10, 11}, {5, 6, 13}, {8, 15}, {12}}",False,,,,False,FlipSYTNotFound
195131,"{{1, 4, 5, 8, 12}, {2, 6, 7, 11}, {3, 10, 15}, {9, 13}, {14}}","{{1, 2, 6, 7, 13}, {3, 5, 10, 14}, {4, 9, 12}, {8, 15}, {11}}",False,,,,False,FlipSYTNotFound
195135,"{{1, 4, 5, 10, 11}, {2, 6, 8, 12}, {3, 7, 14}, {9, 13}, {15}}","{{1, 3, 7, 9, 13}, {2, 6, 8, 14}, {4, 10, 12}, {5, 15}, {11}}",False,,,,False,FlipSYTNotFound
195165,"{{1, 4, 5, 7, 11}, {2, 6, 10, 14}, {3, 8, 15}, {9, 12}, {13}}","{{1, 3, 7, 12, 13}, {2, 4, 8, 14}, {5, 6, 10}, {9, 15}, {11}}",False,,,,False,FlipSYTNotFound
195295,"{{1, 4, 5, 9, 12}, {2, 6, 8, 11}, {3, 7, 15}, {10, 13}, {14}}","{{1, 2, 6, 9, 13}, {3, 5, 8, 14}, {4, 10, 12}, {7, 15}, {11}}",False,,,,False,FlipSYTNotFound
195368,"{{1, 2, 4, 6, 8}, {3, 5, 7, 14}, {9, 10, 12}, {11, 15}, {13}}","{{1, 3, 5, 7, 15}, {2, 4, 11, 13}, {6, 9, 14}, {8, 12}, {10}}",False,,,,False,FlipSYTNotFound
195448,"{{1, 4, 5, 9, 11}, {2, 6, 7, 10}, {3, 12, 13}, {8, 15}, {14}}","{{1, 2, 8, 10, 13}, {3, 4, 9, 14}, {5, 6, 12}, {7, 11}, {15}}",False,,,,False,FlipSYTNotFound
195477,"{{1, 3, 4, 9, 11}, {2, 6, 10, 12}, {5, 8, 14}, {7, 13}, {15}}","{{1, 3, 8, 9, 14}, {2, 6, 10, 11}, {4, 7, 13}, {5, 15}, {12}}",False,,,,False,FlipSYTNotFound
195520,"{{1, 3, 4, 8, 11}, {2, 6, 10, 12}, {5, 9, 14}, {7, 13}, {15}}","{{1, 3, 7, 9, 14}, {2, 6, 10, 11}, {4, 8, 13}, {5, 15}, {12}}",False,,,,False,FlipSYTNotFound
195621,"{{1, 3, 4, 7, 11}, {2, 6, 10, 12}, {5, 9, 14}, {8, 13}, {15}}","{{1, 3, 7, 8, 14}, {2, 6, 10, 11}, {4, 9, 13}, {5, 15}, {12}}",False,,,,False,FlipSYTNotFound
195654,"{{1, 4, 5, 7, 12}, {2, 6, 9, 11}, {3, 8, 15}, {10, 13}, {14}}","{{1, 2, 6, 8, 13}, {3, 5, 7, 14}, {4, 10, 12}, {9, 15}, {11}}",False,,,,False,FlipSYTNotFound
195676,"{{1, 3, 5, 9, 11}, {2, 4, 10, 12}, {6, 7, 14}, {8, 13}, {15}}","{{1, 3, 8, 10, 14}, {2, 6, 9, 12}, {4, 7, 11}, {5, 15}, {13}}",False,,,,False,FlipSYTNotFound
195714,"{{1, 4, 5, 8, 12}, {2, 6, 9, 11}, {3, 7, 15}, {10, 13}, {14}}","{{1, 2, 6, 9, 13}, {3, 5, 7, 14}, {4, 10, 12}, {8, 15}, {11}}",False,,,,False,FlipSYTNotFound
195719,"{{1, 2, 4, 10, 11}, {3, 5, 6, 14}, {7, 8, 9}, {12, 15}, {13}}","{{1, 3, 7, 8, 9}, {2, 4, 11, 13}, {5, 6, 15}, {10, 14}, {12}}",False,,,,False,FlipSYTNotFound
195787,"{{1, 3, 5, 7, 11}, {2, 8, 10, 12}, {4, 9, 14}, {6, 13}, {15}}","{{1, 3, 7, 10, 14}, {2, 6, 11, 12}, {4, 8, 13}, {5, 15}, {9}}",False,,,,False,FlipSYTNotFound
195828,"{{1, 3, 5, 6, 11}, {2, 8, 9, 10}, {4, 12, 13}, {7, 15}, {14}}","{{1, 2, 7, 8, 9}, {3, 4, 12, 14}, {5, 6, 13}, {10, 11}, {15}}",False,,,,False,FlipSYTNotFound
196022,"{{1, 3, 5, 8, 11}, {2, 4, 10, 12}, {6, 7, 14}, {9, 13}, {15}}","{{1, 3, 7, 10, 14}, {2, 6, 9, 12}, {4, 8, 11}, {5, 15}, {13}}",False,,,,False,FlipSYTNotFound
196187,"{{1, 3, 6, 8, 11}, {2, 5, 7, 9}, {4, 12, 13}, {10, 15}, {14}}","{{1, 2, 6, 11, 12}, {3, 4, 9, 14}, {5, 7, 13}, {8, 10}, {15}}",False,,,,False,FlipSYTNotFound
196380,"{{1, 4, 5, 6, 11}, {2, 7, 8, 14}, {3, 10, 15}, {9, 12}, {13}}","{{1, 3, 7, 12, 13}, {2, 4, 9, 14}, {5, 6, 11}, {8, 15}, {10}}",False,,,,False,FlipSYTNotFound
196389,"{{1, 4, 5, 7, 11}, {2, 6, 8, 10}, {3, 12, 13}, {9, 15}, {14}}","{{1, 2, 7, 10, 13}, {3, 4, 8, 14}, {5, 6, 12}, {9, 11}, {15}}",False,,,,False,FlipSYTNotFound
196656,"{{1, 4, 5, 9, 11}, {2, 6, 8, 14}, {3, 7, 15}, {10, 12}, {13}}","{{1, 3, 6, 9, 13}, {2, 4, 8, 14}, {5, 7, 12}, {10, 15}, {11}}",False,,,,False,FlipSYTNotFound
196776,"{{1, 2, 3, 7, 12}, {4, 5, 9, 10}, {6, 11, 15}, {8, 13}, {14}}","{{1, 2, 7, 8, 12}, {3, 5, 10, 15}, {4, 11, 14}, {6, 13}, {9}}",False,,,,False,FlipSYTNotFound
196797,"{{1, 2, 3, 9, 10}, {4, 5, 7, 14}, {6, 8, 11}, {12, 15}, {13}}","{{1, 3, 8, 10, 12}, {2, 4, 9, 11}, {5, 7, 15}, {6, 14}, {13}}",False,,,,False,FlipSYTNotFound
196837,"{{1, 3, 5, 8, 11}, {2, 4, 9, 14}, {6, 7, 15}, {10, 12}, {13}}","{{1, 3, 6, 10, 14}, {2, 4, 9, 12}, {5, 7, 11}, {8, 15}, {13}}",False,,,,False,FlipSYTNotFound
196957,"{{1, 4, 5, 7, 12}, {2, 6, 8, 10}, {3, 11, 15}, {9, 13}, {14}}","{{1, 2, 7, 10, 13}, {3, 5, 8, 14}, {4, 11, 12}, {6, 15}, {9}}",False,,,,False,FlipSYTNotFound
197137,"{{1, 2, 3, 8, 10}, {4, 5, 7, 14}, {6, 9, 11}, {12, 15}, {13}}","{{1, 3, 7, 10, 12}, {2, 4, 9, 11}, {5, 8, 15}, {6, 14}, {13}}",False,,,,False,FlipSYTNotFound
197164,"{{1, 2, 3, 7, 10}, {4, 5, 8, 14}, {6, 9, 11}, {12, 15}, {13}}","{{1, 3, 7, 10, 15}, {2, 4, 11, 12}, {5, 8, 14}, {6, 13}, {9}}",False,,,,False,FlipSYTNotFound
197235,"{{1, 4, 5, 7, 12}, {2, 6, 8, 9}, {3, 11, 15}, {10, 13}, {14}}","{{1, 2, 6, 10, 13}, {3, 5, 8, 14}, {4, 11, 12}, {7, 15}, {9}}",False,,,,False,FlipSYTNotFound
197243,"{{1, 2, 4, 7, 11}, {3, 5, 6, 12}, {8, 10, 14}, {9, 13}, {15}}","{{1, 3, 7, 11, 13}, {2, 6, 8, 15}, {4, 9, 10}, {5, 14}, {12}}",False,,,,False,FlipSYTNotFound
197271,"{{1, 4, 5, 9, 11}, {2, 6, 8, 12}, {3, 7, 14}, {10, 13}, {15}}","{{1, 3, 6, 9, 13}, {2, 7, 8, 14}, {4, 10, 12}, {5, 15}, {11}}",False,,,,False,FlipSYTNotFound
197471,"{{1, 3, 5, 8, 11}, {2, 4, 9, 12}, {6, 7, 14}, {10, 13}, {15}}","{{1, 3, 6, 10, 14}, {2, 7, 9, 12}, {4, 8, 11}, {5, 15}, {13}}",False,,,,False,FlipSYTNotFound
197545,"{{1, 3, 4, 9, 10}, {2, 6, 11, 14}, {5, 8, 15}, {7, 12}, {13}}","{{1, 3, 8, 9, 14}, {2, 4, 10, 11}, {5, 7, 13}, {6, 15}, {12}}",False,,,,False,FlipSYTNotFound
197557,"{{1, 4, 5, 9, 12}, {2, 6, 8, 10}, {3, 7, 15}, {11, 13}, {14}}","{{1, 2, 5, 9, 13}, {3, 6, 8, 14}, {4, 10, 12}, {7, 15}, {11}}",False,,,,False,FlipSYTNotFound
197811,"{{1, 4, 5, 7, 12}, {2, 6, 9, 10}, {3, 8, 15}, {11, 13}, {14}}","{{1, 2, 5, 8, 13}, {3, 6, 7, 14}, {4, 10, 12}, {9, 15}, {11}}",False,,,,False,FlipSYTNotFound
198067,"{{1, 3, 5, 8, 10}, {2, 4, 11, 14}, {6, 7, 15}, {9, 12}, {13}}","{{1, 3, 7, 10, 14}, {2, 4, 9, 12}, {5, 8, 11}, {6, 15}, {13}}",False,,,,False,FlipSYTNotFound
198139,"{{1, 4, 5, 8, 12}, {2, 6, 9, 10}, {3, 7, 15}, {11, 13}, {14}}","{{1, 2, 5, 9, 13}, {3, 6, 7, 14}, {4, 10, 12}, {8, 15}, {11}}",False,,,,False,FlipSYTNotFound
198192,"{{1, 4, 6, 7, 12}, {2, 5, 8, 10}, {3, 9, 15}, {11, 13}, {14}}","{{1, 2, 5, 11, 13}, {3, 6, 7, 14}, {4, 10, 12}, {8, 15}, {9}}",False,,,,False,FlipSYTNotFound
198224,"{{1, 3, 4, 9, 10}, {2, 6, 11, 12}, {5, 8, 14}, {7, 13}, {15}}","{{1, 3, 8, 9, 14}, {2, 5, 10, 11}, {4, 7, 13}, {6, 15}, {12}}",False,,,,False,FlipSYTNotFound
198325,"{{1, 3, 4, 8, 9}, {2, 6, 11, 14}, {5, 10, 15}, {7, 12}, {13}}","{{1, 3, 6, 9, 14}, {2, 4, 10, 11}, {5, 8, 13}, {7, 15}, {12}}",False,,,,False,FlipSYTNotFound
198402,"{{1, 3, 6, 8, 10}, {2, 4, 11, 12}, {5, 9, 14}, {7, 13}, {15}}","{{1, 3, 7, 9, 14}, {2, 5, 10, 11}, {4, 8, 12}, {6, 15}, {13}}",False,,,,False,FlipSYTNotFound
198615,"{{1, 2, 3, 4, 7}, {5, 8, 9, 14}, {6, 10, 11}, {12, 15}, {13}}","{{1, 3, 6, 10, 15}, {2, 4, 11, 14}, {5, 8, 13}, {7, 12}, {9}}",False,,,,False,FlipSYTNotFound
198642,"{{1, 3, 4, 8, 10}, {2, 6, 11, 12}, {5, 9, 14}, {7, 13}, {15}}","{{1, 3, 7, 9, 14}, {2, 5, 10, 11}, {4, 8, 13}, {6, 15}, {12}}",False,,,,False,FlipSYTNotFound
198696,"{{1, 4, 5, 7, 12}, {2, 6, 8, 9}, {3, 10, 15}, {11, 13}, {14}}","{{1, 2, 5, 10, 13}, {3, 6, 8, 14}, {4, 11, 12}, {7, 15}, {9}}",False,,,,False,FlipSYTNotFound
198722,"{{1, 2, 3, 5, 10}, {4, 6, 11, 12}, {7, 9, 14}, {8, 13}, {15}}","{{1, 3, 7, 8, 15}, {2, 5, 9, 14}, {4, 10, 12}, {6, 13}, {11}}",False,,,,False,FlipSYTNotFound
198860,"{{1, 2, 4, 7, 9}, {3, 6, 8, 11}, {5, 12, 13}, {10, 15}, {14}}","{{1, 2, 6, 11, 15}, {3, 4, 10, 13}, {5, 8, 12}, {7, 9}, {14}}",False,,,,False,FlipSYTNotFound
198868,"{{1, 3, 5, 8, 10}, {2, 4, 11, 12}, {6, 7, 14}, {9, 13}, {15}}","{{1, 3, 7, 10, 14}, {2, 5, 9, 12}, {4, 8, 11}, {6, 15}, {13}}",False,,,,False,FlipSYTNotFound
199080,"{{1, 4, 5, 10, 11}, {2, 6, 9, 12}, {3, 7, 15}, {8, 13}, {14}}","{{1, 2, 7, 8, 13}, {3, 6, 9, 14}, {4, 10, 12}, {5, 15}, {11}}",False,,,,False,FlipSYTNotFound
199093,"{{1, 3, 4, 8, 9}, {2, 6, 11, 12}, {5, 10, 14}, {7, 13}, {15}}","{{1, 3, 6, 9, 14}, {2, 5, 10, 11}, {4, 8, 13}, {7, 15}, {12}}",False,,,,False,FlipSYTNotFound
199126,"{{1, 5, 8, 11, 13}, {2, 6, 10, 12}, {3, 9, 14}, {4, 15}, {7}}","{{1, 4, 6, 7, 9}, {2, 8, 10, 12}, {3, 11, 13}, {5, 14}, {15}}",False,,,,False,FlipSYTNotFound
199132,"{{1, 3, 4, 11, 13}, {2, 8, 10, 12}, {5, 9, 14}, {6, 15}, {7}}","{{1, 4, 6, 7, 9}, {2, 8, 10, 14}, {3, 11, 13}, {5, 12}, {15}}",False,,,,False,FlipSYTNotFound
199227,"{{1, 5, 7, 11, 13}, {2, 6, 10, 12}, {3, 9, 14}, {4, 15}, {8}}","{{1, 4, 6, 7, 8}, {2, 9, 10, 12}, {3, 11, 13}, {5, 14}, {15}}",False,,,,False,FlipSYTNotFound
199255,"{{1, 4, 5, 6, 7}, {2, 8, 11, 14}, {3, 10, 15}, {9, 12}, {13}}","{{1, 3, 6, 7, 13}, {2, 4, 11, 12}, {5, 10, 14}, {8, 15}, {9}}",False,,,,False,FlipSYTNotFound
199453,"{{1, 4, 5, 6, 7}, {2, 8, 9, 11}, {3, 12, 13}, {10, 15}, {14}}","{{1, 2, 6, 12, 13}, {3, 4, 8, 14}, {5, 7, 11}, {9, 10}, {15}}",False,,,,False,FlipSYTNotFound
199646,"{{1, 4, 5, 10, 11}, {2, 6, 8, 12}, {3, 7, 15}, {9, 13}, {14}}","{{1, 2, 7, 9, 13}, {3, 6, 8, 14}, {4, 10, 12}, {5, 15}, {11}}",False,,,,False,FlipSYTNotFound
199806,"{{1, 4, 6, 7, 10}, {2, 5, 8, 9}, {3, 12, 13}, {11, 15}, {14}}","{{1, 2, 5, 11, 13}, {3, 4, 8, 14}, {6, 7, 12}, {9, 10}, {15}}",False,,,,False,FlipSYTNotFound
199869,"{{1, 3, 4, 11, 13}, {2, 8, 9, 12}, {5, 10, 14}, {6, 15}, {7}}","{{1, 4, 6, 8, 9}, {2, 7, 10, 14}, {3, 11, 13}, {5, 12}, {15}}",False,,,,False,FlipSYTNotFound
199924,"{{1, 2, 3, 6, 10}, {4, 5, 7, 9}, {8, 12, 13}, {11, 15}, {14}}","{{1, 2, 5, 11, 12}, {3, 4, 8, 15}, {6, 7, 14}, {9, 13}, {10}}",False,,,,False,FlipSYTNotFound
199930,"{{1, 3, 4, 9, 11}, {2, 6, 10, 12}, {5, 8, 15}, {7, 13}, {14}}","{{1, 2, 8, 9, 14}, {3, 6, 10, 11}, {4, 7, 13}, {5, 15}, {12}}",False,,,,False,FlipSYTNotFound
200030,"{{1, 2, 3, 5, 10}, {4, 6, 7, 9}, {8, 12, 13}, {11, 15}, {14}}","{{1, 2, 5, 10, 12}, {3, 4, 8, 15}, {6, 7, 14}, {9, 13}, {11}}",False,,,,False,FlipSYTNotFound
200063,"{{1, 3, 6, 9, 11}, {2, 4, 10, 12}, {5, 8, 15}, {7, 13}, {14}}","{{1, 2, 8, 9, 14}, {3, 6, 10, 11}, {4, 7, 12}, {5, 15}, {13}}",False,,,,False,FlipSYTNotFound
200117,"{{1, 3, 5, 8, 9}, {2, 4, 11, 12}, {6, 7, 14}, {10, 13}, {15}}","{{1, 3, 6, 10, 14}, {2, 5, 9, 12}, {4, 8, 11}, {7, 15}, {13}}",False,,,,False,FlipSYTNotFound
200137,"{{1, 3, 6, 8, 11}, {2, 4, 10, 12}, {5, 9, 15}, {7, 13}, {14}}","{{1, 2, 7, 9, 14}, {3, 6, 10, 11}, {4, 8, 12}, {5, 15}, {13}}",False,,,,False,FlipSYTNotFound
200225,"{{1, 3, 4, 8, 11}, {2, 6, 10, 12}, {5, 9, 15}, {7, 13}, {14}}","{{1, 2, 7, 9, 14}, {3, 6, 10, 11}, {4, 8, 13}, {5, 15}, {12}}",False,,,,False,FlipSYTNotFound
200638,"{{1, 4, 5, 6, 7}, {2, 8, 11, 12}, {3, 9, 14}, {10, 13}, {15}}","{{1, 3, 6, 12, 13}, {2, 5, 7, 14}, {4, 10, 11}, {8, 15}, {9}}",False,,,,False,FlipSYTNotFound
200680,"{{1, 3, 4, 7, 11}, {2, 6, 10, 12}, {5, 9, 15}, {8, 13}, {14}}","{{1, 2, 7, 8, 14}, {3, 6, 10, 11}, {4, 9, 13}, {5, 15}, {12}}",False,,,,False,FlipSYTNotFound
200802,"{{1, 4, 5, 8, 11}, {2, 6, 10, 12}, {3, 7, 15}, {9, 13}, {14}}","{{1, 2, 7, 12, 13}, {3, 6, 9, 14}, {4, 8, 10}, {5, 15}, {11}}",False,,,,False,FlipSYTNotFound
201350,"{{1, 3, 5, 9, 11}, {2, 4, 6, 10}, {7, 8, 13}, {12, 15}, {14}}","{{1, 2, 8, 9, 14}, {3, 4, 12, 15}, {5, 6, 13}, {7, 10}, {11}}",False,,,,False,FlipSYTNotFound
201420,"{{1, 5, 8, 10, 13}, {2, 6, 11, 12}, {3, 9, 14}, {4, 15}, {7}}","{{1, 4, 5, 7, 9}, {2, 8, 10, 12}, {3, 11, 13}, {6, 14}, {15}}",False,,,,False,FlipSYTNotFound
201646,"{{1, 2, 3, 8, 11}, {4, 5, 6, 12}, {7, 10, 15}, {9, 13}, {14}}","{{1, 2, 7, 11, 12}, {3, 6, 9, 15}, {4, 8, 10}, {5, 14}, {13}}",False,,,,False,FlipSYTNotFound
201659,"{{1, 5, 7, 10, 13}, {2, 6, 11, 12}, {3, 9, 14}, {4, 15}, {8}}","{{1, 4, 5, 7, 8}, {2, 9, 10, 12}, {3, 11, 13}, {6, 14}, {15}}",False,,,,False,FlipSYTNotFound
201828,"{{1, 4, 5, 9, 11}, {2, 6, 8, 12}, {3, 7, 15}, {10, 13}, {14}}","{{1, 2, 6, 9, 13}, {3, 7, 8, 14}, {4, 10, 12}, {5, 15}, {11}}",False,,,,False,FlipSYTNotFound
201975,"{{1, 3, 6, 7, 11}, {2, 4, 8, 9}, {5, 10, 13}, {12, 15}, {14}}","{{1, 2, 8, 11, 14}, {3, 4, 12, 15}, {5, 6, 13}, {7, 10}, {9}}",False,,,,False,FlipSYTNotFound
202112,"{{1, 5, 8, 9, 13}, {2, 6, 11, 12}, {3, 10, 14}, {4, 15}, {7}}","{{1, 4, 5, 6, 9}, {2, 8, 10, 12}, {3, 11, 13}, {7, 14}, {15}}",False,,,,False,FlipSYTNotFound
202114,"{{1, 4, 5, 7, 9}, {2, 6, 8, 14}, {3, 11, 15}, {10, 12}, {13}}","{{1, 3, 6, 12, 13}, {2, 4, 10, 14}, {5, 8, 11}, {7, 15}, {9}}",False,,,,False,FlipSYTNotFound
202821,"{{1, 3, 4, 9, 10}, {2, 6, 11, 12}, {5, 8, 15}, {7, 13}, {14}}","{{1, 2, 8, 9, 14}, {3, 5, 10, 11}, {4, 7, 13}, {6, 15}, {12}}",False,,,,False,FlipSYTNotFound
202970,"{{1, 3, 6, 8, 10}, {2, 4, 11, 12}, {5, 9, 15}, {7, 13}, {14}}","{{1, 2, 7, 9, 14}, {3, 5, 10, 11}, {4, 8, 12}, {6, 15}, {13}}",False,,,,False,FlipSYTNotFound
203053,"{{1, 3, 5, 9, 10}, {2, 4, 11, 12}, {6, 7, 15}, {8, 13}, {14}}","{{1, 2, 8, 10, 14}, {3, 5, 9, 12}, {4, 7, 11}, {6, 15}, {13}}",False,,,,False,FlipSYTNotFound
203071,"{{1, 3, 5, 8, 10}, {2, 4, 9, 14}, {6, 7, 15}, {11, 12}, {13}}","{{1, 3, 5, 10, 14}, {2, 4, 9, 12}, {6, 7, 11}, {8, 15}, {13}}",False,,,,False,FlipSYTNotFound
203200,"{{1, 3, 4, 8, 10}, {2, 6, 11, 12}, {5, 9, 15}, {7, 13}, {14}}","{{1, 2, 7, 9, 14}, {3, 5, 10, 11}, {4, 8, 13}, {6, 15}, {12}}",False,,,,False,FlipSYTNotFound
203269,"{{1, 4, 5, 9, 10}, {2, 6, 8, 14}, {3, 7, 15}, {11, 12}, {13}}","{{1, 3, 5, 9, 13}, {2, 4, 8, 14}, {6, 7, 12}, {10, 15}, {11}}",False,,,,False,FlipSYTNotFound
203481,"{{1, 3, 4, 7, 10}, {2, 6, 11, 12}, {5, 9, 15}, {8, 13}, {14}}","{{1, 2, 7, 8, 14}, {3, 5, 10, 11}, {4, 9, 13}, {6, 15}, {12}}",False,,,,False,FlipSYTNotFound
203528,"{{1, 4, 5, 9, 10}, {2, 6, 8, 12}, {3, 7, 14}, {11, 13}, {15}}","{{1, 3, 5, 9, 13}, {2, 7, 8, 14}, {4, 10, 12}, {6, 15}, {11}}",False,,,,False,FlipSYTNotFound
203550,"{{1, 3, 5, 8, 10}, {2, 4, 11, 12}, {6, 7, 15}, {9, 13}, {14}}","{{1, 2, 7, 10, 14}, {3, 5, 9, 12}, {4, 8, 11}, {6, 15}, {13}}",False,,,,False,FlipSYTNotFound
203566,"{{1, 3, 5, 8, 10}, {2, 4, 9, 12}, {6, 7, 14}, {11, 13}, {15}}","{{1, 3, 5, 10, 14}, {2, 7, 9, 12}, {4, 8, 11}, {6, 15}, {13}}",False,,,,False,FlipSYTNotFound
203580,"{{1, 2, 5, 6, 7}, {3, 4, 10, 11}, {8, 9, 13}, {12, 15}, {14}}","{{1, 2, 7, 8, 13}, {3, 4, 11, 12}, {5, 6, 15}, {9, 10}, {14}}",False,,,,False,FlipSYTNotFound
203829,"{{1, 3, 4, 8, 9}, {2, 6, 11, 12}, {5, 10, 15}, {7, 13}, {14}}","{{1, 2, 6, 9, 14}, {3, 5, 10, 11}, {4, 8, 13}, {7, 15}, {12}}",False,,,,False,FlipSYTNotFound
204118,"{{1, 6, 8, 10, 13}, {2, 7, 9, 12}, {3, 11, 14}, {4, 15}, {5}}","{{1, 4, 5, 9, 11}, {2, 7, 10, 12}, {3, 8, 13}, {6, 14}, {15}}",False,,,,False,FlipSYTNotFound
204246,"{{1, 3, 5, 8, 9}, {2, 4, 10, 12}, {6, 7, 14}, {11, 13}, {15}}","{{1, 3, 5, 10, 14}, {2, 6, 9, 12}, {4, 8, 11}, {7, 15}, {13}}",False,,,,False,FlipSYTNotFound
204268,"{{1, 3, 4, 10, 13}, {2, 8, 9, 12}, {5, 11, 14}, {6, 15}, {7}}","{{1, 4, 5, 8, 9}, {2, 7, 10, 14}, {3, 11, 13}, {6, 12}, {15}}",False,,,,False,FlipSYTNotFound
204600,"{{1, 4, 5, 7, 9}, {2, 6, 8, 14}, {3, 10, 15}, {11, 12}, {13}}","{{1, 3, 5, 12, 13}, {2, 4, 10, 14}, {6, 8, 11}, {7, 15}, {9}}",False,,,,False,FlipSYTNotFound
204741,"{{1, 3, 4, 9, 13}, {2, 8, 10, 12}, {5, 11, 14}, {6, 15}, {7}}","{{1, 4, 5, 8, 9}, {2, 6, 10, 14}, {3, 11, 13}, {7, 12}, {15}}",False,,,,False,FlipSYTNotFound
204783,"{{1, 3, 5, 8, 9}, {2, 4, 11, 12}, {6, 7, 15}, {10, 13}, {14}}","{{1, 2, 6, 10, 14}, {3, 5, 9, 12}, {4, 8, 11}, {7, 15}, {13}}",False,,,,False,FlipSYTNotFound
205216,"{{1, 6, 9, 11, 13}, {2, 7, 10, 12}, {3, 8, 15}, {4, 14}, {5}}","{{1, 2, 6, 8, 11}, {3, 4, 9, 12}, {5, 7, 13}, {10, 14}, {15}}",False,,,,False,FlipSYTNotFound
205311,"{{1, 2, 3, 7, 8}, {4, 5, 6, 14}, {9, 10, 15}, {11, 12}, {13}}","{{1, 3, 5, 11, 12}, {2, 4, 7, 15}, {6, 9, 10}, {8, 14}, {13}}",False,,,,False,FlipSYTNotFound
205625,"{{1, 6, 8, 11, 13}, {2, 7, 10, 12}, {3, 9, 15}, {4, 14}, {5}}","{{1, 2, 6, 7, 11}, {3, 4, 9, 12}, {5, 8, 13}, {10, 14}, {15}}",False,,,,False,FlipSYTNotFound
205693,"{{1, 3, 5, 7, 9}, {2, 4, 6, 8}, {10, 11, 13}, {12, 15}, {14}}","{{1, 2, 6, 12, 14}, {3, 4, 10, 15}, {5, 8, 13}, {7, 11}, {9}}",False,,,,False,FlipSYTNotFound
205779,"{{1, 3, 5, 7, 10}, {2, 8, 9, 12}, {4, 11, 15}, {6, 13}, {14}}","{{1, 2, 8, 10, 14}, {3, 5, 11, 12}, {4, 7, 13}, {6, 15}, {9}}",False,,,,False,FlipSYTNotFound
205846,"{{1, 3, 6, 11, 13}, {2, 5, 10, 12}, {4, 9, 15}, {7, 14}, {8}}","{{1, 2, 6, 7, 8}, {3, 4, 9, 12}, {5, 10, 11}, {13, 14}, {15}}",False,,,,False,FlipSYTNotFound
206409,"{{1, 4, 5, 7, 11}, {2, 6, 8, 10}, {3, 12, 14}, {9, 13}, {15}}","{{1, 3, 7, 10, 13}, {2, 6, 8, 14}, {4, 11, 12}, {5, 15}, {9}}",False,,,,False,FlipSYTNotFound
206550,"{{1, 2, 4, 5, 11}, {3, 7, 8, 10}, {6, 12, 14}, {9, 13}, {15}}","{{1, 3, 7, 9, 10}, {2, 6, 8, 15}, {4, 12, 13}, {5, 14}, {11}}",False,,,,False,FlipSYTNotFound
206739,"{{1, 3, 5, 8, 11}, {2, 4, 6, 9}, {7, 12, 14}, {10, 13}, {15}}","{{1, 3, 6, 12, 14}, {2, 7, 9, 15}, {4, 10, 13}, {5, 11}, {8}}",False,,,,False,FlipSYTNotFound
206772,"{{1, 4, 5, 7, 11}, {2, 6, 8, 9}, {3, 12, 14}, {10, 13}, {15}}","{{1, 3, 6, 10, 13}, {2, 7, 8, 14}, {4, 11, 12}, {5, 15}, {9}}",False,,,,False,FlipSYTNotFound
206849,"{{1, 2, 4, 7, 12}, {3, 5, 6, 11}, {8, 9, 10}, {13, 15}, {14}}","{{1, 2, 6, 7, 8}, {3, 5, 11, 13}, {4, 10, 15}, {9, 14}, {12}}",False,,,,False,FlipSYTNotFound
207103,"{{1, 4, 5, 11, 13}, {2, 6, 9, 12}, {3, 7, 15}, {8, 14}, {10}}","{{1, 2, 6, 8, 13}, {3, 4, 7, 14}, {5, 9, 12}, {10, 15}, {11}}",False,,,,False,FlipSYTNotFound
207225,"{{1, 4, 5, 7, 9}, {2, 6, 8, 12}, {3, 11, 15}, {10, 13}, {14}}","{{1, 2, 6, 12, 13}, {3, 5, 10, 14}, {4, 8, 11}, {7, 15}, {9}}",False,,,,False,FlipSYTNotFound
207366,"{{1, 3, 4, 8, 12}, {2, 5, 7, 10}, {6, 9, 11}, {13, 15}, {14}}","{{1, 2, 7, 10, 14}, {3, 5, 11, 15}, {4, 9, 13}, {6, 12}, {8}}",False,,,,False,FlipSYTNotFound
207385,"{{1, 3, 5, 7, 12}, {2, 4, 9, 10}, {6, 8, 11}, {13, 15}, {14}}","{{1, 2, 7, 8, 10}, {3, 5, 12, 14}, {4, 11, 15}, {6, 13}, {9}}",False,,,,False,FlipSYTNotFound
207607,"{{1, 6, 9, 10, 13}, {2, 7, 11, 12}, {3, 8, 15}, {4, 14}, {5}}","{{1, 2, 5, 8, 11}, {3, 4, 9, 12}, {6, 7, 13}, {10, 14}, {15}}",False,,,,False,FlipSYTNotFound
207616,"{{1, 4, 5, 11, 13}, {2, 6, 8, 12}, {3, 7, 15}, {9, 14}, {10}}","{{1, 2, 6, 9, 13}, {3, 4, 7, 14}, {5, 8, 12}, {10, 15}, {11}}",False,,,,False,FlipSYTNotFound
207703,"{{1, 6, 8, 10, 13}, {2, 7, 11, 12}, {3, 9, 15}, {4, 14}, {5}}","{{1, 2, 5, 7, 11}, {3, 4, 9, 12}, {6, 8, 13}, {10, 14}, {15}}",False,,,,False,FlipSYTNotFound
207919,"{{1, 4, 5, 9, 10}, {2, 6, 8, 12}, {3, 7, 15}, {11, 13}, {14}}","{{1, 2, 5, 9, 13}, {3, 7, 8, 14}, {4, 10, 12}, {6, 15}, {11}}",False,,,,False,FlipSYTNotFound
208138,"{{1, 2, 4, 10, 13}, {3, 6, 11, 12}, {5, 9, 15}, {7, 14}, {8}}","{{1, 2, 5, 7, 8}, {3, 4, 9, 15}, {6, 10, 11}, {12, 13}, {14}}",False,,,,False,FlipSYTNotFound
208343,"{{1, 3, 5, 8, 10}, {2, 4, 9, 12}, {6, 7, 15}, {11, 13}, {14}}","{{1, 2, 5, 10, 14}, {3, 7, 9, 12}, {4, 8, 11}, {6, 15}, {13}}",False,,,,False,FlipSYTNotFound
208431,"{{1, 2, 3, 4, 10}, {5, 6, 9, 12}, {7, 8, 15}, {11, 13}, {14}}","{{1, 2, 5, 9, 15}, {3, 7, 8, 14}, {4, 10, 11}, {6, 13}, {12}}",False,,,,False,FlipSYTNotFound
208538,"{{1, 6, 8, 9, 13}, {2, 7, 11, 12}, {3, 10, 15}, {4, 14}, {5}}","{{1, 2, 5, 6, 11}, {3, 4, 9, 12}, {7, 8, 13}, {10, 14}, {15}}",False,,,,False,FlipSYTNotFound
209014,"{{1, 2, 3, 9, 11}, {4, 5, 7, 12}, {6, 8, 10}, {13, 15}, {14}}","{{1, 2, 8, 10, 12}, {3, 6, 9, 11}, {4, 7, 15}, {5, 14}, {13}}",False,,,,False,FlipSYTNotFound
209392,"{{1, 2, 3, 5, 7}, {4, 6, 10, 12}, {8, 9, 15}, {11, 13}, {14}}","{{1, 2, 5, 8, 15}, {3, 6, 7, 14}, {4, 10, 12}, {9, 13}, {11}}",False,,,,False,FlipSYTNotFound
209519,"{{1, 2, 3, 9, 10}, {4, 5, 7, 12}, {6, 8, 11}, {13, 15}, {14}}","{{1, 2, 8, 10, 12}, {3, 5, 9, 11}, {4, 7, 15}, {6, 14}, {13}}",False,,,,False,FlipSYTNotFound
209583,"{{1, 4, 8, 9, 13}, {2, 5, 11, 12}, {3, 7, 15}, {6, 14}, {10}}","{{1, 2, 5, 6, 10}, {3, 4, 9, 13}, {7, 8, 11}, {12, 14}, {15}}",False,,,,False,FlipSYTNotFound
209622,"{{1, 3, 7, 8, 13}, {2, 5, 11, 12}, {4, 9, 15}, {6, 14}, {10}}","{{1, 2, 5, 6, 10}, {3, 4, 7, 12}, {8, 9, 11}, {13, 14}, {15}}",False,,,,False,FlipSYTNotFound
209661,"{{1, 3, 5, 7, 13}, {2, 6, 8, 12}, {4, 10, 14}, {9, 15}, {11}}","{{1, 4, 5, 7, 12}, {2, 6, 10, 14}, {3, 8, 13}, {9, 11}, {15}}",False,,,,False,FlipSYTNotFound
209875,"{{1, 3, 6, 8, 13}, {2, 5, 11, 12}, {4, 9, 15}, {7, 14}, {10}}","{{1, 2, 5, 6, 9}, {3, 4, 7, 12}, {8, 10, 11}, {13, 14}, {15}}",False,,,,False,FlipSYTNotFound
210263,"{{1, 4, 5, 7, 10}, {2, 6, 8, 9}, {3, 12, 14}, {11, 13}, {15}}","{{1, 3, 5, 10, 13}, {2, 7, 8, 14}, {4, 11, 12}, {6, 15}, {9}}",False,,,,False,FlipSYTNotFound
210282,"{{1, 4, 5, 7, 13}, {2, 6, 11, 12}, {3, 8, 15}, {9, 14}, {10}}","{{1, 2, 5, 6, 13}, {3, 4, 7, 14}, {8, 10, 12}, {9, 15}, {11}}",False,,,,False,FlipSYTNotFound
210467,"{{1, 4, 5, 6, 9}, {2, 7, 8, 10}, {3, 12, 14}, {11, 13}, {15}}","{{1, 3, 5, 12, 13}, {2, 8, 9, 14}, {4, 10, 11}, {6, 15}, {7}}",False,,,,False,FlipSYTNotFound
210693,"{{1, 4, 5, 7, 11}, {2, 6, 8, 10}, {3, 12, 15}, {9, 13}, {14}}","{{1, 2, 7, 10, 13}, {3, 6, 8, 14}, {4, 11, 12}, {5, 15}, {9}}",False,,,,False,FlipSYTNotFound
210903,"{{1, 5, 8, 10, 13}, {2, 7, 9, 11}, {3, 12, 14}, {4, 15}, {6}}","{{1, 4, 7, 9, 10}, {2, 5, 11, 12}, {3, 8, 13}, {6, 14}, {15}}",False,,,,False,FlipSYTNotFound
211030,"{{1, 3, 4, 9, 13}, {2, 8, 10, 12}, {5, 11, 15}, {6, 14}, {7}}","{{1, 2, 5, 8, 9}, {3, 4, 10, 14}, {6, 11, 13}, {7, 12}, {15}}",False,,,,False,FlipSYTNotFound
211084,"{{1, 3, 4, 10, 13}, {2, 8, 9, 11}, {5, 12, 14}, {6, 15}, {7}}","{{1, 4, 7, 8, 9}, {2, 5, 10, 14}, {3, 11, 13}, {6, 12}, {15}}",False,,,,False,FlipSYTNotFound
211176,"{{1, 4, 5, 10, 13}, {2, 6, 7, 11}, {3, 12, 14}, {8, 15}, {9}}","{{1, 4, 7, 10, 13}, {2, 5, 8, 14}, {3, 9, 12}, {6, 11}, {15}}",False,,,,False,FlipSYTNotFound
211243,"{{1, 4, 5, 7, 11}, {2, 6, 8, 9}, {3, 12, 15}, {10, 13}, {14}}","{{1, 2, 6, 10, 13}, {3, 7, 8, 14}, {4, 11, 12}, {5, 15}, {9}}",False,,,,False,FlipSYTNotFound
211389,"{{1, 4, 5, 8, 11}, {2, 6, 9, 10}, {3, 7, 14}, {12, 13}, {15}}","{{1, 3, 4, 9, 13}, {2, 6, 7, 14}, {5, 10, 12}, {8, 15}, {11}}",False,,,,False,FlipSYTNotFound
211394,"{{1, 4, 5, 9, 11}, {2, 6, 8, 10}, {3, 7, 14}, {12, 13}, {15}}","{{1, 3, 4, 9, 13}, {2, 6, 8, 14}, {5, 10, 12}, {7, 15}, {11}}",False,,,,False,FlipSYTNotFound
211549,"{{1, 3, 4, 9, 13}, {2, 8, 10, 11}, {5, 12, 14}, {6, 15}, {7}}","{{1, 4, 6, 8, 9}, {2, 5, 10, 14}, {3, 11, 13}, {7, 12}, {15}}",False,,,,False,FlipSYTNotFound
211621,"{{1, 4, 5, 7, 11}, {2, 6, 9, 10}, {3, 8, 14}, {12, 13}, {15}}","{{1, 3, 4, 8, 13}, {2, 6, 7, 14}, {5, 10, 12}, {9, 15}, {11}}",False,,,,False,FlipSYTNotFound
211837,"{{1, 2, 5, 7, 13}, {3, 6, 10, 12}, {4, 11, 15}, {8, 14}, {9}}","{{1, 2, 5, 7, 12}, {3, 4, 8, 15}, {6, 10, 13}, {9, 11}, {14}}",False,,,,False,FlipSYTNotFound
212324,"{{1, 4, 5, 7, 10}, {2, 6, 9, 11}, {3, 12, 15}, {8, 13}, {14}}","{{1, 2, 8, 12, 13}, {3, 7, 10, 14}, {4, 9, 11}, {5, 15}, {6}}",False,,,,False,FlipSYTNotFound
212425,"{{1, 2, 5, 9, 13}, {3, 4, 8, 11}, {6, 12, 14}, {7, 15}, {10}}","{{1, 4, 6, 9, 13}, {2, 5, 8, 15}, {3, 10, 12}, {7, 11}, {14}}",False,,,,False,FlipSYTNotFound
212583,"{{1, 2, 4, 9, 10}, {3, 6, 7, 11}, {5, 8, 14}, {12, 13}, {15}}","{{1, 3, 4, 10, 11}, {2, 7, 8, 15}, {5, 9, 13}, {6, 14}, {12}}",False,,,,False,FlipSYTNotFound
212702,"{{1, 4, 5, 9, 10}, {2, 6, 8, 11}, {3, 7, 14}, {12, 13}, {15}}","{{1, 3, 4, 9, 13}, {2, 7, 8, 14}, {5, 10, 12}, {6, 15}, {11}}",False,,,,False,FlipSYTNotFound
212720,"{{1, 4, 5, 7, 10}, {2, 6, 9, 11}, {3, 8, 14}, {12, 13}, {15}}","{{1, 3, 4, 12, 13}, {2, 7, 8, 14}, {5, 9, 10}, {6, 15}, {11}}",False,,,,False,FlipSYTNotFound
212885,"{{1, 3, 5, 8, 10}, {2, 4, 9, 11}, {6, 7, 14}, {12, 13}, {15}}","{{1, 3, 4, 10, 14}, {2, 7, 9, 12}, {5, 8, 11}, {6, 15}, {13}}",False,,,,False,FlipSYTNotFound
213384,"{{1, 3, 5, 8, 9}, {2, 4, 10, 11}, {6, 7, 14}, {12, 13}, {15}}","{{1, 3, 4, 10, 14}, {2, 6, 9, 12}, {5, 8, 11}, {7, 15}, {13}}",False,,,,False,FlipSYTNotFound
213456,"{{1, 3, 5, 7, 9}, {2, 6, 10, 11}, {4, 8, 14}, {12, 13}, {15}}","{{1, 3, 4, 12, 14}, {2, 6, 8, 13}, {5, 9, 10}, {7, 15}, {11}}",False,,,,False,FlipSYTNotFound
213616,"{{1, 2, 3, 6, 13}, {4, 5, 7, 11}, {8, 12, 14}, {9, 15}, {10}}","{{1, 4, 6, 11, 12}, {2, 5, 7, 15}, {3, 8, 14}, {9, 13}, {10}}",False,,,,False,FlipSYTNotFound
213853,"{{1, 2, 5, 9, 13}, {3, 4, 8, 10}, {6, 12, 14}, {7, 15}, {11}}","{{1, 4, 5, 9, 13}, {2, 6, 8, 15}, {3, 10, 12}, {7, 11}, {14}}",False,,,,False,FlipSYTNotFound
213892,"{{1, 4, 5, 10, 13}, {2, 6, 8, 12}, {3, 7, 15}, {9, 14}, {11}}","{{1, 2, 5, 9, 13}, {3, 4, 7, 14}, {6, 8, 12}, {10, 15}, {11}}",False,,,,False,FlipSYTNotFound
214513,"{{1, 2, 3, 4, 13}, {5, 8, 10, 12}, {6, 9, 15}, {7, 14}, {11}}","{{1, 2, 5, 7, 9}, {3, 4, 6, 15}, {8, 10, 14}, {11, 13}, {12}}",False,,,,False,FlipSYTNotFound
214528,"{{1, 4, 5, 7, 10}, {2, 6, 8, 9}, {3, 12, 15}, {11, 13}, {14}}","{{1, 2, 5, 10, 13}, {3, 7, 8, 14}, {4, 11, 12}, {6, 15}, {9}}",False,,,,False,FlipSYTNotFound
214686,"{{1, 4, 5, 7, 10}, {2, 6, 8, 9}, {3, 11, 14}, {12, 13}, {15}}","{{1, 3, 4, 10, 13}, {2, 7, 8, 14}, {5, 11, 12}, {6, 15}, {9}}",False,,,,False,FlipSYTNotFound
214732,"{{1, 3, 6, 8, 13}, {2, 5, 7, 9}, {4, 12, 14}, {10, 15}, {11}}","{{1, 4, 5, 11, 12}, {2, 6, 9, 14}, {3, 7, 13}, {8, 10}, {15}}",False,,,,False,FlipSYTNotFound
214753,"{{1, 4, 5, 8, 13}, {2, 6, 7, 9}, {3, 12, 14}, {10, 15}, {11}}","{{1, 4, 5, 10, 13}, {2, 6, 9, 14}, {3, 7, 12}, {8, 11}, {15}}",False,,,,False,FlipSYTNotFound
214873,"{{1, 4, 5, 7, 13}, {2, 6, 10, 12}, {3, 8, 15}, {9, 14}, {11}}","{{1, 2, 5, 7, 13}, {3, 4, 6, 14}, {8, 10, 12}, {9, 15}, {11}}",False,,,,False,FlipSYTNotFound
214881,"{{1, 2, 3, 6, 13}, {4, 5, 7, 10}, {8, 12, 14}, {9, 15}, {11}}","{{1, 4, 5, 11, 12}, {2, 6, 7, 15}, {3, 8, 14}, {9, 13}, {10}}",False,,,,False,FlipSYTNotFound
214985,"{{1, 4, 5, 6, 9}, {2, 7, 8, 10}, {3, 11, 14}, {12, 13}, {15}}","{{1, 3, 4, 12, 13}, {2, 8, 9, 14}, {5, 10, 11}, {6, 15}, {7}}",False,,,,False,FlipSYTNotFound
214992,"{{1, 3, 5, 7, 9}, {2, 6, 8, 10}, {4, 12, 15}, {11, 13}, {14}}","{{1, 2, 5, 12, 14}, {3, 8, 10, 13}, {4, 9, 11}, {6, 15}, {7}}",False,,,,False,FlipSYTNotFound
215200,"{{1, 2, 3, 6, 13}, {4, 5, 7, 9}, {8, 12, 14}, {10, 15}, {11}}","{{1, 4, 5, 11, 12}, {2, 6, 8, 15}, {3, 7, 14}, {9, 13}, {10}}",False,,,,False,FlipSYTNotFound
215421,"{{1, 3, 5, 7, 10}, {2, 4, 6, 8}, {9, 11, 12}, {13, 15}, {14}}","{{1, 2, 7, 12, 14}, {3, 5, 10, 15}, {4, 8, 13}, {6, 11}, {9}}",False,,,,False,FlipSYTNotFound
215768,"{{1, 3, 5, 6, 7}, {2, 4, 8, 9}, {10, 11, 14}, {12, 13}, {15}}","{{1, 3, 4, 12, 14}, {2, 6, 11, 15}, {5, 8, 13}, {7, 10}, {9}}",False,,,,False,FlipSYTNotFound
216060,"{{1, 4, 5, 9, 11}, {2, 6, 8, 10}, {3, 7, 15}, {12, 13}, {14}}","{{1, 2, 4, 9, 13}, {3, 6, 8, 14}, {5, 10, 12}, {7, 15}, {11}}",False,,,,False,FlipSYTNotFound
216156,"{{1, 4, 5, 8, 13}, {2, 6, 9, 12}, {3, 7, 15}, {10, 14}, {11}}","{{1, 2, 5, 9, 13}, {3, 4, 6, 14}, {7, 10, 12}, {8, 15}, {11}}",False,,,,False,FlipSYTNotFound
216168,"{{1, 2, 5, 11, 13}, {3, 4, 9, 12}, {6, 8, 10}, {7, 14}, {15}}","{{1, 4, 6, 8, 9}, {2, 7, 10, 13}, {3, 12, 15}, {5, 14}, {11}}",False,,,,False,FlipSYTNotFound
216178,"{{1, 4, 5, 9, 13}, {2, 6, 8, 12}, {3, 7, 15}, {10, 14}, {11}}","{{1, 2, 5, 9, 13}, {3, 4, 6, 14}, {7, 8, 12}, {10, 15}, {11}}",False,,,,False,FlipSYTNotFound
216188,"{{1, 3, 4, 11, 13}, {2, 6, 8, 12}, {5, 9, 10}, {7, 14}, {15}}","{{1, 4, 6, 7, 9}, {2, 8, 10, 11}, {3, 13, 14}, {5, 15}, {12}}",False,,,,False,FlipSYTNotFound
216233,"{{1, 4, 5, 8, 11}, {2, 6, 9, 10}, {3, 7, 15}, {12, 13}, {14}}","{{1, 2, 4, 9, 13}, {3, 6, 7, 14}, {5, 10, 12}, {8, 15}, {11}}",False,,,,False,FlipSYTNotFound
216259,"{{1, 4, 5, 7, 11}, {2, 6, 9, 10}, {3, 8, 15}, {12, 13}, {14}}","{{1, 2, 4, 8, 13}, {3, 6, 7, 14}, {5, 10, 12}, {9, 15}, {11}}",False,,,,False,FlipSYTNotFound
216345,"{{1, 4, 5, 7, 13}, {2, 6, 9, 12}, {3, 8, 15}, {10, 14}, {11}}","{{1, 2, 5, 8, 13}, {3, 4, 6, 14}, {7, 10, 12}, {9, 15}, {11}}",False,,,,False,FlipSYTNotFound
216413,"{{1, 2, 5, 11, 13}, {3, 4, 8, 12}, {6, 9, 10}, {7, 14}, {15}}","{{1, 4, 6, 7, 9}, {2, 8, 10, 13}, {3, 12, 15}, {5, 14}, {11}}",False,,,,False,FlipSYTNotFound
216417,"{{1, 2, 7, 11, 13}, {3, 4, 9, 12}, {5, 6, 10}, {8, 14}, {15}}","{{1, 4, 6, 8, 11}, {2, 7, 10, 13}, {3, 12, 15}, {5, 14}, {9}}",False,,,,False,FlipSYTNotFound
216530,"{{1, 3, 9, 12, 14}, {2, 5, 10, 13}, {4, 6, 11}, {7, 8}, {15}}","{{1, 3, 5, 8, 9}, {2, 6, 10, 12}, {4, 11, 14}, {7, 15}, {13}}",False,,,,False,FlipSYTNotFound
216543,"{{1, 3, 9, 12, 14}, {2, 5, 10, 13}, {4, 7, 11}, {6, 8}, {15}}","{{1, 3, 5, 8, 10}, {2, 6, 9, 12}, {4, 11, 14}, {7, 15}, {13}}",False,,,,False,FlipSYTNotFound
216549,"{{1, 4, 6, 7, 11}, {2, 5, 8, 10}, {3, 9, 15}, {12, 13}, {14}}","{{1, 2, 4, 11, 13}, {3, 6, 7, 14}, {5, 10, 12}, {8, 15}, {9}}",False,,,,False,FlipSYTNotFound
216608,"{{1, 3, 7, 12, 14}, {2, 5, 10, 13}, {4, 8, 11}, {6, 9}, {15}}","{{1, 3, 5, 7, 10}, {2, 6, 8, 12}, {4, 11, 14}, {9, 15}, {13}}",False,,,,False,FlipSYTNotFound
216615,"{{1, 3, 5, 12, 14}, {2, 6, 10, 13}, {4, 8, 11}, {7, 9}, {15}}","{{1, 3, 5, 7, 9}, {2, 6, 8, 12}, {4, 13, 14}, {10, 15}, {11}}",False,,,,False,FlipSYTNotFound
216623,"{{1, 3, 8, 12, 14}, {2, 5, 10, 13}, {4, 6, 11}, {7, 9}, {15}}","{{1, 3, 5, 7, 9}, {2, 6, 10, 12}, {4, 11, 14}, {8, 15}, {13}}",False,,,,False,FlipSYTNotFound
216647,"{{1, 4, 9, 12, 14}, {2, 6, 10, 13}, {3, 7, 11}, {5, 8}, {15}}","{{1, 3, 5, 8, 11}, {2, 6, 9, 13}, {4, 10, 14}, {7, 15}, {12}}",False,,,,False,FlipSYTNotFound
216751,"{{1, 3, 8, 12, 14}, {2, 5, 10, 13}, {4, 7, 11}, {6, 9}, {15}}","{{1, 3, 5, 7, 10}, {2, 6, 9, 12}, {4, 11, 14}, {8, 15}, {13}}",False,,,,False,FlipSYTNotFound
216790,"{{1, 3, 6, 12, 14}, {2, 5, 10, 13}, {4, 7, 11}, {8, 9}, {15}}","{{1, 3, 5, 7, 8}, {2, 6, 9, 12}, {4, 11, 14}, {10, 15}, {13}}",False,,,,False,FlipSYTNotFound
216792,"{{1, 3, 7, 12, 14}, {2, 5, 10, 13}, {4, 6, 11}, {8, 9}, {15}}","{{1, 3, 5, 7, 8}, {2, 6, 10, 12}, {4, 11, 14}, {9, 15}, {13}}",False,,,,False,FlipSYTNotFound
216802,"{{1, 3, 5, 7, 13}, {2, 6, 10, 11}, {4, 9, 14}, {8, 15}, {12}}","{{1, 4, 6, 7, 8}, {2, 5, 12, 14}, {3, 10, 13}, {9, 11}, {15}}",False,,,,False,FlipSYTNotFound
216805,"{{1, 5, 8, 10, 13}, {2, 7, 9, 11}, {3, 12, 15}, {4, 14}, {6}}","{{1, 2, 7, 9, 10}, {3, 4, 11, 12}, {5, 8, 13}, {6, 14}, {15}}",False,,,,False,FlipSYTNotFound
216813,"{{1, 3, 6, 12, 14}, {2, 5, 10, 13}, {4, 8, 11}, {7, 9}, {15}}","{{1, 3, 5, 7, 9}, {2, 6, 8, 12}, {4, 11, 14}, {10, 15}, {13}}",False,,,,False,FlipSYTNotFound
216859,"{{1, 3, 8, 12, 14}, {2, 5, 9, 13}, {4, 7, 11}, {6, 10}, {15}}","{{1, 3, 5, 6, 10}, {2, 7, 9, 12}, {4, 11, 14}, {8, 15}, {13}}",False,,,,False,FlipSYTNotFound
216899,"{{1, 3, 4, 10, 13}, {2, 8, 9, 11}, {5, 12, 15}, {6, 14}, {7}}","{{1, 2, 7, 8, 9}, {3, 4, 10, 14}, {5, 11, 13}, {6, 12}, {15}}",False,,,,False,FlipSYTNotFound
216976,"{{1, 3, 8, 12, 14}, {2, 5, 9, 13}, {4, 6, 11}, {7, 10}, {15}}","{{1, 3, 5, 6, 9}, {2, 7, 10, 12}, {4, 11, 14}, {8, 15}, {13}}",False,,,,False,FlipSYTNotFound
217036,"{{1, 3, 6, 12, 14}, {2, 5, 9, 13}, {4, 7, 11}, {8, 10}, {15}}","{{1, 3, 5, 6, 8}, {2, 7, 9, 12}, {4, 11, 14}, {10, 15}, {13}}",False,,,,False,FlipSYTNotFound
217098,"{{1, 2, 4, 9, 10}, {3, 6, 8, 11}, {5, 7, 15}, {12, 13}, {14}}","{{1, 2, 4, 9, 11}, {3, 7, 8, 15}, {5, 10, 13}, {6, 14}, {12}}",False,,,,False,FlipSYTNotFound
217103,"{{1, 3, 5, 12, 14}, {2, 6, 9, 13}, {4, 8, 11}, {7, 10}, {15}}","{{1, 3, 5, 6, 9}, {2, 7, 8, 12}, {4, 13, 14}, {10, 15}, {11}}",False,,,,False,FlipSYTNotFound
217169,"{{1, 3, 4, 10, 13}, {2, 6, 9, 12}, {5, 8, 11}, {7, 14}, {15}}","{{1, 4, 5, 8, 9}, {2, 7, 10, 11}, {3, 13, 14}, {6, 15}, {12}}",False,,,,False,FlipSYTNotFound
217170,"{{1, 3, 7, 12, 14}, {2, 5, 9, 13}, {4, 8, 11}, {6, 10}, {15}}","{{1, 3, 5, 6, 10}, {2, 7, 8, 12}, {4, 11, 14}, {9, 15}, {13}}",False,,,,False,FlipSYTNotFound
217173,"{{1, 2, 5, 10, 13}, {3, 4, 9, 12}, {6, 8, 11}, {7, 14}, {15}}","{{1, 4, 5, 8, 9}, {2, 7, 10, 13}, {3, 12, 15}, {6, 14}, {11}}",False,,,,False,FlipSYTNotFound
217298,"{{1, 3, 6, 12, 14}, {2, 5, 9, 13}, {4, 8, 11}, {7, 10}, {15}}","{{1, 3, 5, 6, 9}, {2, 7, 8, 12}, {4, 11, 14}, {10, 15}, {13}}",False,,,,False,FlipSYTNotFound
217357,"{{1, 3, 4, 10, 13}, {2, 6, 8, 12}, {5, 9, 11}, {7, 14}, {15}}","{{1, 4, 5, 7, 9}, {2, 8, 10, 11}, {3, 13, 14}, {6, 15}, {12}}",False,,,,False,FlipSYTNotFound
217376,"{{1, 3, 7, 12, 14}, {2, 5, 9, 13}, {4, 6, 11}, {8, 10}, {15}}","{{1, 3, 5, 6, 8}, {2, 7, 10, 12}, {4, 11, 14}, {9, 15}, {13}}",False,,,,False,FlipSYTNotFound
217380,"{{1, 2, 4, 10, 13}, {3, 6, 9, 12}, {5, 7, 11}, {8, 14}, {15}}","{{1, 4, 5, 8, 11}, {2, 7, 9, 13}, {3, 10, 15}, {6, 14}, {12}}",False,,,,False,FlipSYTNotFound
217461,"{{1, 3, 7, 12, 14}, {2, 6, 8, 13}, {4, 9, 11}, {5, 10}, {15}}","{{1, 3, 5, 6, 11}, {2, 7, 10, 12}, {4, 13, 14}, {8, 15}, {9}}",False,,,,False,FlipSYTNotFound
217494,"{{1, 2, 4, 10, 13}, {3, 5, 6, 12}, {7, 9, 11}, {8, 14}, {15}}","{{1, 4, 5, 7, 8}, {2, 9, 11, 13}, {3, 10, 15}, {6, 14}, {12}}",False,,,,False,FlipSYTNotFound
217519,"{{1, 3, 7, 12, 14}, {2, 5, 8, 13}, {4, 6, 11}, {9, 10}, {15}}","{{1, 3, 5, 6, 7}, {2, 8, 10, 12}, {4, 11, 14}, {9, 15}, {13}}",False,,,,False,FlipSYTNotFound
217591,"{{1, 4, 5, 9, 10}, {2, 6, 8, 11}, {3, 7, 15}, {12, 13}, {14}}","{{1, 2, 4, 9, 13}, {3, 7, 8, 14}, {5, 10, 12}, {6, 15}, {11}}",False,,,,False,FlipSYTNotFound
217598,"{{1, 2, 5, 10, 13}, {3, 4, 8, 12}, {6, 7, 11}, {9, 14}, {15}}","{{1, 4, 5, 7, 10}, {2, 8, 9, 13}, {3, 12, 15}, {6, 14}, {11}}",False,,,,False,FlipSYTNotFound
217638,"{{1, 3, 4, 9, 13}, {2, 8, 10, 11}, {5, 12, 15}, {6, 14}, {7}}","{{1, 2, 6, 8, 9}, {3, 4, 10, 14}, {5, 11, 13}, {7, 12}, {15}}",False,,,,False,FlipSYTNotFound
217711,"{{1, 3, 4, 12, 14}, {2, 5, 8, 13}, {6, 7, 11}, {9, 10}, {15}}","{{1, 3, 5, 6, 7}, {2, 8, 9, 10}, {4, 13, 14}, {11, 15}, {12}}",False,,,,False,FlipSYTNotFound
217719,"{{1, 3, 6, 12, 14}, {2, 5, 8, 13}, {4, 7, 11}, {9, 10}, {15}}","{{1, 3, 5, 6, 7}, {2, 8, 9, 12}, {4, 11, 14}, {10, 15}, {13}}",False,,,,False,FlipSYTNotFound
217747,"{{1, 2, 5, 12, 14}, {3, 6, 8, 13}, {4, 7, 11}, {9, 10}, {15}}","{{1, 3, 5, 6, 7}, {2, 8, 9, 12}, {4, 13, 15}, {10, 14}, {11}}",False,,,,False,FlipSYTNotFound
217835,"{{1, 4, 6, 12, 14}, {2, 5, 8, 13}, {3, 7, 11}, {9, 10}, {15}}","{{1, 3, 5, 6, 7}, {2, 8, 9, 13}, {4, 11, 14}, {10, 15}, {12}}",False,,,,False,FlipSYTNotFound
218301,"{{1, 3, 7, 12, 14}, {2, 6, 8, 13}, {4, 9, 10}, {5, 11}, {15}}","{{1, 3, 5, 7, 11}, {2, 6, 10, 12}, {4, 13, 14}, {8, 15}, {9}}",False,,,,False,FlipSYTNotFound
218303,"{{1, 2, 5, 9, 13}, {3, 4, 8, 11}, {6, 12, 15}, {7, 14}, {10}}","{{1, 2, 6, 9, 13}, {3, 4, 8, 15}, {5, 10, 12}, {7, 11}, {14}}",False,,,,False,FlipSYTNotFound
218418,"{{1, 2, 6, 12, 14}, {3, 5, 8, 13}, {4, 9, 10}, {7, 11}, {15}}","{{1, 3, 5, 7, 9}, {2, 6, 11, 12}, {4, 13, 15}, {8, 14}, {10}}",False,,,,False,FlipSYTNotFound
218710,"{{1, 2, 7, 9, 13}, {3, 5, 8, 12}, {4, 10, 11}, {6, 14}, {15}}","{{1, 4, 5, 6, 10}, {2, 8, 11, 12}, {3, 13, 15}, {7, 14}, {9}}",False,,,,False,FlipSYTNotFound
218801,"{{1, 3, 9, 11, 14}, {2, 5, 10, 13}, {4, 7, 12}, {6, 8}, {15}}","{{1, 3, 4, 8, 10}, {2, 6, 9, 12}, {5, 11, 14}, {7, 15}, {13}}",False,,,,False,FlipSYTNotFound
218886,"{{1, 3, 7, 11, 14}, {2, 5, 10, 13}, {4, 8, 12}, {6, 9}, {15}}","{{1, 3, 4, 7, 10}, {2, 6, 8, 12}, {5, 11, 14}, {9, 15}, {13}}",False,,,,False,FlipSYTNotFound
218937,"{{1, 3, 8, 11, 14}, {2, 5, 10, 13}, {4, 7, 12}, {6, 9}, {15}}","{{1, 3, 4, 7, 10}, {2, 6, 9, 12}, {5, 11, 14}, {8, 15}, {13}}",False,,,,False,FlipSYTNotFound
218966,"{{1, 3, 8, 11, 14}, {2, 5, 10, 13}, {4, 6, 12}, {7, 9}, {15}}","{{1, 3, 4, 7, 9}, {2, 6, 10, 12}, {5, 11, 14}, {8, 15}, {13}}",False,,,,False,FlipSYTNotFound
218979,"{{1, 3, 9, 11, 14}, {2, 5, 10, 13}, {4, 6, 12}, {7, 8}, {15}}","{{1, 3, 4, 8, 9}, {2, 6, 10, 12}, {5, 11, 14}, {7, 15}, {13}}",False,,,,False,FlipSYTNotFound
219021,"{{1, 3, 8, 11, 14}, {2, 5, 9, 13}, {4, 7, 12}, {6, 10}, {15}}","{{1, 3, 4, 6, 10}, {2, 7, 9, 12}, {5, 11, 14}, {8, 15}, {13}}",False,,,,False,FlipSYTNotFound
219056,"{{1, 4, 5, 8, 13}, {2, 6, 7, 11}, {3, 12, 15}, {9, 14}, {10}}","{{1, 2, 6, 10, 13}, {3, 4, 7, 14}, {5, 9, 12}, {8, 11}, {15}}",False,,,,False,FlipSYTNotFound
219097,"{{1, 3, 4, 9, 13}, {2, 6, 8, 12}, {5, 10, 11}, {7, 14}, {15}}","{{1, 4, 5, 6, 9}, {2, 8, 10, 11}, {3, 13, 14}, {7, 15}, {12}}",False,,,,False,FlipSYTNotFound
219176,"{{1, 3, 6, 11, 14}, {2, 5, 10, 13}, {4, 7, 12}, {8, 9}, {15}}","{{1, 3, 4, 7, 8}, {2, 6, 9, 12}, {5, 11, 14}, {10, 15}, {13}}",False,,,,False,FlipSYTNotFound
219179,"{{1, 3, 6, 11, 14}, {2, 5, 10, 13}, {4, 8, 12}, {7, 9}, {15}}","{{1, 3, 4, 7, 9}, {2, 6, 8, 12}, {5, 11, 14}, {10, 15}, {13}}",False,,,,False,FlipSYTNotFound
219195,"{{1, 3, 7, 11, 14}, {2, 5, 10, 13}, {4, 6, 12}, {8, 9}, {15}}","{{1, 3, 4, 7, 8}, {2, 6, 10, 12}, {5, 11, 14}, {9, 15}, {13}}",False,,,,False,FlipSYTNotFound
219205,"{{1, 3, 7, 11, 14}, {2, 6, 9, 13}, {4, 8, 12}, {5, 10}, {15}}","{{1, 3, 4, 6, 11}, {2, 7, 8, 12}, {5, 10, 14}, {9, 15}, {13}}",False,,,,False,FlipSYTNotFound
219230,"{{1, 3, 5, 11, 14}, {2, 6, 10, 13}, {4, 8, 12}, {7, 9}, {15}}","{{1, 3, 4, 7, 9}, {2, 6, 8, 12}, {5, 13, 14}, {10, 15}, {11}}",False,,,,False,FlipSYTNotFound
219415,"{{1, 2, 5, 11, 14}, {3, 6, 10, 13}, {4, 7, 12}, {8, 9}, {15}}","{{1, 3, 4, 7, 8}, {2, 6, 9, 12}, {5, 13, 15}, {10, 14}, {11}}",False,,,,False,FlipSYTNotFound
219434,"{{1, 3, 8, 11, 14}, {2, 5, 9, 13}, {4, 6, 12}, {7, 10}, {15}}","{{1, 3, 4, 6, 9}, {2, 7, 10, 12}, {5, 11, 14}, {8, 15}, {13}}",False,,,,False,FlipSYTNotFound
219453,"{{1, 3, 4, 6, 13}, {2, 7, 8, 11}, {5, 12, 15}, {9, 14}, {10}}","{{1, 2, 6, 9, 11}, {3, 4, 7, 14}, {5, 8, 13}, {10, 12}, {15}}",False,,,,False,FlipSYTNotFound
219503,"{{1, 3, 7, 11, 14}, {2, 5, 9, 13}, {4, 8, 12}, {6, 10}, {15}}","{{1, 3, 4, 6, 10}, {2, 7, 8, 12}, {5, 11, 14}, {9, 15}, {13}}",False,,,,False,FlipSYTNotFound
219535,"{{1, 3, 6, 11, 14}, {2, 5, 9, 13}, {4, 7, 12}, {8, 10}, {15}}","{{1, 3, 4, 6, 8}, {2, 7, 9, 12}, {5, 11, 14}, {10, 15}, {13}}",False,,,,False,FlipSYTNotFound
219536,"{{1, 2, 4, 8, 13}, {3, 5, 6, 12}, {7, 10, 11}, {9, 14}, {15}}","{{1, 4, 5, 6, 7}, {2, 9, 11, 13}, {3, 10, 15}, {8, 14}, {12}}",False,,,,False,FlipSYTNotFound
219546,"{{1, 2, 5, 9, 13}, {3, 4, 8, 10}, {6, 12, 15}, {7, 14}, {11}}","{{1, 2, 5, 9, 13}, {3, 4, 8, 15}, {6, 10, 12}, {7, 11}, {14}}",False,,,,False,FlipSYTNotFound
219560,"{{1, 2, 3, 6, 13}, {4, 5, 7, 11}, {8, 12, 15}, {9, 14}, {10}}","{{1, 2, 6, 11, 12}, {3, 4, 7, 15}, {5, 8, 14}, {9, 13}, {10}}",False,,,,False,FlipSYTNotFound
219597,"{{1, 3, 6, 11, 14}, {2, 5, 9, 13}, {4, 8, 12}, {7, 10}, {15}}","{{1, 3, 4, 6, 9}, {2, 7, 8, 12}, {5, 11, 14}, {10, 15}, {13}}",False,,,,False,FlipSYTNotFound
219610,"{{1, 2, 4, 11, 14}, {3, 5, 9, 13}, {6, 8, 12}, {7, 10}, {15}}","{{1, 3, 4, 6, 9}, {2, 7, 8, 10}, {5, 13, 15}, {11, 14}, {12}}",False,,,,False,FlipSYTNotFound
219674,"{{1, 3, 7, 11, 14}, {2, 5, 9, 13}, {4, 6, 12}, {8, 10}, {15}}","{{1, 3, 4, 6, 8}, {2, 7, 10, 12}, {5, 11, 14}, {9, 15}, {13}}",False,,,,False,FlipSYTNotFound
219676,"{{1, 3, 7, 11, 14}, {2, 6, 8, 13}, {4, 9, 12}, {5, 10}, {15}}","{{1, 3, 4, 6, 11}, {2, 7, 10, 12}, {5, 13, 14}, {8, 15}, {9}}",False,,,,False,FlipSYTNotFound
219729,"{{1, 4, 5, 7, 10}, {2, 6, 8, 9}, {3, 11, 15}, {12, 13}, {14}}","{{1, 2, 4, 10, 13}, {3, 7, 8, 14}, {5, 11, 12}, {6, 15}, {9}}",False,,,,False,FlipSYTNotFound
219839,"{{1, 2, 4, 7, 13}, {3, 5, 6, 12}, {8, 10, 11}, {9, 14}, {15}}","{{1, 4, 5, 6, 7}, {2, 8, 11, 13}, {3, 10, 15}, {9, 14}, {12}}",False,,,,False,FlipSYTNotFound
219853,"{{1, 4, 6, 11, 14}, {2, 5, 8, 13}, {3, 7, 12}, {9, 10}, {15}}","{{1, 3, 4, 6, 7}, {2, 8, 9, 13}, {5, 11, 14}, {10, 15}, {12}}",False,,,,False,FlipSYTNotFound
219885,"{{1, 2, 3, 7, 10}, {4, 5, 6, 8}, {9, 11, 15}, {12, 13}, {14}}","{{1, 2, 4, 11, 12}, {3, 7, 10, 15}, {5, 8, 14}, {6, 13}, {9}}",False,,,,False,FlipSYTNotFound
219938,"{{1, 4, 5, 8, 13}, {2, 6, 7, 10}, {3, 11, 14}, {9, 15}, {12}}","{{1, 4, 7, 10, 13}, {2, 5, 9, 14}, {3, 6, 12}, {8, 11}, {15}}",False,,,,False,FlipSYTNotFound
219969,"{{1, 3, 7, 11, 14}, {2, 5, 8, 13}, {4, 6, 12}, {9, 10}, {15}}","{{1, 3, 4, 6, 7}, {2, 8, 10, 12}, {5, 11, 14}, {9, 15}, {13}}",False,,,,False,FlipSYTNotFound
219971,"{{1, 3, 6, 11, 14}, {2, 5, 8, 13}, {4, 7, 12}, {9, 10}, {15}}","{{1, 3, 4, 6, 7}, {2, 8, 9, 12}, {5, 11, 14}, {10, 15}, {13}}",False,,,,False,FlipSYTNotFound
220131,"{{1, 3, 9, 10, 14}, {2, 5, 11, 13}, {4, 7, 12}, {6, 8}, {15}}","{{1, 3, 4, 8, 10}, {2, 7, 9, 12}, {5, 11, 14}, {6, 15}, {13}}",False,,,,False,FlipSYTNotFound
220145,"{{1, 3, 5, 6, 13}, {2, 7, 9, 10}, {4, 12, 15}, {8, 14}, {11}}","{{1, 2, 5, 8, 12}, {3, 4, 7, 14}, {6, 9, 13}, {10, 11}, {15}}",False,,,,False,FlipSYTNotFound
220194,"{{1, 2, 4, 8, 13}, {3, 5, 6, 12}, {7, 9, 11}, {10, 14}, {15}}","{{1, 4, 5, 6, 9}, {2, 7, 11, 13}, {3, 10, 15}, {8, 14}, {12}}",False,,,,False,FlipSYTNotFound
220261,"{{1, 2, 6, 7, 9}, {3, 4, 8, 10}, {5, 11, 15}, {12, 13}, {14}}","{{1, 2, 4, 11, 13}, {3, 8, 10, 15}, {5, 9, 12}, {6, 14}, {7}}",False,,,,False,FlipSYTNotFound
220268,"{{1, 4, 9, 10, 14}, {2, 5, 11, 13}, {3, 7, 12}, {6, 8}, {15}}","{{1, 3, 4, 8, 10}, {2, 7, 9, 13}, {5, 11, 14}, {6, 15}, {12}}",False,,,,False,FlipSYTNotFound
220326,"{{1, 3, 5, 7, 8}, {2, 4, 9, 10}, {6, 11, 15}, {12, 13}, {14}}","{{1, 2, 4, 12, 14}, {3, 7, 10, 15}, {5, 9, 11}, {6, 13}, {8}}",False,,,,False,FlipSYTNotFound
220331,"{{1, 4, 9, 10, 14}, {2, 6, 11, 13}, {3, 7, 12}, {5, 8}, {15}}","{{1, 3, 4, 8, 11}, {2, 7, 9, 13}, {5, 10, 14}, {6, 15}, {12}}",False,,,,False,FlipSYTNotFound
220336,"{{1, 3, 8, 10, 14}, {2, 5, 11, 13}, {4, 6, 12}, {7, 9}, {15}}","{{1, 3, 4, 7, 9}, {2, 8, 10, 12}, {5, 11, 14}, {6, 15}, {13}}",False,,,,False,FlipSYTNotFound
220347,"{{1, 3, 8, 10, 14}, {2, 5, 11, 13}, {4, 7, 12}, {6, 9}, {15}}","{{1, 3, 4, 7, 10}, {2, 8, 9, 12}, {5, 11, 14}, {6, 15}, {13}}",False,,,,False,FlipSYTNotFound
220408,"{{1, 4, 5, 6, 9}, {2, 7, 8, 10}, {3, 11, 15}, {12, 13}, {14}}","{{1, 2, 4, 12, 13}, {3, 8, 9, 14}, {5, 10, 11}, {6, 15}, {7}}",False,,,,False,FlipSYTNotFound
220425,"{{1, 3, 9, 10, 14}, {2, 5, 11, 13}, {4, 6, 12}, {7, 8}, {15}}","{{1, 3, 4, 8, 9}, {2, 7, 10, 12}, {5, 11, 14}, {6, 15}, {13}}",False,,,,False,FlipSYTNotFound
220504,"{{1, 3, 7, 10, 14}, {2, 5, 11, 13}, {4, 6, 12}, {8, 9}, {15}}","{{1, 3, 4, 7, 8}, {2, 9, 10, 12}, {5, 11, 14}, {6, 15}, {13}}",False,,,,False,FlipSYTNotFound
220517,"{{1, 3, 4, 6, 13}, {2, 7, 8, 10}, {5, 12, 15}, {9, 14}, {11}}","{{1, 2, 5, 9, 11}, {3, 4, 7, 14}, {6, 8, 13}, {10, 12}, {15}}",False,,,,False,FlipSYTNotFound
220554,"{{1, 3, 8, 9, 14}, {2, 5, 11, 13}, {4, 6, 12}, {7, 10}, {15}}","{{1, 3, 4, 6, 9}, {2, 8, 10, 12}, {5, 11, 14}, {7, 15}, {13}}",False,,,,False,FlipSYTNotFound
220638,"{{1, 2, 3, 6, 13}, {4, 5, 7, 10}, {8, 12, 15}, {9, 14}, {11}}","{{1, 2, 5, 11, 12}, {3, 4, 7, 15}, {6, 8, 14}, {9, 13}, {10}}",False,,,,False,FlipSYTNotFound
220653,"{{1, 3, 8, 9, 14}, {2, 5, 11, 13}, {4, 7, 12}, {6, 10}, {15}}","{{1, 3, 4, 6, 10}, {2, 8, 9, 12}, {5, 11, 14}, {7, 15}, {13}}",False,,,,False,FlipSYTNotFound
220668,"{{1, 3, 7, 9, 14}, {2, 5, 11, 13}, {4, 6, 12}, {8, 10}, {15}}","{{1, 3, 4, 6, 8}, {2, 9, 10, 12}, {5, 11, 14}, {7, 15}, {13}}",False,,,,False,FlipSYTNotFound
220773,"{{1, 2, 4, 7, 13}, {3, 5, 6, 12}, {8, 9, 11}, {10, 14}, {15}}","{{1, 4, 5, 6, 8}, {2, 7, 11, 13}, {3, 10, 15}, {9, 14}, {12}}",False,,,,False,FlipSYTNotFound
220919,"{{1, 2, 3, 6, 13}, {4, 5, 7, 8}, {9, 12, 15}, {10, 14}, {11}}","{{1, 2, 5, 11, 12}, {3, 4, 6, 15}, {7, 9, 14}, {8, 13}, {10}}",False,,,,False,FlipSYTNotFound
221194,"{{1, 2, 4, 6, 14}, {3, 7, 11, 13}, {5, 9, 12}, {8, 10}, {15}}","{{1, 3, 4, 6, 8}, {2, 7, 11, 15}, {5, 12, 13}, {9, 14}, {10}}",False,,,,False,FlipSYTNotFound
221404,"{{1, 5, 8, 12, 14}, {2, 6, 10, 13}, {3, 9, 11}, {4, 15}, {7}}","{{1, 3, 5, 7, 9}, {2, 6, 10, 12}, {4, 11, 13}, {8, 14}, {15}}",False,,,,False,FlipSYTNotFound
221418,"{{1, 2, 4, 7, 13}, {3, 5, 6, 12}, {8, 9, 10}, {11, 14}, {15}}","{{1, 4, 5, 7, 8}, {2, 6, 11, 13}, {3, 10, 15}, {9, 14}, {12}}",False,,,,False,FlipSYTNotFound
221474,"{{1, 3, 7, 8, 14}, {2, 5, 11, 13}, {4, 6, 12}, {9, 10}, {15}}","{{1, 3, 4, 6, 7}, {2, 9, 10, 12}, {5, 11, 14}, {8, 15}, {13}}",False,,,,False,FlipSYTNotFound
221687,"{{1, 3, 8, 10, 14}, {2, 5, 9, 13}, {4, 7, 12}, {6, 11}, {15}}","{{1, 3, 4, 5, 10}, {2, 7, 9, 12}, {6, 11, 14}, {8, 15}, {13}}",False,,,,False,FlipSYTNotFound
221710,"{{1, 2, 3, 5, 13}, {4, 6, 7, 10}, {8, 9, 14}, {11, 15}, {12}}","{{1, 4, 7, 8, 12}, {2, 5, 10, 15}, {3, 6, 14}, {9, 13}, {11}}",False,,,,False,FlipSYTNotFound
221714,"{{1, 3, 8, 10, 14}, {2, 5, 9, 13}, {4, 6, 12}, {7, 11}, {15}}","{{1, 3, 4, 5, 9}, {2, 7, 10, 12}, {6, 11, 14}, {8, 15}, {13}}",False,,,,False,FlipSYTNotFound
221740,"{{1, 3, 4, 5, 13}, {2, 6, 8, 9}, {7, 10, 14}, {11, 15}, {12}}","{{1, 4, 8, 9, 14}, {2, 5, 10, 15}, {3, 6, 13}, {7, 12}, {11}}",False,,,,False,FlipSYTNotFound
221758,"{{1, 2, 4, 12, 14}, {3, 5, 10, 13}, {6, 7, 11}, {8, 15}, {9}}","{{1, 3, 5, 7, 10}, {2, 6, 8, 13}, {4, 9, 15}, {11, 14}, {12}}",False,,,,False,FlipSYTNotFound
221773,"{{1, 3, 5, 10, 14}, {2, 6, 9, 13}, {4, 8, 12}, {7, 11}, {15}}","{{1, 3, 4, 5, 9}, {2, 7, 8, 12}, {6, 13, 14}, {10, 15}, {11}}",False,,,,False,FlipSYTNotFound
221780,"{{1, 4, 5, 10, 13}, {2, 6, 8, 11}, {3, 7, 15}, {9, 14}, {12}}","{{1, 2, 4, 9, 13}, {3, 5, 7, 14}, {6, 8, 12}, {10, 15}, {11}}",False,,,,False,FlipSYTNotFound
221817,"{{1, 3, 7, 10, 14}, {2, 5, 9, 13}, {4, 6, 12}, {8, 11}, {15}}","{{1, 3, 4, 5, 8}, {2, 7, 10, 12}, {6, 11, 14}, {9, 15}, {13}}",False,,,,False,FlipSYTNotFound
221846,"{{1, 3, 6, 10, 14}, {2, 5, 9, 13}, {4, 8, 12}, {7, 11}, {15}}","{{1, 3, 4, 5, 9}, {2, 7, 8, 12}, {6, 11, 14}, {10, 15}, {13}}",False,,,,False,FlipSYTNotFound
221853,"{{1, 3, 7, 10, 14}, {2, 5, 9, 13}, {4, 8, 12}, {6, 11}, {15}}","{{1, 3, 4, 5, 10}, {2, 7, 8, 12}, {6, 11, 14}, {9, 15}, {13}}",False,,,,False,FlipSYTNotFound
221857,"{{1, 5, 8, 12, 14}, {2, 6, 9, 13}, {3, 10, 11}, {4, 15}, {7}}","{{1, 3, 5, 6, 9}, {2, 7, 10, 12}, {4, 11, 13}, {8, 14}, {15}}",False,,,,False,FlipSYTNotFound
221863,"{{1, 3, 6, 10, 14}, {2, 5, 9, 13}, {4, 7, 12}, {8, 11}, {15}}","{{1, 3, 4, 5, 8}, {2, 7, 9, 12}, {6, 11, 14}, {10, 15}, {13}}",False,,,,False,FlipSYTNotFound
221930,"{{1, 3, 7, 10, 14}, {2, 6, 8, 13}, {4, 9, 12}, {5, 11}, {15}}","{{1, 3, 4, 5, 11}, {2, 7, 10, 12}, {6, 13, 14}, {8, 15}, {9}}",False,,,,False,FlipSYTNotFound
222139,"{{1, 5, 8, 11, 12}, {2, 6, 10, 13}, {3, 9, 14}, {4, 15}, {7}}","{{1, 5, 6, 7, 9}, {2, 8, 10, 12}, {3, 11, 13}, {4, 14}, {15}}",False,,,,False,FlipSYTNotFound
222165,"{{1, 4, 5, 9, 13}, {2, 6, 10, 11}, {3, 8, 15}, {7, 14}, {12}}","{{1, 2, 4, 8, 9}, {3, 5, 6, 13}, {7, 10, 12}, {11, 14}, {15}}",False,,,,False,FlipSYTNotFound
222195,"{{1, 3, 6, 10, 14}, {2, 5, 8, 13}, {4, 7, 12}, {9, 11}, {15}}","{{1, 3, 4, 5, 7}, {2, 8, 9, 12}, {6, 11, 14}, {10, 15}, {13}}",False,,,,False,FlipSYTNotFound
222197,"{{1, 3, 7, 10, 14}, {2, 5, 8, 13}, {4, 6, 12}, {9, 11}, {15}}","{{1, 3, 4, 5, 7}, {2, 8, 10, 12}, {6, 11, 14}, {9, 15}, {13}}",False,,,,False,FlipSYTNotFound
222299,"{{1, 3, 8, 9, 14}, {2, 5, 10, 13}, {4, 6, 12}, {7, 11}, {15}}","{{1, 3, 4, 5, 9}, {2, 8, 10, 12}, {6, 11, 14}, {7, 15}, {13}}",False,,,,False,FlipSYTNotFound
222338,"{{1, 2, 8, 9, 13}, {3, 4, 10, 11}, {5, 6, 12}, {7, 14}, {15}}","{{1, 4, 6, 9, 11}, {2, 8, 10, 13}, {3, 12, 15}, {5, 14}, {7}}",False,,,,False,FlipSYTNotFound
222366,"{{1, 3, 8, 9, 14}, {2, 5, 10, 13}, {4, 7, 12}, {6, 11}, {15}}","{{1, 3, 4, 5, 10}, {2, 8, 9, 12}, {6, 11, 14}, {7, 15}, {13}}",False,,,,False,FlipSYTNotFound
222465,"{{1, 3, 6, 8, 13}, {2, 5, 10, 11}, {4, 9, 15}, {7, 14}, {12}}","{{1, 2, 4, 7, 9}, {3, 5, 6, 12}, {8, 10, 11}, {13, 14}, {15}}",False,,,,False,FlipSYTNotFound
222567,"{{1, 3, 7, 9, 14}, {2, 5, 10, 13}, {4, 6, 12}, {8, 11}, {15}}","{{1, 3, 4, 5, 8}, {2, 9, 10, 12}, {6, 11, 14}, {7, 15}, {13}}",False,,,,False,FlipSYTNotFound
222696,"{{1, 4, 5, 7, 13}, {2, 6, 10, 11}, {3, 8, 15}, {9, 14}, {12}}","{{1, 2, 4, 7, 13}, {3, 5, 6, 14}, {8, 10, 12}, {9, 15}, {11}}",False,,,,False,FlipSYTNotFound
222751,"{{1, 5, 8, 11, 12}, {2, 7, 9, 13}, {3, 10, 14}, {4, 15}, {6}}","{{1, 5, 6, 9, 10}, {2, 7, 11, 12}, {3, 8, 13}, {4, 14}, {15}}",False,,,,False,FlipSYTNotFound
222775,"{{1, 2, 4, 6, 13}, {3, 5, 10, 11}, {7, 9, 15}, {8, 14}, {12}}","{{1, 2, 4, 7, 8}, {3, 5, 6, 15}, {9, 11, 13}, {10, 14}, {12}}",False,,,,False,FlipSYTNotFound
222842,"{{1, 2, 4, 12, 14}, {3, 5, 9, 13}, {6, 7, 11}, {8, 15}, {10}}","{{1, 3, 5, 6, 10}, {2, 7, 8, 13}, {4, 9, 15}, {11, 14}, {12}}",False,,,,False,FlipSYTNotFound
223146,"{{1, 3, 7, 8, 14}, {2, 5, 10, 13}, {4, 6, 12}, {9, 11}, {15}}","{{1, 3, 4, 5, 7}, {2, 9, 10, 12}, {6, 11, 14}, {8, 15}, {13}}",False,,,,False,FlipSYTNotFound
223449,"{{1, 2, 4, 12, 14}, {3, 5, 6, 13}, {7, 8, 11}, {9, 15}, {10}}","{{1, 3, 5, 6, 9}, {2, 7, 11, 13}, {4, 8, 15}, {10, 14}, {12}}",False,,,,False,FlipSYTNotFound
223562,"{{1, 3, 7, 9, 14}, {2, 6, 8, 13}, {4, 10, 12}, {5, 11}, {15}}","{{1, 3, 4, 5, 11}, {2, 8, 10, 12}, {6, 13, 14}, {7, 15}, {9}}",False,,,,False,FlipSYTNotFound
223628,"{{1, 3, 4, 9, 14}, {2, 6, 8, 13}, {5, 10, 12}, {7, 11}, {15}}","{{1, 3, 4, 5, 9}, {2, 8, 10, 11}, {6, 13, 14}, {7, 15}, {12}}",False,,,,False,FlipSYTNotFound
223704,"{{1, 4, 5, 9, 13}, {2, 6, 8, 11}, {3, 10, 12}, {7, 14}, {15}}","{{1, 4, 6, 9, 13}, {2, 8, 10, 14}, {3, 11, 12}, {5, 15}, {7}}",False,,,,False,FlipSYTNotFound
223705,"{{1, 4, 5, 8, 13}, {2, 6, 7, 11}, {3, 10, 15}, {9, 14}, {12}}","{{1, 2, 4, 7, 13}, {3, 5, 6, 14}, {8, 9, 10}, {11, 12}, {15}}",False,,,,False,FlipSYTNotFound
223912,"{{1, 2, 4, 9, 14}, {3, 5, 6, 13}, {7, 10, 12}, {8, 11}, {15}}","{{1, 3, 4, 5, 8}, {2, 9, 11, 13}, {6, 10, 15}, {7, 14}, {12}}",False,,,,False,FlipSYTNotFound
224000,"{{1, 4, 5, 9, 13}, {2, 6, 8, 11}, {3, 7, 15}, {10, 14}, {12}}","{{1, 2, 4, 9, 13}, {3, 5, 6, 14}, {7, 8, 12}, {10, 15}, {11}}",False,,,,False,FlipSYTNotFound
224092,"{{1, 4, 5, 8, 13}, {2, 6, 9, 11}, {3, 7, 15}, {10, 14}, {12}}","{{1, 2, 4, 9, 13}, {3, 5, 6, 14}, {7, 10, 12}, {8, 15}, {11}}",False,,,,False,FlipSYTNotFound
224333,"{{1, 2, 4, 12, 14}, {3, 5, 6, 13}, {7, 8, 10}, {9, 15}, {11}}","{{1, 3, 5, 7, 9}, {2, 6, 11, 13}, {4, 8, 15}, {10, 14}, {12}}",False,,,,False,FlipSYTNotFound
224357,"{{1, 2, 4, 8, 14}, {3, 5, 6, 13}, {7, 10, 12}, {9, 11}, {15}}","{{1, 3, 4, 5, 7}, {2, 9, 11, 13}, {6, 10, 15}, {8, 14}, {12}}",False,,,,False,FlipSYTNotFound
224401,"{{1, 4, 5, 7, 13}, {2, 6, 9, 11}, {3, 8, 15}, {10, 14}, {12}}","{{1, 2, 4, 8, 13}, {3, 5, 6, 14}, {7, 10, 12}, {9, 15}, {11}}",False,,,,False,FlipSYTNotFound
224428,"{{1, 2, 4, 12, 14}, {3, 5, 6, 13}, {7, 8, 9}, {10, 15}, {11}}","{{1, 3, 5, 8, 9}, {2, 6, 11, 13}, {4, 7, 15}, {10, 14}, {12}}",False,,,,False,FlipSYTNotFound
224504,"{{1, 3, 6, 9, 14}, {2, 5, 8, 13}, {4, 7, 12}, {10, 11}, {15}}","{{1, 3, 4, 5, 6}, {2, 8, 9, 12}, {7, 11, 14}, {10, 15}, {13}}",False,,,,False,FlipSYTNotFound
224523,"{{1, 2, 4, 7, 14}, {3, 5, 6, 13}, {8, 10, 12}, {9, 11}, {15}}","{{1, 3, 4, 5, 7}, {2, 8, 11, 13}, {6, 10, 15}, {9, 14}, {12}}",False,,,,False,FlipSYTNotFound
224568,"{{1, 4, 6, 9, 14}, {2, 5, 8, 13}, {3, 7, 12}, {10, 11}, {15}}","{{1, 3, 4, 5, 6}, {2, 8, 9, 13}, {7, 11, 14}, {10, 15}, {12}}",False,,,,False,FlipSYTNotFound
224606,"{{1, 3, 6, 10, 12}, {2, 7, 11, 13}, {4, 9, 14}, {5, 15}, {8}}","{{1, 5, 7, 8, 14}, {2, 6, 9, 11}, {3, 10, 12}, {4, 13}, {15}}",False,,,,False,FlipSYTNotFound
224620,"{{1, 3, 6, 10, 12}, {2, 8, 11, 13}, {4, 9, 14}, {5, 15}, {7}}","{{1, 5, 7, 9, 14}, {2, 6, 8, 11}, {3, 10, 12}, {4, 13}, {15}}",False,,,,False,FlipSYTNotFound
224637,"{{1, 2, 5, 9, 14}, {3, 6, 8, 13}, {4, 7, 12}, {10, 11}, {15}}","{{1, 3, 4, 5, 6}, {2, 8, 9, 12}, {7, 13, 15}, {10, 14}, {11}}",False,,,,False,FlipSYTNotFound
224645,"{{1, 5, 8, 11, 14}, {2, 6, 10, 13}, {3, 9, 12}, {4, 15}, {7}}","{{1, 3, 4, 7, 9}, {2, 6, 10, 12}, {5, 11, 13}, {8, 14}, {15}}",False,,,,False,FlipSYTNotFound
224689,"{{1, 3, 7, 9, 14}, {2, 5, 8, 13}, {4, 6, 12}, {10, 11}, {15}}","{{1, 3, 4, 5, 6}, {2, 8, 10, 12}, {7, 11, 14}, {9, 15}, {13}}",False,,,,False,FlipSYTNotFound
224691,"{{1, 4, 7, 10, 12}, {2, 6, 11, 13}, {3, 9, 14}, {5, 15}, {8}}","{{1, 5, 7, 8, 11}, {2, 6, 9, 10}, {3, 12, 13}, {4, 14}, {15}}",False,,,,False,FlipSYTNotFound
224755,"{{1, 3, 7, 8, 14}, {2, 5, 9, 13}, {4, 6, 12}, {10, 11}, {15}}","{{1, 3, 4, 5, 6}, {2, 9, 10, 12}, {7, 11, 14}, {8, 15}, {13}}",False,,,,False,FlipSYTNotFound
224828,"{{1, 2, 6, 7, 13}, {3, 4, 9, 11}, {5, 8, 12}, {10, 14}, {15}}","{{1, 4, 6, 8, 11}, {2, 7, 12, 13}, {3, 10, 15}, {5, 14}, {9}}",False,,,,False,FlipSYTNotFound
225076,"{{1, 2, 4, 8, 14}, {3, 5, 6, 13}, {7, 9, 12}, {10, 11}, {15}}","{{1, 3, 4, 5, 6}, {2, 9, 11, 13}, {7, 10, 15}, {8, 14}, {12}}",False,,,,False,FlipSYTNotFound
225112,"{{1, 4, 7, 9, 12}, {2, 6, 11, 13}, {3, 10, 14}, {5, 15}, {8}}","{{1, 5, 6, 8, 11}, {2, 7, 9, 10}, {3, 12, 13}, {4, 14}, {15}}",False,,,,False,FlipSYTNotFound
225176,"{{1, 2, 4, 7, 14}, {3, 5, 6, 13}, {8, 9, 12}, {10, 11}, {15}}","{{1, 3, 4, 5, 6}, {2, 8, 11, 13}, {7, 10, 15}, {9, 14}, {12}}",False,,,,False,FlipSYTNotFound
225196,"{{1, 3, 6, 9, 12}, {2, 8, 11, 13}, {4, 10, 14}, {5, 15}, {7}}","{{1, 5, 6, 9, 14}, {2, 7, 8, 11}, {3, 10, 12}, {4, 13}, {15}}",False,,,,False,FlipSYTNotFound
225258,"{{1, 2, 4, 11, 14}, {3, 5, 10, 13}, {6, 7, 12}, {8, 15}, {9}}","{{1, 3, 4, 7, 10}, {2, 6, 8, 13}, {5, 9, 15}, {11, 14}, {12}}",False,,,,False,FlipSYTNotFound
225327,"{{1, 3, 5, 9, 12}, {2, 7, 11, 13}, {4, 10, 14}, {6, 15}, {8}}","{{1, 5, 6, 8, 14}, {2, 7, 9, 10}, {3, 11, 12}, {4, 13}, {15}}",False,,,,False,FlipSYTNotFound
225358,"{{1, 3, 6, 9, 12}, {2, 7, 11, 13}, {4, 10, 14}, {5, 15}, {8}}","{{1, 5, 6, 8, 14}, {2, 7, 9, 11}, {3, 10, 12}, {4, 13}, {15}}",False,,,,False,FlipSYTNotFound
225629,"{{1, 3, 6, 8, 12}, {2, 4, 11, 13}, {5, 10, 14}, {7, 15}, {9}}","{{1, 5, 6, 7, 14}, {2, 8, 9, 11}, {3, 10, 15}, {4, 12}, {13}}",False,,,,False,FlipSYTNotFound
225714,"{{1, 2, 3, 6, 13}, {4, 5, 7, 10}, {8, 11, 15}, {9, 14}, {12}}","{{1, 2, 4, 11, 12}, {3, 5, 7, 15}, {6, 8, 14}, {9, 13}, {10}}",False,,,,False,FlipSYTNotFound
226285,"{{1, 4, 5, 9, 13}, {2, 6, 8, 10}, {3, 7, 15}, {11, 14}, {12}}","{{1, 2, 4, 9, 13}, {3, 5, 8, 14}, {6, 10, 12}, {7, 15}, {11}}",False,,,,False,FlipSYTNotFound
226380,"{{1, 3, 5, 9, 13}, {2, 4, 8, 10}, {6, 7, 15}, {11, 14}, {12}}","{{1, 2, 4, 9, 10}, {3, 5, 8, 14}, {6, 11, 12}, {7, 15}, {13}}",False,,,,False,FlipSYTNotFound
226485,"{{1, 4, 5, 8, 13}, {2, 6, 9, 10}, {3, 7, 15}, {11, 14}, {12}}","{{1, 2, 4, 9, 13}, {3, 5, 7, 14}, {6, 10, 12}, {8, 15}, {11}}",False,,,,False,FlipSYTNotFound
226567,"{{1, 4, 5, 7, 13}, {2, 6, 9, 10}, {3, 8, 15}, {11, 14}, {12}}","{{1, 2, 4, 8, 13}, {3, 5, 7, 14}, {6, 10, 12}, {9, 15}, {11}}",False,,,,False,FlipSYTNotFound
226683,"{{1, 2, 4, 11, 14}, {3, 5, 6, 13}, {7, 8, 12}, {9, 15}, {10}}","{{1, 3, 4, 6, 9}, {2, 7, 11, 13}, {5, 8, 15}, {10, 14}, {12}}",False,,,,False,FlipSYTNotFound
226703,"{{1, 2, 4, 11, 14}, {3, 6, 7, 13}, {5, 8, 12}, {9, 15}, {10}}","{{1, 3, 4, 6, 11}, {2, 7, 10, 13}, {5, 8, 15}, {9, 14}, {12}}",False,,,,False,FlipSYTNotFound
226762,"{{1, 2, 7, 10, 14}, {3, 4, 9, 13}, {5, 6, 11}, {8, 12}, {15}}","{{1, 3, 4, 8, 11}, {2, 7, 10, 13}, {5, 12, 15}, {6, 14}, {9}}",False,,,,False,FlipSYTNotFound
226828,"{{1, 2, 4, 10, 14}, {3, 7, 9, 13}, {5, 8, 11}, {6, 12}, {15}}","{{1, 3, 4, 8, 10}, {2, 7, 9, 11}, {5, 13, 15}, {6, 14}, {12}}",False,,,,False,FlipSYTNotFound
226869,"{{1, 4, 5, 8, 13}, {2, 6, 7, 9}, {3, 10, 15}, {11, 14}, {12}}","{{1, 2, 4, 10, 13}, {3, 5, 9, 14}, {6, 11, 12}, {7, 15}, {8}}",False,,,,False,FlipSYTNotFound
227015,"{{1, 3, 4, 10, 14}, {2, 6, 8, 13}, {5, 9, 11}, {7, 12}, {15}}","{{1, 3, 4, 7, 9}, {2, 8, 10, 11}, {5, 13, 14}, {6, 15}, {12}}",False,,,,False,FlipSYTNotFound
227064,"{{1, 4, 5, 7, 13}, {2, 6, 8, 9}, {3, 10, 15}, {11, 14}, {12}}","{{1, 2, 4, 10, 13}, {3, 5, 8, 14}, {6, 11, 12}, {7, 15}, {9}}",False,,,,False,FlipSYTNotFound
227139,"{{1, 5, 8, 10, 12}, {2, 7, 9, 13}, {3, 11, 14}, {4, 15}, {6}}","{{1, 5, 7, 9, 10}, {2, 6, 11, 12}, {3, 8, 13}, {4, 14}, {15}}",False,,,,False,FlipSYTNotFound
227326,"{{1, 2, 8, 10, 12}, {3, 4, 9, 13}, {5, 11, 14}, {6, 15}, {7}}","{{1, 5, 7, 9, 13}, {2, 6, 10, 15}, {3, 8, 11}, {4, 12}, {14}}",False,,,,False,FlipSYTNotFound
227390,"{{1, 3, 4, 10, 12}, {2, 8, 9, 13}, {5, 11, 14}, {6, 15}, {7}}","{{1, 5, 7, 8, 9}, {2, 6, 10, 14}, {3, 11, 13}, {4, 12}, {15}}",False,,,,False,FlipSYTNotFound
227494,"{{1, 5, 8, 9, 14}, {2, 6, 11, 13}, {3, 10, 12}, {4, 15}, {7}}","{{1, 3, 4, 6, 9}, {2, 8, 10, 12}, {5, 11, 13}, {7, 14}, {15}}",False,,,,False,FlipSYTNotFound
227989,"{{1, 4, 5, 10, 12}, {2, 6, 7, 13}, {3, 11, 14}, {8, 15}, {9}}","{{1, 5, 7, 10, 13}, {2, 6, 8, 14}, {3, 9, 12}, {4, 11}, {15}}",False,,,,False,FlipSYTNotFound
228093,"{{1, 5, 8, 9, 12}, {2, 7, 10, 13}, {3, 11, 14}, {4, 15}, {6}}","{{1, 5, 8, 9, 10}, {2, 6, 11, 12}, {3, 7, 13}, {4, 14}, {15}}",False,,,,False,FlipSYTNotFound
228185,"{{1, 4, 5, 9, 12}, {2, 6, 10, 13}, {3, 11, 14}, {7, 15}, {8}}","{{1, 5, 8, 12, 13}, {2, 6, 9, 14}, {3, 7, 10}, {4, 11}, {15}}",False,,,,False,FlipSYTNotFound
228270,"{{1, 3, 5, 7, 14}, {2, 6, 11, 13}, {4, 10, 12}, {8, 15}, {9}}","{{1, 3, 4, 6, 7}, {2, 8, 12, 14}, {5, 10, 13}, {9, 11}, {15}}",False,,,,False,FlipSYTNotFound
228370,"{{1, 3, 4, 9, 14}, {2, 6, 8, 13}, {5, 10, 11}, {7, 12}, {15}}","{{1, 3, 4, 6, 9}, {2, 8, 10, 11}, {5, 13, 14}, {7, 15}, {12}}",False,,,,False,FlipSYTNotFound
228671,"{{1, 2, 4, 9, 14}, {3, 5, 6, 13}, {7, 10, 11}, {8, 12}, {15}}","{{1, 3, 4, 6, 8}, {2, 9, 11, 13}, {5, 10, 15}, {7, 14}, {12}}",False,,,,False,FlipSYTNotFound
228681,"{{1, 4, 5, 8, 12}, {2, 6, 10, 13}, {3, 11, 14}, {7, 15}, {9}}","{{1, 5, 7, 12, 13}, {2, 6, 9, 14}, {3, 8, 10}, {4, 11}, {15}}",False,,,,False,FlipSYTNotFound
228695,"{{1, 4, 6, 7, 12}, {2, 5, 10, 13}, {3, 11, 14}, {8, 15}, {9}}","{{1, 5, 7, 11, 13}, {2, 6, 8, 14}, {3, 9, 10}, {4, 12}, {15}}",False,,,,False,FlipSYTNotFound
228824,"{{1, 2, 3, 11, 12}, {4, 5, 9, 13}, {6, 10, 15}, {7, 14}, {8}}","{{1, 2, 6, 8, 12}, {3, 5, 9, 15}, {4, 7, 10}, {11, 14}, {13}}",False,,,,False,FlipSYTNotFound
228932,"{{1, 4, 5, 6, 12}, {2, 7, 10, 13}, {3, 11, 14}, {8, 15}, {9}}","{{1, 5, 7, 12, 13}, {2, 6, 8, 14}, {3, 9, 11}, {4, 10}, {15}}",False,,,,False,FlipSYTNotFound
228992,"{{1, 2, 4, 7, 13}, {3, 5, 6, 11}, {8, 9, 10}, {12, 14}, {15}}","{{1, 4, 6, 7, 8}, {2, 5, 11, 13}, {3, 10, 15}, {9, 14}, {12}}",False,,,,False,FlipSYTNotFound
229091,"{{1, 3, 5, 7, 14}, {2, 6, 11, 13}, {4, 9, 12}, {8, 15}, {10}}","{{1, 3, 4, 6, 8}, {2, 7, 12, 14}, {5, 10, 13}, {9, 11}, {15}}",False,,,,False,FlipSYTNotFound
229137,"{{1, 4, 5, 11, 12}, {2, 6, 9, 13}, {3, 7, 15}, {8, 14}, {10}}","{{1, 2, 6, 8, 13}, {3, 5, 7, 14}, {4, 9, 12}, {10, 15}, {11}}",False,,,,False,FlipSYTNotFound
229140,"{{1, 4, 5, 9, 12}, {2, 6, 7, 13}, {3, 11, 14}, {8, 15}, {10}}","{{1, 5, 6, 10, 13}, {2, 7, 8, 14}, {3, 9, 12}, {4, 11}, {15}}",False,,,,False,FlipSYTNotFound
229196,"{{1, 2, 4, 8, 14}, {3, 5, 6, 13}, {7, 10, 11}, {9, 12}, {15}}","{{1, 3, 4, 6, 7}, {2, 9, 11, 13}, {5, 10, 15}, {8, 14}, {12}}",False,,,,False,FlipSYTNotFound
229245,"{{1, 4, 5, 8, 12}, {2, 6, 9, 13}, {3, 11, 14}, {7, 15}, {10}}","{{1, 5, 6, 12, 13}, {2, 7, 9, 14}, {3, 8, 10}, {4, 11}, {15}}",False,,,,False,FlipSYTNotFound
229298,"{{1, 2, 4, 7, 14}, {3, 5, 6, 13}, {8, 10, 11}, {9, 12}, {15}}","{{1, 3, 4, 6, 7}, {2, 8, 11, 13}, {5, 10, 15}, {9, 14}, {12}}",False,,,,False,FlipSYTNotFound
229403,"{{1, 2, 4, 5, 13}, {3, 7, 9, 10}, {6, 8, 11}, {12, 14}, {15}}","{{1, 4, 7, 8, 10}, {2, 5, 13, 15}, {3, 9, 14}, {6, 12}, {11}}",False,,,,False,FlipSYTNotFound
229469,"{{1, 4, 5, 11, 12}, {2, 6, 8, 13}, {3, 7, 15}, {9, 14}, {10}}","{{1, 2, 6, 9, 13}, {3, 5, 7, 14}, {4, 8, 12}, {10, 15}, {11}}",False,,,,False,FlipSYTNotFound
229647,"{{1, 2, 4, 11, 12}, {3, 6, 8, 13}, {5, 7, 15}, {9, 14}, {10}}","{{1, 2, 6, 9, 11}, {3, 5, 7, 15}, {4, 8, 13}, {10, 14}, {12}}",False,,,,False,FlipSYTNotFound
229659,"{{1, 6, 9, 10, 12}, {2, 7, 11, 13}, {3, 8, 15}, {4, 14}, {5}}","{{1, 2, 7, 8, 11}, {3, 5, 9, 12}, {4, 6, 13}, {10, 14}, {15}}",False,,,,False,FlipSYTNotFound
230034,"{{1, 2, 4, 8, 14}, {3, 5, 6, 13}, {7, 9, 11}, {10, 12}, {15}}","{{1, 3, 4, 6, 9}, {2, 7, 11, 13}, {5, 10, 15}, {8, 14}, {12}}",False,,,,False,FlipSYTNotFound
230035,"{{1, 6, 8, 9, 14}, {2, 7, 10, 13}, {3, 11, 12}, {4, 15}, {5}}","{{1, 3, 4, 5, 11}, {2, 8, 9, 12}, {6, 10, 13}, {7, 14}, {15}}",False,,,,False,FlipSYTNotFound
230045,"{{1, 4, 5, 6, 12}, {2, 7, 9, 13}, {3, 11, 14}, {8, 15}, {10}}","{{1, 5, 6, 12, 13}, {2, 7, 8, 14}, {3, 9, 11}, {4, 10}, {15}}",False,,,,False,FlipSYTNotFound
230052,"{{1, 5, 8, 9, 14}, {2, 6, 10, 13}, {3, 11, 12}, {4, 15}, {7}}","{{1, 3, 4, 5, 9}, {2, 8, 10, 12}, {6, 11, 13}, {7, 14}, {15}}",False,,,,False,FlipSYTNotFound
230147,"{{1, 2, 4, 7, 14}, {3, 5, 6, 13}, {8, 9, 11}, {10, 12}, {15}}","{{1, 3, 4, 6, 8}, {2, 7, 11, 13}, {5, 10, 15}, {9, 14}, {12}}",False,,,,False,FlipSYTNotFound
230150,"{{1, 2, 3, 10, 12}, {4, 8, 11, 13}, {5, 9, 15}, {6, 14}, {7}}","{{1, 2, 7, 9, 15}, {3, 5, 8, 10}, {4, 6, 11}, {12, 14}, {13}}",False,,,,False,FlipSYTNotFound
230169,"{{1, 3, 6, 10, 12}, {2, 7, 11, 13}, {4, 8, 15}, {5, 14}, {9}}","{{1, 2, 7, 11, 14}, {3, 5, 8, 12}, {4, 6, 9}, {10, 13}, {15}}",False,,,,False,FlipSYTNotFound
230333,"{{1, 2, 5, 11, 12}, {3, 4, 9, 13}, {6, 8, 10}, {7, 14}, {15}}","{{1, 5, 6, 8, 9}, {2, 7, 10, 13}, {3, 12, 15}, {4, 14}, {11}}",False,,,,False,FlipSYTNotFound
230567,"{{1, 2, 3, 9, 12}, {4, 8, 11, 13}, {5, 10, 15}, {6, 14}, {7}}","{{1, 2, 6, 9, 15}, {3, 5, 8, 10}, {4, 7, 11}, {12, 14}, {13}}",False,,,,False,FlipSYTNotFound
230652,"{{1, 2, 4, 11, 12}, {3, 5, 6, 13}, {7, 9, 10}, {8, 14}, {15}}","{{1, 5, 6, 7, 8}, {2, 9, 11, 13}, {3, 10, 15}, {4, 14}, {12}}",False,,,,False,FlipSYTNotFound
230675,"{{1, 3, 4, 11, 12}, {2, 6, 8, 13}, {5, 9, 10}, {7, 14}, {15}}","{{1, 5, 6, 7, 9}, {2, 8, 10, 11}, {3, 13, 14}, {4, 15}, {12}}",False,,,,False,FlipSYTNotFound
230825,"{{1, 4, 5, 6, 14}, {2, 8, 10, 13}, {3, 11, 12}, {7, 15}, {9}}","{{1, 3, 4, 5, 7}, {2, 8, 9, 13}, {6, 11, 12}, {10, 14}, {15}}",False,,,,False,FlipSYTNotFound
230907,"{{1, 3, 5, 7, 14}, {2, 6, 10, 13}, {4, 11, 12}, {8, 15}, {9}}","{{1, 3, 4, 5, 7}, {2, 8, 12, 14}, {6, 10, 13}, {9, 11}, {15}}",False,,,,False,FlipSYTNotFound
231168,"{{1, 3, 8, 11, 14}, {2, 5, 10, 12}, {4, 6, 13}, {7, 9}, {15}}","{{1, 3, 6, 7, 9}, {2, 8, 10, 12}, {4, 11, 14}, {5, 15}, {13}}",False,,,,False,FlipSYTNotFound
231194,"{{1, 3, 9, 11, 14}, {2, 5, 10, 12}, {4, 6, 13}, {7, 8}, {15}}","{{1, 3, 6, 8, 9}, {2, 7, 10, 12}, {4, 11, 14}, {5, 15}, {13}}",False,,,,False,FlipSYTNotFound
231212,"{{1, 2, 4, 10, 12}, {3, 7, 9, 13}, {5, 8, 11}, {6, 14}, {15}}","{{1, 5, 7, 8, 10}, {2, 6, 9, 11}, {3, 13, 15}, {4, 14}, {12}}",False,,,,False,FlipSYTNotFound
231272,"{{1, 3, 9, 11, 14}, {2, 5, 10, 12}, {4, 7, 13}, {6, 8}, {15}}","{{1, 3, 6, 8, 10}, {2, 7, 9, 12}, {4, 11, 14}, {5, 15}, {13}}",False,,,,False,FlipSYTNotFound
231287,"{{1, 4, 9, 11, 14}, {2, 6, 10, 12}, {3, 7, 13}, {5, 8}, {15}}","{{1, 3, 6, 8, 11}, {2, 7, 9, 13}, {4, 10, 14}, {5, 15}, {12}}",False,,,,False,FlipSYTNotFound
231300,"{{1, 3, 8, 11, 14}, {2, 5, 10, 12}, {4, 7, 13}, {6, 9}, {15}}","{{1, 3, 6, 7, 10}, {2, 8, 9, 12}, {4, 11, 14}, {5, 15}, {13}}",False,,,,False,FlipSYTNotFound
231339,"{{1, 3, 6, 10, 12}, {2, 7, 8, 13}, {4, 9, 11}, {5, 14}, {15}}","{{1, 5, 7, 9, 11}, {2, 6, 8, 12}, {3, 13, 14}, {4, 15}, {10}}",False,,,,False,FlipSYTNotFound
231434,"{{1, 3, 6, 10, 12}, {2, 5, 7, 13}, {4, 9, 11}, {8, 14}, {15}}","{{1, 5, 7, 8, 12}, {2, 6, 9, 11}, {3, 13, 14}, {4, 15}, {10}}",False,,,,False,FlipSYTNotFound
231500,"{{1, 3, 5, 8, 14}, {2, 6, 9, 13}, {4, 11, 12}, {7, 15}, {10}}","{{1, 3, 4, 5, 6}, {2, 9, 12, 14}, {7, 10, 13}, {8, 11}, {15}}",False,,,,False,FlipSYTNotFound
231513,"{{1, 2, 4, 10, 12}, {3, 6, 9, 13}, {5, 7, 11}, {8, 14}, {15}}","{{1, 5, 7, 8, 11}, {2, 6, 9, 13}, {3, 10, 15}, {4, 14}, {12}}",False,,,,False,FlipSYTNotFound
231564,"{{1, 3, 7, 11, 14}, {2, 5, 10, 12}, {4, 6, 13}, {8, 9}, {15}}","{{1, 3, 6, 7, 8}, {2, 9, 10, 12}, {4, 11, 14}, {5, 15}, {13}}",False,,,,False,FlipSYTNotFound
231751,"{{1, 4, 5, 11, 14}, {2, 6, 9, 12}, {3, 7, 13}, {8, 10}, {15}}","{{1, 3, 6, 8, 13}, {2, 7, 9, 14}, {4, 10, 12}, {5, 15}, {11}}",False,,,,False,FlipSYTNotFound
231810,"{{1, 3, 5, 7, 14}, {2, 6, 9, 13}, {4, 11, 12}, {8, 15}, {10}}","{{1, 3, 4, 5, 6}, {2, 8, 12, 14}, {7, 10, 13}, {9, 11}, {15}}",False,,,,False,FlipSYTNotFound
231851,"{{1, 2, 4, 10, 12}, {3, 6, 8, 13}, {5, 7, 11}, {9, 14}, {15}}","{{1, 5, 7, 9, 11}, {2, 6, 8, 13}, {3, 10, 15}, {4, 14}, {12}}",False,,,,False,FlipSYTNotFound
232003,"{{1, 3, 6, 7, 12}, {2, 8, 11, 13}, {4, 9, 15}, {5, 14}, {10}}","{{1, 2, 6, 11, 14}, {3, 5, 7, 12}, {4, 8, 10}, {9, 13}, {15}}",False,,,,False,FlipSYTNotFound
232011,"{{1, 3, 5, 7, 14}, {2, 6, 8, 13}, {4, 11, 12}, {9, 15}, {10}}","{{1, 3, 4, 5, 6}, {2, 7, 12, 14}, {8, 10, 13}, {9, 11}, {15}}",False,,,,False,FlipSYTNotFound
232042,"{{1, 3, 5, 9, 12}, {2, 6, 10, 13}, {4, 8, 11}, {7, 14}, {15}}","{{1, 5, 8, 9, 14}, {2, 6, 10, 12}, {3, 11, 13}, {4, 15}, {7}}",False,,,,False,FlipSYTNotFound
232093,"{{1, 2, 5, 11, 14}, {3, 4, 8, 12}, {6, 9, 13}, {7, 10}, {15}}","{{1, 3, 6, 9, 13}, {2, 7, 10, 15}, {4, 8, 12}, {5, 14}, {11}}",False,,,,False,FlipSYTNotFound
232259,"{{1, 2, 5, 9, 12}, {3, 4, 10, 13}, {6, 8, 11}, {7, 14}, {15}}","{{1, 5, 8, 9, 13}, {2, 6, 10, 12}, {3, 11, 15}, {4, 14}, {7}}",False,,,,False,FlipSYTNotFound
232322,"{{1, 3, 8, 10, 14}, {2, 5, 11, 12}, {4, 7, 13}, {6, 9}, {15}}","{{1, 3, 5, 7, 10}, {2, 8, 9, 12}, {4, 11, 14}, {6, 15}, {13}}",False,,,,False,FlipSYTNotFound
232351,"{{1, 4, 5, 11, 14}, {2, 6, 8, 12}, {3, 7, 13}, {9, 10}, {15}}","{{1, 3, 6, 7, 13}, {2, 8, 9, 14}, {4, 10, 12}, {5, 15}, {11}}",False,,,,False,FlipSYTNotFound
232378,"{{1, 3, 9, 10, 14}, {2, 5, 11, 12}, {4, 7, 13}, {6, 8}, {15}}","{{1, 3, 5, 8, 10}, {2, 7, 9, 12}, {4, 11, 14}, {6, 15}, {13}}",False,,,,False,FlipSYTNotFound
232388,"{{1, 2, 3, 5, 12}, {4, 6, 11, 13}, {7, 9, 15}, {8, 14}, {10}}","{{1, 2, 6, 8, 15}, {3, 5, 7, 14}, {4, 9, 12}, {10, 13}, {11}}",False,,,,False,FlipSYTNotFound
232419,"{{1, 3, 4, 6, 12}, {2, 7, 10, 13}, {5, 9, 11}, {8, 14}, {15}}","{{1, 5, 7, 8, 14}, {2, 6, 9, 11}, {3, 12, 13}, {4, 15}, {10}}",False,,,,False,FlipSYTNotFound
232494,"{{1, 4, 9, 10, 14}, {2, 5, 11, 12}, {3, 7, 13}, {6, 8}, {15}}","{{1, 3, 5, 8, 10}, {2, 7, 9, 13}, {4, 11, 14}, {6, 15}, {12}}",False,,,,False,FlipSYTNotFound
232558,"{{1, 3, 9, 10, 14}, {2, 5, 11, 12}, {4, 6, 13}, {7, 8}, {15}}","{{1, 3, 5, 8, 9}, {2, 7, 10, 12}, {4, 11, 14}, {6, 15}, {13}}",False,,,,False,FlipSYTNotFound
232562,"{{1, 3, 8, 10, 14}, {2, 5, 11, 12}, {4, 6, 13}, {7, 9}, {15}}","{{1, 3, 5, 7, 9}, {2, 8, 10, 12}, {4, 11, 14}, {6, 15}, {13}}",False,,,,False,FlipSYTNotFound
232569,"{{1, 2, 4, 10, 14}, {3, 5, 9, 13}, {6, 7, 12}, {8, 15}, {11}}","{{1, 3, 4, 5, 10}, {2, 7, 8, 13}, {6, 9, 15}, {11, 14}, {12}}",False,,,,False,FlipSYTNotFound
232612,"{{1, 3, 7, 10, 14}, {2, 5, 11, 12}, {4, 6, 13}, {8, 9}, {15}}","{{1, 3, 5, 7, 8}, {2, 9, 10, 12}, {4, 11, 14}, {6, 15}, {13}}",False,,,,False,FlipSYTNotFound
232682,"{{1, 5, 6, 10, 12}, {2, 8, 9, 13}, {3, 11, 15}, {4, 14}, {7}}","{{1, 2, 7, 8, 9}, {3, 5, 11, 12}, {4, 6, 13}, {10, 14}, {15}}",False,,,,False,FlipSYTNotFound
232880,"{{1, 3, 8, 9, 14}, {2, 5, 11, 12}, {4, 7, 13}, {6, 10}, {15}}","{{1, 3, 5, 6, 10}, {2, 8, 9, 12}, {4, 11, 14}, {7, 15}, {13}}",False,,,,False,FlipSYTNotFound
232939,"{{1, 3, 8, 9, 14}, {2, 5, 11, 12}, {4, 6, 13}, {7, 10}, {15}}","{{1, 3, 5, 6, 9}, {2, 8, 10, 12}, {4, 11, 14}, {7, 15}, {13}}",False,,,,False,FlipSYTNotFound
233009,"{{1, 3, 7, 9, 14}, {2, 5, 11, 12}, {4, 6, 13}, {8, 10}, {15}}","{{1, 3, 5, 6, 8}, {2, 9, 10, 12}, {4, 11, 14}, {7, 15}, {13}}",False,,,,False,FlipSYTNotFound
233086,"{{1, 4, 5, 6, 12}, {2, 7, 8, 13}, {3, 10, 14}, {9, 15}, {11}}","{{1, 5, 7, 12, 13}, {2, 6, 9, 14}, {3, 8, 11}, {4, 10}, {15}}",False,,,,False,FlipSYTNotFound
233088,"{{1, 5, 8, 9, 12}, {2, 7, 10, 13}, {3, 11, 15}, {4, 14}, {6}}","{{1, 2, 8, 9, 10}, {3, 5, 11, 12}, {4, 6, 13}, {7, 14}, {15}}",False,,,,False,FlipSYTNotFound
233146,"{{1, 2, 4, 10, 14}, {3, 5, 6, 13}, {7, 8, 12}, {9, 15}, {11}}","{{1, 3, 4, 5, 9}, {2, 7, 11, 13}, {6, 8, 15}, {10, 14}, {12}}",False,,,,False,FlipSYTNotFound
233206,"{{1, 6, 7, 9, 12}, {2, 8, 10, 13}, {3, 11, 15}, {4, 14}, {5}}","{{1, 2, 8, 10, 11}, {3, 5, 9, 12}, {4, 6, 13}, {7, 14}, {15}}",False,,,,False,FlipSYTNotFound
233254,"{{1, 2, 5, 10, 12}, {3, 4, 7, 13}, {6, 11, 15}, {8, 14}, {9}}","{{1, 2, 7, 10, 13}, {3, 5, 8, 15}, {4, 6, 9}, {11, 12}, {14}}",False,,,,False,FlipSYTNotFound
233429,"{{1, 3, 7, 8, 14}, {2, 5, 11, 12}, {4, 6, 13}, {9, 10}, {15}}","{{1, 3, 5, 6, 7}, {2, 9, 10, 12}, {4, 11, 14}, {8, 15}, {13}}",False,,,,False,FlipSYTNotFound
233463,"{{1, 3, 5, 8, 12}, {2, 6, 9, 13}, {4, 10, 11}, {7, 14}, {15}}","{{1, 5, 6, 9, 14}, {2, 7, 10, 12}, {3, 11, 13}, {4, 15}, {8}}",False,,,,False,FlipSYTNotFound
233628,"{{1, 3, 6, 8, 12}, {2, 5, 7, 13}, {4, 10, 11}, {9, 14}, {15}}","{{1, 5, 6, 7, 12}, {2, 8, 9, 11}, {3, 13, 14}, {4, 15}, {10}}",False,,,,False,FlipSYTNotFound
233639,"{{1, 3, 4, 6, 12}, {2, 7, 9, 13}, {5, 10, 11}, {8, 14}, {15}}","{{1, 5, 6, 8, 14}, {2, 7, 9, 11}, {3, 12, 13}, {4, 15}, {10}}",False,,,,False,FlipSYTNotFound
233705,"{{1, 4, 5, 8, 12}, {2, 6, 10, 13}, {3, 11, 15}, {7, 14}, {9}}","{{1, 2, 7, 12, 13}, {3, 5, 9, 14}, {4, 6, 10}, {8, 11}, {15}}",False,,,,False,FlipSYTNotFound
233707,"{{1, 4, 5, 9, 12}, {2, 6, 10, 13}, {3, 11, 15}, {7, 14}, {8}}","{{1, 2, 8, 12, 13}, {3, 5, 9, 14}, {4, 6, 10}, {7, 11}, {15}}",False,,,,False,FlipSYTNotFound
233750,"{{1, 2, 3, 4, 14}, {5, 8, 10, 13}, {6, 9, 12}, {7, 15}, {11}}","{{1, 3, 4, 5, 9}, {2, 7, 10, 15}, {6, 8, 14}, {11, 13}, {12}}",False,,,,False,FlipSYTNotFound
234168,"{{1, 2, 4, 9, 12}, {3, 6, 8, 13}, {5, 7, 11}, {10, 14}, {15}}","{{1, 5, 6, 9, 11}, {2, 7, 8, 13}, {3, 10, 15}, {4, 14}, {12}}",False,,,,False,FlipSYTNotFound
234217,"{{1, 4, 5, 10, 14}, {2, 6, 9, 12}, {3, 7, 13}, {8, 11}, {15}}","{{1, 3, 5, 8, 13}, {2, 7, 9, 14}, {4, 10, 12}, {6, 15}, {11}}",False,,,,False,FlipSYTNotFound
234250,"{{1, 3, 9, 10, 11}, {2, 6, 12, 13}, {4, 8, 14}, {5, 15}, {7}}","{{1, 4, 7, 8, 9}, {2, 6, 10, 11}, {3, 12, 14}, {5, 13}, {15}}",False,,,,False,FlipSYTNotFound
234345,"{{1, 3, 6, 10, 11}, {2, 8, 12, 13}, {4, 9, 14}, {5, 15}, {7}}","{{1, 4, 7, 9, 14}, {2, 6, 8, 11}, {3, 10, 12}, {5, 13}, {15}}",False,,,,False,FlipSYTNotFound
234505,"{{1, 4, 5, 10, 14}, {2, 6, 8, 12}, {3, 7, 13}, {9, 11}, {15}}","{{1, 3, 5, 7, 13}, {2, 8, 9, 14}, {4, 10, 12}, {6, 15}, {11}}",False,,,,False,FlipSYTNotFound
234544,"{{1, 4, 7, 10, 11}, {2, 6, 12, 13}, {3, 9, 14}, {5, 15}, {8}}","{{1, 4, 7, 8, 11}, {2, 6, 9, 10}, {3, 12, 13}, {5, 14}, {15}}",False,,,,False,FlipSYTNotFound
234625,"{{1, 3, 5, 7, 14}, {2, 6, 9, 13}, {4, 10, 12}, {8, 15}, {11}}","{{1, 3, 4, 5, 8}, {2, 6, 12, 14}, {7, 10, 13}, {9, 11}, {15}}",False,,,,False,FlipSYTNotFound
234649,"{{1, 4, 5, 8, 12}, {2, 6, 9, 13}, {3, 11, 15}, {7, 14}, {10}}","{{1, 2, 6, 12, 13}, {3, 5, 9, 14}, {4, 7, 10}, {8, 11}, {15}}",False,,,,False,FlipSYTNotFound
234674,"{{1, 4, 6, 7, 12}, {2, 5, 9, 13}, {3, 11, 15}, {8, 14}, {10}}","{{1, 2, 6, 11, 13}, {3, 5, 8, 14}, {4, 7, 10}, {9, 12}, {15}}",False,,,,False,FlipSYTNotFound
234817,"{{1, 4, 6, 7, 12}, {2, 5, 8, 13}, {3, 11, 15}, {9, 14}, {10}}","{{1, 2, 6, 11, 13}, {3, 5, 7, 14}, {4, 8, 10}, {9, 12}, {15}}",False,,,,False,FlipSYTNotFound
234962,"{{1, 4, 5, 9, 14}, {2, 6, 10, 12}, {3, 7, 13}, {8, 11}, {15}}","{{1, 3, 5, 8, 13}, {2, 6, 9, 14}, {4, 10, 12}, {7, 15}, {11}}",False,,,,False,FlipSYTNotFound
235058,"{{1, 3, 4, 9, 12}, {2, 5, 6, 13}, {7, 8, 10}, {11, 14}, {15}}","{{1, 5, 8, 9, 14}, {2, 6, 10, 11}, {3, 7, 15}, {4, 13}, {12}}",False,,,,False,FlipSYTNotFound
235116,"{{1, 2, 3, 9, 12}, {4, 5, 7, 13}, {6, 8, 10}, {11, 14}, {15}}","{{1, 5, 8, 10, 12}, {2, 6, 9, 11}, {3, 7, 15}, {4, 14}, {13}}",False,,,,False,FlipSYTNotFound
235145,"{{1, 4, 7, 9, 11}, {2, 6, 12, 13}, {3, 10, 14}, {5, 15}, {8}}","{{1, 4, 6, 8, 11}, {2, 7, 9, 10}, {3, 12, 13}, {5, 14}, {15}}",False,,,,False,FlipSYTNotFound
235180,"{{1, 3, 6, 9, 11}, {2, 8, 12, 13}, {4, 10, 14}, {5, 15}, {7}}","{{1, 4, 6, 9, 14}, {2, 7, 8, 11}, {3, 10, 12}, {5, 13}, {15}}",False,,,,False,FlipSYTNotFound
235201,"{{1, 3, 5, 7, 14}, {2, 6, 8, 13}, {4, 10, 12}, {9, 15}, {11}}","{{1, 3, 4, 5, 7}, {2, 6, 12, 14}, {8, 10, 13}, {9, 11}, {15}}",False,,,,False,FlipSYTNotFound
235263,"{{1, 2, 4, 7, 14}, {3, 5, 6, 13}, {8, 10, 12}, {9, 15}, {11}}","{{1, 3, 4, 5, 7}, {2, 6, 11, 13}, {8, 10, 15}, {9, 14}, {12}}",False,,,,False,FlipSYTNotFound
235364,"{{1, 2, 4, 9, 14}, {3, 5, 8, 13}, {6, 7, 12}, {10, 15}, {11}}","{{1, 3, 4, 5, 10}, {2, 6, 9, 13}, {7, 8, 15}, {11, 14}, {12}}",False,,,,False,FlipSYTNotFound
235437,"{{1, 4, 5, 10, 12}, {2, 6, 9, 13}, {3, 7, 15}, {8, 14}, {11}}","{{1, 2, 5, 8, 13}, {3, 6, 7, 14}, {4, 9, 12}, {10, 15}, {11}}",False,,,,False,FlipSYTNotFound
235459,"{{1, 2, 4, 9, 14}, {3, 6, 7, 13}, {5, 8, 12}, {10, 15}, {11}}","{{1, 3, 4, 5, 11}, {2, 6, 10, 13}, {7, 8, 15}, {9, 14}, {12}}",False,,,,False,FlipSYTNotFound
235493,"{{1, 4, 5, 8, 14}, {2, 6, 10, 12}, {3, 7, 13}, {9, 11}, {15}}","{{1, 3, 5, 7, 13}, {2, 6, 9, 14}, {4, 10, 12}, {8, 15}, {11}}",False,,,,False,FlipSYTNotFound
235509,"{{1, 4, 5, 7, 14}, {2, 6, 10, 12}, {3, 8, 13}, {9, 11}, {15}}","{{1, 3, 5, 7, 13}, {2, 6, 8, 14}, {4, 10, 12}, {9, 15}, {11}}",False,,,,False,FlipSYTNotFound
235667,"{{1, 3, 5, 6, 12}, {2, 4, 7, 13}, {8, 9, 10}, {11, 14}, {15}}","{{1, 5, 7, 8, 14}, {2, 6, 11, 12}, {3, 9, 15}, {4, 13}, {10}}",False,,,,False,FlipSYTNotFound
235669,"{{1, 2, 4, 9, 14}, {3, 5, 6, 13}, {7, 8, 12}, {10, 15}, {11}}","{{1, 3, 4, 5, 9}, {2, 6, 11, 13}, {7, 8, 15}, {10, 14}, {12}}",False,,,,False,FlipSYTNotFound
235701,"{{1, 3, 6, 8, 11}, {2, 7, 12, 13}, {4, 10, 14}, {5, 15}, {9}}","{{1, 4, 6, 7, 14}, {2, 8, 9, 11}, {3, 10, 12}, {5, 13}, {15}}",False,,,,False,FlipSYTNotFound
235843,"{{1, 4, 5, 10, 12}, {2, 6, 8, 13}, {3, 7, 15}, {9, 14}, {11}}","{{1, 2, 5, 9, 13}, {3, 6, 7, 14}, {4, 8, 12}, {10, 15}, {11}}",False,,,,False,FlipSYTNotFound
236076,"{{1, 3, 7, 9, 12}, {2, 4, 10, 13}, {5, 8, 15}, {6, 14}, {11}}","{{1, 2, 5, 10, 14}, {3, 6, 8, 11}, {4, 7, 9}, {12, 15}, {13}}",False,,,,False,FlipSYTNotFound
236099,"{{1, 2, 4, 10, 11}, {3, 6, 9, 13}, {5, 7, 12}, {8, 14}, {15}}","{{1, 4, 7, 8, 11}, {2, 6, 9, 13}, {3, 10, 15}, {5, 14}, {12}}",False,,,,False,FlipSYTNotFound
236115,"{{1, 2, 5, 10, 11}, {3, 4, 9, 13}, {6, 8, 12}, {7, 14}, {15}}","{{1, 4, 7, 8, 9}, {2, 6, 10, 13}, {3, 12, 15}, {5, 14}, {11}}",False,,,,False,FlipSYTNotFound
236238,"{{1, 2, 4, 7, 14}, {3, 5, 6, 13}, {8, 9, 12}, {10, 15}, {11}}","{{1, 3, 4, 5, 8}, {2, 6, 11, 13}, {7, 10, 15}, {9, 14}, {12}}",False,,,,False,FlipSYTNotFound
236317,"{{1, 2, 4, 10, 11}, {3, 6, 8, 13}, {5, 7, 12}, {9, 14}, {15}}","{{1, 4, 7, 9, 11}, {2, 6, 8, 13}, {3, 10, 15}, {5, 14}, {12}}",False,,,,False,FlipSYTNotFound
236328,"{{1, 3, 6, 10, 11}, {2, 5, 7, 13}, {4, 9, 12}, {8, 14}, {15}}","{{1, 4, 7, 8, 12}, {2, 6, 9, 11}, {3, 13, 14}, {5, 15}, {10}}",False,,,,False,FlipSYTNotFound
236344,"{{1, 3, 5, 9, 11}, {2, 4, 12, 13}, {6, 7, 14}, {8, 15}, {10}}","{{1, 4, 6, 10, 14}, {2, 7, 8, 12}, {3, 9, 15}, {5, 11}, {13}}",False,,,,False,FlipSYTNotFound
236390,"{{1, 3, 6, 10, 11}, {2, 7, 8, 13}, {4, 9, 12}, {5, 14}, {15}}","{{1, 4, 7, 9, 11}, {2, 6, 8, 12}, {3, 13, 14}, {5, 15}, {10}}",False,,,,False,FlipSYTNotFound
236649,"{{1, 4, 5, 8, 14}, {2, 6, 7, 12}, {3, 10, 13}, {9, 11}, {15}}","{{1, 3, 5, 7, 13}, {2, 6, 10, 14}, {4, 9, 12}, {8, 15}, {11}}",False,,,,False,FlipSYTNotFound
236752,"{{1, 4, 5, 9, 14}, {2, 6, 7, 12}, {3, 8, 13}, {10, 11}, {15}}","{{1, 3, 5, 6, 13}, {2, 8, 10, 14}, {4, 9, 12}, {7, 15}, {11}}",False,,,,False,FlipSYTNotFound
236824,"{{1, 4, 5, 9, 14}, {2, 6, 8, 12}, {3, 7, 13}, {10, 11}, {15}}","{{1, 3, 5, 6, 13}, {2, 8, 9, 14}, {4, 10, 12}, {7, 15}, {11}}",False,,,,False,FlipSYTNotFound
236890,"{{1, 2, 4, 11, 14}, {3, 5, 6, 13}, {7, 9, 10}, {8, 15}, {12}}","{{1, 3, 4, 7, 8}, {2, 6, 11, 13}, {5, 9, 15}, {10, 14}, {12}}",False,,,,False,FlipSYTNotFound
237019,"{{1, 4, 5, 8, 14}, {2, 6, 9, 12}, {3, 7, 13}, {10, 11}, {15}}","{{1, 3, 5, 6, 13}, {2, 7, 9, 14}, {4, 10, 12}, {8, 15}, {11}}",False,,,,False,FlipSYTNotFound
237100,"{{1, 4, 5, 7, 14}, {2, 6, 9, 12}, {3, 8, 13}, {10, 11}, {15}}","{{1, 3, 5, 6, 13}, {2, 7, 8, 14}, {4, 10, 12}, {9, 15}, {11}}",False,,,,False,FlipSYTNotFound
237153,"{{1, 2, 3, 8, 11}, {4, 6, 10, 13}, {5, 9, 12}, {7, 14}, {15}}","{{1, 4, 7, 9, 15}, {2, 6, 10, 11}, {3, 12, 14}, {5, 13}, {8}}",False,,,,False,FlipSYTNotFound
237158,"{{1, 3, 4, 7, 11}, {2, 6, 10, 13}, {5, 9, 12}, {8, 14}, {15}}","{{1, 4, 7, 8, 14}, {2, 6, 10, 11}, {3, 12, 13}, {5, 15}, {9}}",False,,,,False,FlipSYTNotFound
237192,"{{1, 3, 4, 6, 11}, {2, 7, 10, 13}, {5, 9, 12}, {8, 14}, {15}}","{{1, 4, 7, 8, 14}, {2, 6, 9, 11}, {3, 12, 13}, {5, 15}, {10}}",False,,,,False,FlipSYTNotFound
237201,"{{1, 4, 8, 9, 10}, {2, 6, 12, 13}, {3, 11, 14}, {5, 15}, {7}}","{{1, 4, 5, 9, 11}, {2, 7, 8, 10}, {3, 12, 13}, {6, 14}, {15}}",False,,,,False,FlipSYTNotFound
237251,"{{1, 5, 6, 9, 10}, {2, 7, 12, 13}, {3, 11, 14}, {4, 15}, {8}}","{{1, 4, 5, 8, 12}, {2, 7, 9, 11}, {3, 10, 13}, {6, 14}, {15}}",False,,,,False,FlipSYTNotFound
237305,"{{1, 2, 4, 11, 14}, {3, 5, 6, 13}, {7, 8, 9}, {10, 15}, {12}}","{{1, 3, 4, 8, 9}, {2, 6, 11, 13}, {5, 7, 15}, {10, 14}, {12}}",False,,,,False,FlipSYTNotFound
237309,"{{1, 4, 5, 8, 14}, {2, 6, 7, 12}, {3, 9, 13}, {10, 11}, {15}}","{{1, 3, 5, 6, 13}, {2, 7, 10, 14}, {4, 9, 12}, {8, 15}, {11}}",False,,,,False,FlipSYTNotFound
237347,"{{1, 3, 6, 9, 10}, {2, 7, 12, 13}, {4, 11, 14}, {5, 15}, {8}}","{{1, 4, 5, 8, 14}, {2, 7, 9, 11}, {3, 10, 12}, {6, 13}, {15}}",False,,,,False,FlipSYTNotFound
237395,"{{1, 4, 5, 8, 12}, {2, 6, 9, 13}, {3, 10, 15}, {7, 14}, {11}}","{{1, 2, 5, 12, 13}, {3, 6, 9, 14}, {4, 7, 10}, {8, 11}, {15}}",False,,,,False,FlipSYTNotFound
237597,"{{1, 3, 6, 9, 11}, {2, 7, 8, 13}, {4, 10, 12}, {5, 14}, {15}}","{{1, 4, 6, 9, 11}, {2, 7, 8, 12}, {3, 13, 14}, {5, 15}, {10}}",False,,,,False,FlipSYTNotFound
237653,"{{1, 4, 6, 7, 12}, {2, 5, 9, 13}, {3, 10, 15}, {8, 14}, {11}}","{{1, 2, 5, 11, 13}, {3, 6, 8, 14}, {4, 7, 10}, {9, 12}, {15}}",False,,,,False,FlipSYTNotFound
237777,"{{1, 4, 6, 7, 12}, {2, 5, 8, 13}, {3, 10, 15}, {9, 14}, {11}}","{{1, 2, 5, 11, 13}, {3, 6, 7, 14}, {4, 8, 10}, {9, 12}, {15}}",False,,,,False,FlipSYTNotFound
237783,"{{1, 3, 6, 9, 11}, {2, 5, 7, 13}, {4, 10, 12}, {8, 14}, {15}}","{{1, 4, 6, 8, 12}, {2, 7, 9, 11}, {3, 13, 14}, {5, 15}, {10}}",False,,,,False,FlipSYTNotFound
237908,"{{1, 2, 4, 6, 10}, {3, 7, 12, 13}, {5, 11, 14}, {8, 15}, {9}}","{{1, 4, 5, 7, 15}, {2, 8, 11, 13}, {3, 9, 12}, {6, 10}, {14}}",False,,,,False,FlipSYTNotFound
238092,"{{1, 4, 5, 10, 14}, {2, 6, 9, 11}, {3, 7, 13}, {8, 12}, {15}}","{{1, 3, 4, 8, 13}, {2, 7, 9, 14}, {5, 10, 12}, {6, 15}, {11}}",False,,,,False,FlipSYTNotFound
238126,"{{1, 2, 5, 10, 14}, {3, 4, 7, 13}, {6, 8, 11}, {9, 15}, {12}}","{{1, 3, 4, 7, 10}, {2, 5, 12, 13}, {6, 8, 15}, {9, 14}, {11}}",False,,,,False,FlipSYTNotFound
238228,"{{1, 3, 4, 6, 11}, {2, 7, 9, 13}, {5, 10, 12}, {8, 14}, {15}}","{{1, 4, 6, 8, 14}, {2, 7, 9, 11}, {3, 12, 13}, {5, 15}, {10}}",False,,,,False,FlipSYTNotFound
238230,"{{1, 3, 4, 6, 11}, {2, 8, 9, 13}, {5, 10, 12}, {7, 14}, {15}}","{{1, 4, 6, 9, 14}, {2, 7, 8, 11}, {3, 12, 13}, {5, 15}, {10}}",False,,,,False,FlipSYTNotFound
238263,"{{1, 3, 6, 8, 11}, {2, 5, 7, 13}, {4, 10, 12}, {9, 14}, {15}}","{{1, 4, 6, 7, 12}, {2, 8, 9, 11}, {3, 13, 14}, {5, 15}, {10}}",False,,,,False,FlipSYTNotFound
238408,"{{1, 4, 5, 9, 12}, {2, 6, 8, 13}, {3, 7, 15}, {10, 14}, {11}}","{{1, 2, 5, 9, 13}, {3, 6, 8, 14}, {4, 7, 12}, {10, 15}, {11}}",False,,,,False,FlipSYTNotFound
238495,"{{1, 4, 5, 10, 14}, {2, 6, 8, 11}, {3, 7, 13}, {9, 12}, {15}}","{{1, 3, 4, 7, 13}, {2, 8, 9, 14}, {5, 10, 12}, {6, 15}, {11}}",False,,,,False,FlipSYTNotFound
238519,"{{1, 5, 6, 8, 9}, {2, 7, 12, 13}, {3, 11, 14}, {4, 15}, {10}}","{{1, 4, 5, 6, 12}, {2, 8, 9, 11}, {3, 10, 13}, {7, 14}, {15}}",False,,,,False,FlipSYTNotFound
238547,"{{1, 2, 4, 9, 11}, {3, 6, 8, 13}, {5, 7, 12}, {10, 14}, {15}}","{{1, 4, 6, 9, 11}, {2, 7, 8, 13}, {3, 10, 15}, {5, 14}, {12}}",False,,,,False,FlipSYTNotFound
238568,"{{1, 3, 4, 6, 11}, {2, 7, 8, 13}, {5, 10, 12}, {9, 14}, {15}}","{{1, 4, 6, 7, 14}, {2, 8, 9, 11}, {3, 12, 13}, {5, 15}, {10}}",False,,,,False,FlipSYTNotFound
238743,"{{1, 2, 3, 5, 11}, {4, 6, 8, 13}, {7, 10, 12}, {9, 14}, {15}}","{{1, 4, 6, 7, 15}, {2, 8, 9, 12}, {3, 10, 14}, {5, 13}, {11}}",False,,,,False,FlipSYTNotFound
238855,"{{1, 4, 5, 9, 14}, {2, 6, 10, 11}, {3, 7, 13}, {8, 12}, {15}}","{{1, 3, 4, 8, 13}, {2, 6, 9, 14}, {5, 10, 12}, {7, 15}, {11}}",False,,,,False,FlipSYTNotFound
239118,"{{1, 2, 6, 7, 11}, {3, 4, 9, 13}, {5, 8, 12}, {10, 14}, {15}}","{{1, 4, 6, 11, 13}, {2, 7, 8, 12}, {3, 10, 15}, {5, 14}, {9}}",False,,,,False,FlipSYTNotFound
239151,"{{1, 4, 9, 10, 11}, {2, 5, 12, 13}, {3, 7, 15}, {6, 14}, {8}}","{{1, 2, 7, 8, 10}, {3, 4, 9, 13}, {5, 6, 11}, {12, 14}, {15}}",False,,,,False,FlipSYTNotFound
239311,"{{1, 4, 5, 7, 14}, {2, 6, 10, 11}, {3, 8, 13}, {9, 12}, {15}}","{{1, 3, 4, 7, 13}, {2, 6, 8, 14}, {5, 10, 12}, {9, 15}, {11}}",False,,,,False,FlipSYTNotFound
239454,"{{1, 4, 5, 8, 14}, {2, 6, 10, 11}, {3, 7, 13}, {9, 12}, {15}}","{{1, 3, 4, 7, 13}, {2, 6, 9, 14}, {5, 10, 12}, {8, 15}, {11}}",False,,,,False,FlipSYTNotFound
239522,"{{1, 2, 3, 10, 11}, {4, 8, 12, 13}, {5, 9, 15}, {6, 14}, {7}}","{{1, 2, 7, 9, 15}, {3, 4, 8, 10}, {5, 6, 11}, {12, 14}, {13}}",False,,,,False,FlipSYTNotFound
239788,"{{1, 6, 8, 9, 11}, {2, 7, 12, 13}, {3, 10, 15}, {4, 14}, {5}}","{{1, 2, 6, 9, 11}, {3, 4, 8, 12}, {5, 7, 13}, {10, 14}, {15}}",False,,,,False,FlipSYTNotFound
240073,"{{1, 3, 5, 7, 14}, {2, 6, 9, 13}, {4, 10, 11}, {8, 15}, {12}}","{{1, 3, 4, 6, 8}, {2, 5, 12, 14}, {7, 10, 13}, {9, 11}, {15}}",False,,,,False,FlipSYTNotFound
240212,"{{1, 2, 3, 9, 11}, {4, 8, 12, 13}, {5, 10, 15}, {6, 14}, {7}}","{{1, 2, 6, 9, 15}, {3, 4, 8, 10}, {5, 7, 11}, {12, 14}, {13}}",False,,,,False,FlipSYTNotFound
240235,"{{1, 4, 5, 8, 14}, {2, 6, 7, 11}, {3, 10, 13}, {9, 12}, {15}}","{{1, 3, 4, 7, 13}, {2, 6, 10, 14}, {5, 9, 12}, {8, 15}, {11}}",False,,,,False,FlipSYTNotFound
240268,"{{1, 3, 5, 7, 14}, {2, 6, 8, 13}, {4, 10, 11}, {9, 15}, {12}}","{{1, 3, 4, 6, 7}, {2, 5, 12, 14}, {8, 10, 13}, {9, 11}, {15}}",False,,,,False,FlipSYTNotFound
240448,"{{1, 2, 4, 7, 14}, {3, 5, 6, 13}, {8, 10, 11}, {9, 15}, {12}}","{{1, 3, 4, 6, 7}, {2, 5, 11, 13}, {8, 10, 15}, {9, 14}, {12}}",False,,,,False,FlipSYTNotFound
240621,"{{1, 2, 4, 9, 14}, {3, 5, 8, 13}, {6, 7, 11}, {10, 15}, {12}}","{{1, 3, 4, 6, 10}, {2, 5, 9, 13}, {7, 8, 15}, {11, 14}, {12}}",False,,,,False,FlipSYTNotFound
240623,"{{1, 4, 5, 9, 14}, {2, 6, 7, 11}, {3, 8, 13}, {10, 12}, {15}}","{{1, 3, 4, 6, 13}, {2, 8, 10, 14}, {5, 9, 12}, {7, 15}, {11}}",False,,,,False,FlipSYTNotFound
240639,"{{1, 4, 5, 9, 14}, {2, 6, 8, 11}, {3, 7, 13}, {10, 12}, {15}}","{{1, 3, 4, 6, 13}, {2, 8, 9, 14}, {5, 10, 12}, {7, 15}, {11}}",False,,,,False,FlipSYTNotFound
240652,"{{1, 2, 4, 9, 14}, {3, 5, 6, 13}, {7, 8, 11}, {10, 15}, {12}}","{{1, 3, 4, 6, 9}, {2, 5, 11, 13}, {7, 8, 15}, {10, 14}, {12}}",False,,,,False,FlipSYTNotFound
240824,"{{1, 4, 5, 7, 14}, {2, 6, 9, 11}, {3, 8, 13}, {10, 12}, {15}}","{{1, 3, 4, 6, 13}, {2, 7, 8, 14}, {5, 10, 12}, {9, 15}, {11}}",False,,,,False,FlipSYTNotFound
240886,"{{1, 4, 5, 8, 14}, {2, 6, 9, 11}, {3, 7, 13}, {10, 12}, {15}}","{{1, 3, 4, 6, 13}, {2, 7, 9, 14}, {5, 10, 12}, {8, 15}, {11}}",False,,,,False,FlipSYTNotFound
241090,"{{1, 4, 5, 8, 14}, {2, 6, 7, 11}, {3, 9, 13}, {10, 12}, {15}}","{{1, 3, 4, 6, 13}, {2, 7, 10, 14}, {5, 9, 12}, {8, 15}, {11}}",False,,,,False,FlipSYTNotFound
241172,"{{1, 2, 4, 6, 8}, {3, 7, 12, 13}, {5, 10, 14}, {9, 15}, {11}}","{{1, 4, 5, 7, 15}, {2, 6, 11, 13}, {3, 9, 12}, {8, 10}, {14}}",False,,,,False,FlipSYTNotFound
241188,"{{1, 2, 4, 7, 14}, {3, 5, 6, 13}, {8, 9, 11}, {10, 15}, {12}}","{{1, 3, 4, 6, 8}, {2, 5, 11, 13}, {7, 10, 15}, {9, 14}, {12}}",False,,,,False,FlipSYTNotFound
241228,"{{1, 3, 5, 8, 11}, {2, 7, 12, 13}, {4, 9, 15}, {6, 14}, {10}}","{{1, 2, 6, 10, 14}, {3, 4, 7, 12}, {5, 8, 9}, {11, 13}, {15}}",False,,,,False,FlipSYTNotFound
241425,"{{1, 3, 6, 8, 11}, {2, 4, 12, 13}, {5, 7, 15}, {9, 14}, {10}}","{{1, 2, 6, 11, 14}, {3, 4, 7, 12}, {5, 8, 9}, {10, 15}, {13}}",False,,,,False,FlipSYTNotFound
241444,"{{1, 2, 3, 5, 14}, {4, 6, 8, 11}, {7, 9, 13}, {10, 12}, {15}}","{{1, 3, 4, 6, 12}, {2, 7, 9, 15}, {5, 10, 14}, {8, 13}, {11}}",False,,,,False,FlipSYTNotFound
241818,"{{1, 3, 4, 5, 11}, {2, 6, 12, 13}, {7, 9, 15}, {8, 14}, {10}}","{{1, 2, 6, 8, 14}, {3, 4, 7, 13}, {5, 9, 12}, {10, 15}, {11}}",False,,,,False,FlipSYTNotFound
241937,"{{1, 5, 8, 10, 11}, {2, 7, 9, 13}, {3, 12, 14}, {4, 15}, {6}}","{{1, 4, 7, 9, 10}, {2, 6, 11, 12}, {3, 8, 13}, {5, 14}, {15}}",False,,,,False,FlipSYTNotFound
241987,"{{1, 2, 8, 10, 11}, {3, 4, 9, 13}, {5, 12, 14}, {6, 15}, {7}}","{{1, 4, 7, 9, 13}, {2, 6, 10, 15}, {3, 8, 11}, {5, 12}, {14}}",False,,,,False,FlipSYTNotFound
242215,"{{1, 3, 6, 9, 10}, {2, 5, 7, 13}, {4, 11, 12}, {8, 14}, {15}}","{{1, 4, 5, 8, 12}, {2, 7, 9, 11}, {3, 13, 14}, {6, 15}, {10}}",False,,,,False,FlipSYTNotFound
242268,"{{1, 3, 6, 9, 10}, {2, 7, 8, 13}, {4, 11, 12}, {5, 14}, {15}}","{{1, 4, 5, 9, 11}, {2, 7, 8, 12}, {3, 13, 14}, {6, 15}, {10}}",False,,,,False,FlipSYTNotFound
242276,"{{1, 2, 4, 7, 14}, {3, 5, 6, 13}, {8, 9, 10}, {11, 15}, {12}}","{{1, 3, 4, 7, 8}, {2, 5, 11, 13}, {6, 10, 15}, {9, 14}, {12}}",False,,,,False,FlipSYTNotFound
242410,"{{1, 3, 4, 11, 14}, {2, 8, 10, 12}, {5, 9, 13}, {6, 15}, {7}}","{{1, 3, 6, 7, 9}, {2, 8, 10, 14}, {4, 11, 13}, {5, 12}, {15}}",False,,,,False,FlipSYTNotFound
242576,"{{1, 4, 5, 10, 11}, {2, 6, 7, 13}, {3, 12, 14}, {8, 15}, {9}}","{{1, 4, 7, 10, 13}, {2, 6, 8, 14}, {3, 9, 12}, {5, 11}, {15}}",False,,,,False,FlipSYTNotFound
242661,"{{1, 6, 7, 9, 11}, {2, 8, 10, 13}, {3, 12, 14}, {4, 15}, {5}}","{{1, 4, 8, 10, 11}, {2, 6, 9, 12}, {3, 7, 13}, {5, 14}, {15}}",False,,,,False,FlipSYTNotFound
242690,"{{1, 6, 7, 8, 11}, {2, 9, 10, 13}, {3, 12, 14}, {4, 15}, {5}}","{{1, 4, 7, 10, 11}, {2, 6, 9, 12}, {3, 8, 13}, {5, 14}, {15}}",False,,,,False,FlipSYTNotFound
242799,"{{1, 4, 5, 9, 11}, {2, 6, 10, 13}, {3, 12, 14}, {7, 15}, {8}}","{{1, 4, 8, 12, 13}, {2, 6, 9, 14}, {3, 7, 10}, {5, 11}, {15}}",False,,,,False,FlipSYTNotFound
242807,"{{1, 3, 4, 6, 10}, {2, 7, 9, 13}, {5, 11, 12}, {8, 14}, {15}}","{{1, 4, 5, 8, 14}, {2, 7, 9, 11}, {3, 12, 13}, {6, 15}, {10}}",False,,,,False,FlipSYTNotFound
242918,"{{1, 4, 5, 9, 14}, {2, 6, 8, 10}, {3, 7, 13}, {11, 12}, {15}}","{{1, 3, 4, 5, 13}, {2, 8, 9, 14}, {6, 10, 12}, {7, 15}, {11}}",False,,,,False,FlipSYTNotFound
242976,"{{1, 3, 4, 6, 10}, {2, 7, 8, 13}, {5, 11, 12}, {9, 14}, {15}}","{{1, 4, 5, 7, 14}, {2, 8, 9, 11}, {3, 12, 13}, {6, 15}, {10}}",False,,,,False,FlipSYTNotFound
243100,"{{1, 4, 5, 9, 14}, {2, 6, 7, 10}, {3, 8, 13}, {11, 12}, {15}}","{{1, 3, 4, 5, 13}, {2, 8, 10, 14}, {6, 9, 12}, {7, 15}, {11}}",False,,,,False,FlipSYTNotFound
243113,"{{1, 2, 6, 9, 14}, {3, 4, 7, 10}, {5, 8, 13}, {11, 12}, {15}}","{{1, 3, 4, 5, 13}, {2, 8, 11, 15}, {6, 9, 12}, {7, 14}, {10}}",False,,,,False,FlipSYTNotFound
243171,"{{1, 4, 5, 8, 14}, {2, 6, 9, 10}, {3, 7, 13}, {11, 12}, {15}}","{{1, 3, 4, 5, 13}, {2, 7, 9, 14}, {6, 10, 12}, {8, 15}, {11}}",False,,,,False,FlipSYTNotFound
243221,"{{1, 3, 4, 11, 14}, {2, 8, 9, 12}, {5, 10, 13}, {6, 15}, {7}}","{{1, 3, 6, 8, 9}, {2, 7, 10, 14}, {4, 11, 13}, {5, 12}, {15}}",False,,,,False,FlipSYTNotFound
243242,"{{1, 4, 5, 7, 14}, {2, 6, 9, 10}, {3, 8, 13}, {11, 12}, {15}}","{{1, 3, 4, 5, 13}, {2, 7, 8, 14}, {6, 10, 12}, {9, 15}, {11}}",False,,,,False,FlipSYTNotFound
243246,"{{1, 4, 5, 8, 11}, {2, 6, 10, 13}, {3, 12, 14}, {7, 15}, {9}}","{{1, 4, 7, 12, 13}, {2, 6, 9, 14}, {3, 8, 10}, {5, 11}, {15}}",False,,,,False,FlipSYTNotFound
243269,"{{1, 3, 5, 7, 11}, {2, 8, 10, 13}, {4, 12, 14}, {6, 15}, {9}}","{{1, 4, 7, 10, 14}, {2, 6, 8, 12}, {3, 9, 11}, {5, 13}, {15}}",False,,,,False,FlipSYTNotFound
243336,"{{1, 4, 5, 6, 11}, {2, 7, 10, 13}, {3, 12, 14}, {8, 15}, {9}}","{{1, 4, 7, 12, 13}, {2, 6, 8, 14}, {3, 9, 11}, {5, 10}, {15}}",False,,,,False,FlipSYTNotFound
243494,"{{1, 4, 5, 8, 14}, {2, 6, 7, 10}, {3, 9, 13}, {11, 12}, {15}}","{{1, 3, 4, 5, 13}, {2, 7, 10, 14}, {6, 9, 12}, {8, 15}, {11}}",False,,,,False,FlipSYTNotFound
243667,"{{1, 4, 5, 9, 11}, {2, 6, 7, 13}, {3, 12, 14}, {8, 15}, {10}}","{{1, 4, 6, 10, 13}, {2, 7, 8, 14}, {3, 9, 12}, {5, 11}, {15}}",False,,,,False,FlipSYTNotFound
243870,"{{1, 2, 3, 5, 7}, {4, 9, 12, 13}, {6, 11, 15}, {8, 14}, {10}}","{{1, 2, 5, 6, 15}, {3, 4, 8, 14}, {7, 10, 12}, {9, 11}, {13}}",False,,,,False,FlipSYTNotFound
243911,"{{1, 4, 5, 8, 11}, {2, 6, 9, 13}, {3, 12, 14}, {7, 15}, {10}}","{{1, 4, 6, 12, 13}, {2, 7, 9, 14}, {3, 8, 10}, {5, 11}, {15}}",False,,,,False,FlipSYTNotFound
243921,"{{1, 2, 3, 7, 8}, {4, 6, 12, 13}, {5, 11, 15}, {9, 14}, {10}}","{{1, 2, 5, 6, 15}, {3, 4, 7, 11}, {8, 9, 10}, {12, 14}, {13}}",False,,,,False,FlipSYTNotFound
244003,"{{1, 4, 6, 7, 11}, {2, 5, 9, 13}, {3, 12, 14}, {8, 15}, {10}}","{{1, 4, 6, 11, 13}, {2, 7, 8, 14}, {3, 9, 10}, {5, 12}, {15}}",False,,,,False,FlipSYTNotFound
244107,"{{1, 3, 6, 8, 9}, {2, 5, 7, 13}, {4, 11, 12}, {10, 14}, {15}}","{{1, 4, 5, 6, 12}, {2, 8, 9, 11}, {3, 13, 14}, {7, 15}, {10}}",False,,,,False,FlipSYTNotFound
244384,"{{1, 2, 7, 11, 14}, {3, 4, 9, 12}, {5, 6, 10}, {8, 13}, {15}}","{{1, 3, 6, 8, 11}, {2, 7, 10, 13}, {4, 12, 15}, {5, 14}, {9}}",False,,,,False,FlipSYTNotFound
244572,"{{1, 6, 7, 9, 10}, {2, 8, 11, 13}, {3, 12, 14}, {4, 15}, {5}}","{{1, 4, 8, 10, 11}, {2, 5, 9, 12}, {3, 7, 13}, {6, 14}, {15}}",False,,,,False,FlipSYTNotFound
244602,"{{1, 5, 8, 9, 10}, {2, 7, 11, 13}, {3, 12, 14}, {4, 15}, {6}}","{{1, 4, 8, 9, 10}, {2, 5, 11, 12}, {3, 7, 13}, {6, 14}, {15}}",False,,,,False,FlipSYTNotFound
244628,"{{1, 2, 5, 11, 14}, {3, 4, 9, 12}, {6, 8, 10}, {7, 13}, {15}}","{{1, 3, 6, 8, 9}, {2, 7, 10, 13}, {4, 12, 15}, {5, 14}, {11}}",False,,,,False,FlipSYTNotFound
244632,"{{1, 3, 6, 9, 10}, {2, 4, 12, 13}, {5, 7, 15}, {8, 14}, {11}}","{{1, 2, 5, 11, 14}, {3, 4, 8, 12}, {6, 7, 9}, {10, 15}, {13}}",False,,,,False,FlipSYTNotFound
244688,"{{1, 3, 4, 11, 14}, {2, 6, 8, 12}, {5, 9, 10}, {7, 13}, {15}}","{{1, 3, 6, 7, 9}, {2, 8, 10, 11}, {4, 13, 14}, {5, 15}, {12}}",False,,,,False,FlipSYTNotFound
244747,"{{1, 2, 3, 4, 10}, {5, 7, 12, 13}, {6, 9, 15}, {8, 14}, {11}}","{{1, 2, 5, 8, 15}, {3, 4, 7, 14}, {6, 9, 10}, {11, 13}, {12}}",False,,,,False,FlipSYTNotFound
244901,"{{1, 2, 4, 9, 10}, {3, 6, 8, 13}, {5, 7, 12}, {11, 14}, {15}}","{{1, 4, 5, 9, 11}, {2, 7, 8, 13}, {3, 10, 15}, {6, 14}, {12}}",False,,,,False,FlipSYTNotFound
244903,"{{1, 4, 5, 9, 10}, {2, 6, 11, 13}, {3, 12, 14}, {7, 15}, {8}}","{{1, 4, 8, 12, 13}, {2, 5, 9, 14}, {3, 7, 10}, {6, 11}, {15}}",False,,,,False,FlipSYTNotFound
245374,"{{1, 2, 5, 10, 14}, {3, 4, 9, 12}, {6, 8, 11}, {7, 13}, {15}}","{{1, 3, 5, 8, 9}, {2, 7, 10, 13}, {4, 12, 15}, {6, 14}, {11}}",False,,,,False,FlipSYTNotFound
245395,"{{1, 3, 4, 10, 14}, {2, 6, 9, 12}, {5, 8, 11}, {7, 13}, {15}}","{{1, 3, 5, 8, 9}, {2, 7, 10, 11}, {4, 13, 14}, {6, 15}, {12}}",False,,,,False,FlipSYTNotFound
245426,"{{1, 2, 3, 5, 10}, {4, 7, 12, 13}, {6, 8, 15}, {9, 14}, {11}}","{{1, 2, 5, 10, 15}, {3, 4, 7, 14}, {6, 8, 12}, {9, 13}, {11}}",False,,,,False,FlipSYTNotFound
245484,"{{1, 2, 3, 4, 10}, {5, 7, 8, 13}, {6, 9, 12}, {11, 14}, {15}}","{{1, 4, 5, 10, 15}, {2, 7, 9, 11}, {3, 8, 14}, {6, 13}, {12}}",False,,,,False,FlipSYTNotFound
245505,"{{1, 4, 6, 7, 10}, {2, 5, 11, 13}, {3, 12, 14}, {8, 15}, {9}}","{{1, 4, 7, 11, 13}, {2, 5, 8, 14}, {3, 9, 10}, {6, 12}, {15}}",False,,,,False,FlipSYTNotFound
245729,"{{1, 4, 5, 10, 14}, {2, 6, 8, 12}, {3, 9, 11}, {7, 13}, {15}}","{{1, 3, 5, 7, 9}, {2, 8, 10, 13}, {4, 12, 14}, {6, 15}, {11}}",False,,,,False,FlipSYTNotFound
245744,"{{1, 2, 4, 10, 14}, {3, 5, 6, 12}, {7, 9, 11}, {8, 13}, {15}}","{{1, 3, 5, 7, 8}, {2, 9, 11, 13}, {4, 10, 15}, {6, 14}, {12}}",False,,,,False,FlipSYTNotFound
245775,"{{1, 2, 4, 5, 8}, {3, 10, 11, 13}, {6, 12, 14}, {7, 15}, {9}}","{{1, 4, 6, 7, 15}, {2, 5, 9, 13}, {3, 10, 12}, {8, 11}, {14}}",False,,,,False,FlipSYTNotFound
245954,"{{1, 4, 5, 6, 7}, {2, 8, 12, 13}, {3, 10, 15}, {9, 14}, {11}}","{{1, 2, 5, 7, 13}, {3, 4, 6, 12}, {8, 10, 11}, {9, 14}, {15}}",False,,,,False,FlipSYTNotFound
246047,"{{1, 3, 6, 8, 9}, {2, 4, 12, 13}, {5, 7, 15}, {10, 14}, {11}}","{{1, 2, 5, 11, 14}, {3, 4, 6, 12}, {7, 8, 9}, {10, 15}, {13}}",False,,,,False,FlipSYTNotFound
246147,"{{1, 4, 5, 8, 9}, {2, 6, 11, 13}, {3, 12, 14}, {7, 15}, {10}}","{{1, 4, 6, 12, 13}, {2, 5, 9, 14}, {3, 8, 10}, {7, 11}, {15}}",False,,,,False,FlipSYTNotFound
246246,"{{1, 3, 5, 7, 14}, {2, 6, 11, 12}, {4, 10, 13}, {8, 15}, {9}}","{{1, 3, 5, 6, 7}, {2, 8, 12, 14}, {4, 10, 13}, {9, 11}, {15}}",False,,,,False,FlipSYTNotFound
246354,"{{1, 4, 5, 6, 9}, {2, 7, 11, 13}, {3, 12, 14}, {8, 15}, {10}}","{{1, 4, 6, 12, 13}, {2, 5, 8, 14}, {3, 9, 11}, {7, 10}, {15}}",False,,,,False,FlipSYTNotFound
246725,"{{1, 4, 6, 7, 8}, {2, 5, 11, 13}, {3, 12, 14}, {9, 15}, {10}}","{{1, 4, 6, 11, 13}, {2, 5, 7, 14}, {3, 9, 10}, {8, 12}, {15}}",False,,,,False,FlipSYTNotFound
246811,"{{1, 4, 5, 6, 7}, {2, 8, 11, 13}, {3, 12, 14}, {9, 15}, {10}}","{{1, 4, 6, 12, 13}, {2, 5, 7, 14}, {3, 8, 11}, {9, 10}, {15}}",False,,,,False,FlipSYTNotFound
247139,"{{1, 2, 5, 10, 11}, {3, 4, 7, 13}, {6, 12, 15}, {8, 14}, {9}}","{{1, 2, 7, 10, 13}, {3, 4, 8, 15}, {5, 6, 9}, {11, 12}, {14}}",False,,,,False,FlipSYTNotFound
247144,"{{1, 4, 5, 9, 10}, {2, 6, 7, 13}, {3, 12, 14}, {8, 15}, {11}}","{{1, 4, 5, 10, 13}, {2, 7, 8, 14}, {3, 9, 12}, {6, 11}, {15}}",False,,,,False,FlipSYTNotFound
247277,"{{1, 5, 8, 9, 11}, {2, 7, 10, 13}, {3, 12, 15}, {4, 14}, {6}}","{{1, 2, 8, 9, 10}, {3, 4, 11, 12}, {5, 6, 13}, {7, 14}, {15}}",False,,,,False,FlipSYTNotFound
247282,"{{1, 4, 5, 8, 10}, {2, 6, 9, 13}, {3, 12, 14}, {7, 15}, {11}}","{{1, 4, 5, 12, 13}, {2, 7, 9, 14}, {3, 8, 10}, {6, 11}, {15}}",False,,,,False,FlipSYTNotFound
247324,"{{1, 2, 8, 9, 11}, {3, 4, 10, 13}, {5, 12, 15}, {6, 14}, {7}}","{{1, 2, 8, 9, 13}, {3, 4, 10, 15}, {5, 6, 11}, {7, 12}, {14}}",False,,,,False,FlipSYTNotFound
247353,"{{1, 2, 3, 9, 11}, {4, 5, 7, 13}, {6, 8, 10}, {12, 14}, {15}}","{{1, 4, 8, 10, 12}, {2, 6, 9, 11}, {3, 7, 15}, {5, 14}, {13}}",False,,,,False,FlipSYTNotFound
247496,"{{1, 4, 5, 9, 11}, {2, 6, 10, 13}, {3, 12, 15}, {7, 14}, {8}}","{{1, 2, 8, 12, 13}, {3, 4, 9, 14}, {5, 6, 10}, {7, 11}, {15}}",False,,,,False,FlipSYTNotFound
247559,"{{1, 4, 6, 7, 10}, {2, 5, 9, 13}, {3, 12, 14}, {8, 15}, {11}}","{{1, 4, 5, 11, 13}, {2, 7, 8, 14}, {3, 9, 10}, {6, 12}, {15}}",False,,,,False,FlipSYTNotFound
247694,"{{1, 3, 4, 10, 14}, {2, 8, 9, 12}, {5, 11, 13}, {6, 15}, {7}}","{{1, 3, 5, 8, 9}, {2, 7, 10, 14}, {4, 11, 13}, {6, 12}, {15}}",False,,,,False,FlipSYTNotFound
247798,"{{1, 2, 3, 7, 11}, {4, 5, 8, 13}, {6, 9, 10}, {12, 14}, {15}}","{{1, 4, 7, 10, 15}, {2, 6, 11, 12}, {3, 8, 14}, {5, 13}, {9}}",False,,,,False,FlipSYTNotFound
247905,"{{1, 2, 4, 8, 14}, {3, 5, 6, 12}, {7, 10, 11}, {9, 13}, {15}}","{{1, 3, 5, 6, 7}, {2, 9, 11, 13}, {4, 10, 15}, {8, 14}, {12}}",False,,,,False,FlipSYTNotFound
248004,"{{1, 2, 3, 9, 10}, {4, 5, 7, 13}, {6, 8, 11}, {12, 14}, {15}}","{{1, 4, 8, 10, 12}, {2, 5, 9, 11}, {3, 7, 15}, {6, 14}, {13}}",False,,,,False,FlipSYTNotFound
248090,"{{1, 2, 4, 7, 14}, {3, 5, 6, 12}, {8, 10, 11}, {9, 13}, {15}}","{{1, 3, 5, 6, 7}, {2, 8, 11, 13}, {4, 10, 15}, {9, 14}, {12}}",False,,,,False,FlipSYTNotFound
248128,"{{1, 4, 5, 8, 9}, {2, 6, 10, 13}, {3, 12, 14}, {7, 15}, {11}}","{{1, 4, 5, 12, 13}, {2, 6, 9, 14}, {3, 8, 10}, {7, 11}, {15}}",False,,,,False,FlipSYTNotFound
248275,"{{1, 4, 6, 7, 9}, {2, 5, 10, 13}, {3, 12, 14}, {8, 15}, {11}}","{{1, 4, 5, 11, 13}, {2, 6, 8, 14}, {3, 9, 10}, {7, 12}, {15}}",False,,,,False,FlipSYTNotFound
248309,"{{1, 3, 4, 9, 14}, {2, 8, 10, 12}, {5, 11, 13}, {6, 15}, {7}}","{{1, 3, 5, 8, 9}, {2, 6, 10, 14}, {4, 11, 13}, {7, 12}, {15}}",False,,,,False,FlipSYTNotFound
248341,"{{1, 4, 5, 8, 11}, {2, 6, 9, 13}, {3, 12, 15}, {7, 14}, {10}}","{{1, 2, 6, 12, 13}, {3, 4, 9, 14}, {5, 7, 10}, {8, 11}, {15}}",False,,,,False,FlipSYTNotFound
248350,"{{1, 4, 7, 8, 11}, {2, 5, 9, 13}, {3, 12, 15}, {6, 14}, {10}}","{{1, 2, 6, 10, 13}, {3, 4, 9, 14}, {5, 7, 11}, {8, 12}, {15}}",False,,,,False,FlipSYTNotFound
248365,"{{1, 4, 5, 6, 9}, {2, 7, 10, 13}, {3, 12, 14}, {8, 15}, {11}}","{{1, 4, 5, 12, 13}, {2, 6, 8, 14}, {3, 9, 11}, {7, 10}, {15}}",False,,,,False,FlipSYTNotFound
248787,"{{1, 2, 4, 8, 14}, {3, 5, 6, 12}, {7, 9, 11}, {10, 13}, {15}}","{{1, 3, 5, 6, 9}, {2, 7, 11, 13}, {4, 10, 15}, {8, 14}, {12}}",False,,,,False,FlipSYTNotFound
248887,"{{1, 4, 5, 6, 7}, {2, 8, 10, 13}, {3, 12, 14}, {9, 15}, {11}}","{{1, 4, 5, 12, 13}, {2, 6, 7, 14}, {3, 8, 11}, {9, 10}, {15}}",False,,,,False,FlipSYTNotFound
248892,"{{1, 2, 6, 8, 11}, {3, 4, 7, 13}, {5, 12, 15}, {9, 14}, {10}}","{{1, 2, 6, 11, 13}, {3, 4, 7, 15}, {5, 8, 9}, {10, 12}, {14}}",False,,,,False,FlipSYTNotFound
248939,"{{1, 4, 5, 7, 14}, {2, 6, 10, 12}, {3, 11, 13}, {8, 15}, {9}}","{{1, 3, 5, 7, 13}, {2, 6, 8, 14}, {4, 10, 12}, {9, 11}, {15}}",False,,,,False,FlipSYTNotFound
248971,"{{1, 2, 4, 7, 14}, {3, 5, 6, 12}, {8, 9, 11}, {10, 13}, {15}}","{{1, 3, 5, 6, 8}, {2, 7, 11, 13}, {4, 10, 15}, {9, 14}, {12}}",False,,,,False,FlipSYTNotFound
249193,"{{1, 6, 7, 9, 10}, {2, 8, 11, 13}, {3, 12, 15}, {4, 14}, {5}}","{{1, 2, 8, 10, 11}, {3, 4, 9, 12}, {5, 7, 13}, {6, 14}, {15}}",False,,,,False,FlipSYTNotFound
249249,"{{1, 5, 8, 9, 10}, {2, 7, 11, 13}, {3, 12, 15}, {4, 14}, {6}}","{{1, 2, 8, 9, 10}, {3, 4, 11, 12}, {5, 7, 13}, {6, 14}, {15}}",False,,,,False,FlipSYTNotFound
249446,"{{1, 4, 5, 9, 10}, {2, 6, 11, 13}, {3, 12, 15}, {7, 14}, {8}}","{{1, 2, 8, 12, 13}, {3, 4, 9, 14}, {5, 7, 10}, {6, 11}, {15}}",False,,,,False,FlipSYTNotFound
249488,"{{1, 4, 5, 6, 7}, {2, 8, 9, 13}, {3, 12, 14}, {10, 15}, {11}}","{{1, 4, 5, 12, 13}, {2, 6, 8, 14}, {3, 7, 11}, {9, 10}, {15}}",False,,,,False,FlipSYTNotFound
249698,"{{1, 4, 5, 8, 10}, {2, 6, 11, 13}, {3, 12, 15}, {7, 14}, {9}}","{{1, 2, 7, 12, 13}, {3, 4, 9, 14}, {5, 8, 10}, {6, 11}, {15}}",False,,,,False,FlipSYTNotFound
249826,"{{1, 4, 6, 7, 10}, {2, 5, 11, 13}, {3, 12, 15}, {8, 14}, {9}}","{{1, 2, 7, 11, 13}, {3, 4, 8, 14}, {5, 9, 10}, {6, 12}, {15}}",False,,,,False,FlipSYTNotFound
249849,"{{1, 2, 3, 5, 6}, {4, 7, 9, 13}, {8, 10, 11}, {12, 14}, {15}}","{{1, 4, 6, 8, 15}, {2, 5, 12, 14}, {3, 9, 13}, {7, 11}, {10}}",False,,,,False,FlipSYTNotFound
249953,"{{1, 4, 5, 6, 10}, {2, 7, 11, 13}, {3, 12, 15}, {8, 14}, {9}}","{{1, 2, 7, 12, 13}, {3, 4, 8, 14}, {5, 9, 11}, {6, 10}, {15}}",False,,,,False,FlipSYTNotFound
250024,"{{1, 2, 5, 6, 14}, {3, 7, 8, 12}, {4, 11, 13}, {9, 15}, {10}}","{{1, 3, 5, 6, 12}, {2, 7, 9, 15}, {4, 8, 13}, {10, 11}, {14}}",False,,,,False,FlipSYTNotFound
250570,"{{1, 4, 5, 8, 9}, {2, 6, 11, 13}, {3, 12, 15}, {7, 14}, {10}}","{{1, 2, 6, 12, 13}, {3, 4, 9, 14}, {5, 8, 10}, {7, 11}, {15}}",False,,,,False,FlipSYTNotFound
250583,"{{1, 2, 5, 10, 12}, {3, 4, 8, 11}, {6, 7, 13}, {9, 14}, {15}}","{{1, 5, 7, 9, 10}, {2, 8, 12, 13}, {3, 11, 15}, {4, 14}, {6}}",False,,,,False,FlipSYTNotFound
250667,"{{1, 4, 6, 7, 9}, {2, 5, 11, 13}, {3, 12, 15}, {8, 14}, {10}}","{{1, 2, 6, 11, 13}, {3, 4, 8, 14}, {5, 9, 10}, {7, 12}, {15}}",False,,,,False,FlipSYTNotFound
250923,"{{1, 4, 6, 7, 8}, {2, 5, 11, 13}, {3, 12, 15}, {9, 14}, {10}}","{{1, 2, 6, 11, 13}, {3, 4, 7, 14}, {5, 9, 10}, {8, 12}, {15}}",False,,,,False,FlipSYTNotFound
251035,"{{1, 4, 5, 6, 8}, {2, 7, 11, 13}, {3, 12, 15}, {9, 14}, {10}}","{{1, 2, 6, 12, 13}, {3, 4, 7, 14}, {5, 9, 11}, {8, 10}, {15}}",False,,,,False,FlipSYTNotFound
251111,"{{1, 4, 5, 6, 7}, {2, 8, 11, 13}, {3, 12, 15}, {9, 14}, {10}}","{{1, 2, 6, 12, 13}, {3, 4, 7, 14}, {5, 8, 11}, {9, 10}, {15}}",False,,,,False,FlipSYTNotFound
251698,"{{1, 3, 5, 7, 11}, {2, 6, 10, 13}, {4, 8, 14}, {9, 15}, {12}}","{{1, 4, 7, 12, 14}, {2, 6, 10, 13}, {3, 8, 15}, {5, 9}, {11}}",False,,,,False,FlipSYTNotFound
251804,"{{1, 2, 6, 9, 12}, {3, 7, 8, 11}, {4, 10, 13}, {5, 14}, {15}}","{{1, 5, 6, 9, 11}, {2, 8, 12, 15}, {3, 10, 13}, {4, 14}, {7}}",False,,,,False,FlipSYTNotFound
251842,"{{1, 3, 5, 7, 14}, {2, 6, 10, 12}, {4, 9, 13}, {8, 15}, {11}}","{{1, 3, 5, 7, 8}, {2, 6, 12, 14}, {4, 10, 13}, {9, 11}, {15}}",False,,,,False,FlipSYTNotFound
252084,"{{1, 4, 5, 6, 10}, {2, 7, 8, 13}, {3, 12, 15}, {9, 14}, {11}}","{{1, 2, 5, 12, 13}, {3, 4, 7, 14}, {6, 8, 9}, {10, 11}, {15}}",False,,,,False,FlipSYTNotFound
252463,"{{1, 4, 6, 7, 9}, {2, 5, 10, 13}, {3, 12, 15}, {8, 14}, {11}}","{{1, 2, 5, 11, 13}, {3, 4, 8, 14}, {6, 9, 10}, {7, 12}, {15}}",False,,,,False,FlipSYTNotFound
252484,"{{1, 4, 5, 6, 9}, {2, 7, 10, 13}, {3, 12, 15}, {8, 14}, {11}}","{{1, 2, 5, 12, 13}, {3, 4, 8, 14}, {6, 9, 11}, {7, 10}, {15}}",False,,,,False,FlipSYTNotFound
252511,"{{1, 2, 5, 7, 14}, {3, 8, 9, 12}, {4, 10, 13}, {6, 15}, {11}}","{{1, 3, 5, 8, 10}, {2, 6, 12, 15}, {4, 7, 13}, {9, 11}, {14}}",False,,,,False,FlipSYTNotFound
252633,"{{1, 4, 5, 8, 9}, {2, 6, 10, 13}, {3, 12, 15}, {7, 14}, {11}}","{{1, 2, 5, 12, 13}, {3, 4, 9, 14}, {6, 8, 10}, {7, 11}, {15}}",False,,,,False,FlipSYTNotFound
252736,"{{1, 4, 6, 7, 8}, {2, 5, 10, 13}, {3, 12, 15}, {9, 14}, {11}}","{{1, 2, 5, 11, 13}, {3, 4, 7, 14}, {6, 9, 10}, {8, 12}, {15}}",False,,,,False,FlipSYTNotFound
252798,"{{1, 4, 5, 6, 8}, {2, 7, 10, 13}, {3, 12, 15}, {9, 14}, {11}}","{{1, 2, 5, 12, 13}, {3, 4, 7, 14}, {6, 9, 11}, {8, 10}, {15}}",False,,,,False,FlipSYTNotFound
252915,"{{1, 4, 5, 6, 7}, {2, 8, 10, 13}, {3, 12, 15}, {9, 14}, {11}}","{{1, 2, 5, 12, 13}, {3, 4, 7, 14}, {6, 8, 11}, {9, 10}, {15}}",False,,,,False,FlipSYTNotFound
253231,"{{1, 4, 6, 7, 8}, {2, 5, 9, 13}, {3, 12, 15}, {10, 14}, {11}}","{{1, 2, 5, 11, 13}, {3, 4, 6, 14}, {7, 9, 10}, {8, 12}, {15}}",False,,,,False,FlipSYTNotFound
253466,"{{1, 3, 5, 9, 14}, {2, 4, 6, 12}, {7, 8, 13}, {10, 15}, {11}}","{{1, 3, 5, 9, 14}, {2, 6, 12, 15}, {4, 8, 13}, {7, 10}, {11}}",False,,,,False,FlipSYTNotFound
253477,"{{1, 4, 5, 6, 8}, {2, 7, 9, 13}, {3, 12, 15}, {10, 14}, {11}}","{{1, 2, 5, 12, 13}, {3, 4, 6, 14}, {7, 9, 11}, {8, 10}, {15}}",False,,,,False,FlipSYTNotFound
253680,"{{1, 4, 5, 6, 7}, {2, 8, 9, 13}, {3, 12, 15}, {10, 14}, {11}}","{{1, 2, 5, 12, 13}, {3, 4, 6, 14}, {7, 8, 11}, {9, 10}, {15}}",False,,,,False,FlipSYTNotFound
254170,"{{1, 4, 5, 7, 12}, {2, 6, 8, 10}, {3, 11, 13}, {9, 14}, {15}}","{{1, 5, 7, 10, 13}, {2, 6, 8, 14}, {3, 11, 12}, {4, 15}, {9}}",False,,,,False,FlipSYTNotFound
254495,"{{1, 4, 5, 10, 11}, {2, 6, 8, 13}, {3, 7, 15}, {9, 14}, {12}}","{{1, 2, 4, 9, 13}, {3, 6, 7, 14}, {5, 8, 12}, {10, 15}, {11}}",False,,,,False,FlipSYTNotFound
254612,"{{1, 4, 5, 7, 12}, {2, 6, 8, 9}, {3, 11, 13}, {10, 14}, {15}}","{{1, 5, 6, 10, 13}, {2, 7, 8, 14}, {3, 11, 12}, {4, 15}, {9}}",False,,,,False,FlipSYTNotFound
255321,"{{1, 3, 6, 7, 11}, {2, 8, 10, 13}, {4, 9, 15}, {5, 14}, {12}}","{{1, 2, 4, 11, 14}, {3, 6, 7, 12}, {5, 8, 10}, {9, 13}, {15}}",False,,,,False,FlipSYTNotFound
255389,"{{1, 2, 4, 7, 8}, {3, 9, 11, 13}, {5, 10, 14}, {6, 15}, {12}}","{{1, 4, 6, 10, 15}, {2, 5, 11, 13}, {3, 7, 12}, {8, 9}, {14}}",False,,,,False,FlipSYTNotFound
255880,"{{1, 2, 3, 7, 11}, {4, 8, 9, 13}, {5, 10, 15}, {6, 14}, {12}}","{{1, 2, 4, 10, 15}, {3, 6, 8, 14}, {5, 7, 11}, {9, 12}, {13}}",False,,,,False,FlipSYTNotFound
255900,"{{1, 2, 5, 6, 8}, {3, 4, 11, 13}, {7, 9, 14}, {10, 15}, {12}}","{{1, 4, 6, 9, 13}, {2, 5, 11, 12}, {3, 7, 15}, {8, 10}, {14}}",False,,,,False,FlipSYTNotFound
256132,"{{1, 4, 6, 8, 11}, {2, 5, 9, 13}, {3, 10, 15}, {7, 14}, {12}}","{{1, 2, 4, 11, 13}, {3, 6, 9, 14}, {5, 7, 10}, {8, 12}, {15}}",False,,,,False,FlipSYTNotFound
256151,"{{1, 4, 5, 8, 11}, {2, 6, 9, 13}, {3, 10, 15}, {7, 14}, {12}}","{{1, 2, 4, 12, 13}, {3, 6, 9, 14}, {5, 7, 10}, {8, 11}, {15}}",False,,,,False,FlipSYTNotFound
256609,"{{1, 4, 5, 9, 11}, {2, 6, 8, 13}, {3, 7, 15}, {10, 14}, {12}}","{{1, 2, 4, 9, 13}, {3, 6, 8, 14}, {5, 7, 12}, {10, 15}, {11}}",False,,,,False,FlipSYTNotFound
256633,"{{1, 2, 4, 9, 11}, {3, 6, 8, 13}, {5, 7, 15}, {10, 14}, {12}}","{{1, 2, 4, 9, 11}, {3, 6, 8, 15}, {5, 7, 13}, {10, 14}, {12}}",False,,,,False,FlipSYTNotFound
256772,"{{1, 2, 4, 7, 14}, {3, 5, 6, 11}, {8, 9, 10}, {12, 13}, {15}}","{{1, 3, 4, 7, 8}, {2, 6, 11, 13}, {5, 10, 15}, {9, 14}, {12}}",False,,,,False,FlipSYTNotFound
257968,"{{1, 4, 9, 12, 13}, {2, 6, 10, 14}, {3, 7, 11}, {5, 8}, {15}}","{{1, 4, 5, 8, 11}, {2, 6, 9, 13}, {3, 10, 14}, {7, 15}, {12}}",False,,,,False,FlipSYTNotFound
257991,"{{1, 3, 9, 12, 13}, {2, 5, 10, 14}, {4, 7, 11}, {6, 8}, {15}}","{{1, 4, 5, 8, 10}, {2, 6, 9, 12}, {3, 11, 14}, {7, 15}, {13}}",False,,,,False,FlipSYTNotFound
257993,"{{1, 2, 3, 6, 8}, {4, 7, 10, 13}, {5, 11, 14}, {9, 15}, {12}}","{{1, 4, 7, 11, 15}, {2, 5, 9, 14}, {3, 6, 12}, {8, 10}, {13}}",False,,,,False,FlipSYTNotFound
258014,"{{1, 4, 5, 6, 8}, {2, 7, 10, 13}, {3, 11, 14}, {9, 15}, {12}}","{{1, 4, 7, 12, 13}, {2, 5, 9, 14}, {3, 6, 11}, {8, 10}, {15}}",False,,,,False,FlipSYTNotFound
258031,"{{1, 3, 9, 12, 13}, {2, 5, 10, 14}, {4, 6, 11}, {7, 8}, {15}}","{{1, 4, 5, 8, 9}, {2, 6, 10, 12}, {3, 11, 14}, {7, 15}, {13}}",False,,,,False,FlipSYTNotFound
258065,"{{1, 3, 8, 12, 13}, {2, 5, 10, 14}, {4, 6, 11}, {7, 9}, {15}}","{{1, 4, 5, 7, 9}, {2, 6, 10, 12}, {3, 11, 14}, {8, 15}, {13}}",False,,,,False,FlipSYTNotFound
258068,"{{1, 4, 5, 6, 7}, {2, 8, 10, 13}, {3, 11, 14}, {9, 15}, {12}}","{{1, 4, 7, 12, 13}, {2, 5, 8, 14}, {3, 6, 11}, {9, 10}, {15}}",False,,,,False,FlipSYTNotFound
258101,"{{1, 3, 7, 12, 13}, {2, 5, 10, 14}, {4, 6, 11}, {8, 9}, {15}}","{{1, 4, 5, 7, 8}, {2, 6, 10, 12}, {3, 11, 14}, {9, 15}, {13}}",False,,,,False,FlipSYTNotFound
258122,"{{1, 3, 6, 12, 13}, {2, 5, 10, 14}, {4, 8, 11}, {7, 9}, {15}}","{{1, 4, 5, 7, 9}, {2, 6, 8, 12}, {3, 11, 14}, {10, 15}, {13}}",False,,,,False,FlipSYTNotFound
258181,"{{1, 3, 8, 12, 13}, {2, 5, 10, 14}, {4, 7, 11}, {6, 9}, {15}}","{{1, 4, 5, 7, 10}, {2, 6, 9, 12}, {3, 11, 14}, {8, 15}, {13}}",False,,,,False,FlipSYTNotFound
258193,"{{1, 2, 3, 4, 10}, {5, 7, 11, 13}, {6, 9, 15}, {8, 14}, {12}}","{{1, 2, 4, 8, 15}, {3, 5, 7, 14}, {6, 9, 10}, {11, 13}, {12}}",False,,,,False,FlipSYTNotFound
258242,"{{1, 2, 5, 12, 13}, {3, 6, 10, 14}, {4, 7, 11}, {8, 9}, {15}}","{{1, 4, 5, 7, 8}, {2, 6, 9, 12}, {3, 13, 15}, {10, 14}, {11}}",False,,,,False,FlipSYTNotFound
258256,"{{1, 3, 7, 12, 13}, {2, 5, 10, 14}, {4, 8, 11}, {6, 9}, {15}}","{{1, 4, 5, 7, 10}, {2, 6, 8, 12}, {3, 11, 14}, {9, 15}, {13}}",False,,,,False,FlipSYTNotFound
258262,"{{1, 3, 6, 12, 13}, {2, 5, 10, 14}, {4, 7, 11}, {8, 9}, {15}}","{{1, 4, 5, 7, 8}, {2, 6, 9, 12}, {3, 11, 14}, {10, 15}, {13}}",False,,,,False,FlipSYTNotFound
258297,"{{1, 3, 8, 12, 13}, {2, 5, 9, 14}, {4, 6, 11}, {7, 10}, {15}}","{{1, 4, 5, 6, 9}, {2, 7, 10, 12}, {3, 11, 14}, {8, 15}, {13}}",False,,,,False,FlipSYTNotFound
258344,"{{1, 3, 6, 8, 10}, {2, 4, 11, 13}, {5, 7, 15}, {9, 14}, {12}}","{{1, 2, 4, 11, 14}, {3, 5, 7, 12}, {6, 8, 9}, {10, 15}, {13}}",False,,,,False,FlipSYTNotFound
258470,"{{1, 3, 6, 12, 13}, {2, 5, 9, 14}, {4, 7, 11}, {8, 10}, {15}}","{{1, 4, 5, 6, 8}, {2, 7, 9, 12}, {3, 11, 14}, {10, 15}, {13}}",False,,,,False,FlipSYTNotFound
258505,"{{1, 4, 8, 12, 13}, {2, 6, 9, 14}, {3, 7, 11}, {5, 10}, {15}}","{{1, 4, 5, 6, 11}, {2, 7, 9, 13}, {3, 10, 14}, {8, 15}, {12}}",False,,,,False,FlipSYTNotFound
258508,"{{1, 3, 7, 12, 13}, {2, 5, 9, 14}, {4, 8, 11}, {6, 10}, {15}}","{{1, 4, 5, 6, 10}, {2, 7, 8, 12}, {3, 11, 14}, {9, 15}, {13}}",False,,,,False,FlipSYTNotFound
258549,"{{1, 3, 8, 12, 13}, {2, 5, 9, 14}, {4, 7, 11}, {6, 10}, {15}}","{{1, 4, 5, 6, 10}, {2, 7, 9, 12}, {3, 11, 14}, {8, 15}, {13}}",False,,,,False,FlipSYTNotFound
258610,"{{1, 3, 5, 12, 13}, {2, 6, 9, 14}, {4, 8, 11}, {7, 10}, {15}}","{{1, 4, 5, 6, 9}, {2, 7, 8, 12}, {3, 13, 14}, {10, 15}, {11}}",False,,,,False,FlipSYTNotFound
258662,"{{1, 3, 6, 12, 13}, {2, 5, 9, 14}, {4, 8, 11}, {7, 10}, {15}}","{{1, 4, 5, 6, 9}, {2, 7, 8, 12}, {3, 11, 14}, {10, 15}, {13}}",False,,,,False,FlipSYTNotFound
258757,"{{1, 3, 6, 9, 11}, {2, 4, 7, 12}, {5, 8, 13}, {10, 14}, {15}}","{{1, 6, 8, 11, 14}, {2, 7, 12, 15}, {3, 9, 13}, {4, 10}, {5}}",False,,,,False,FlipSYTNotFound
258833,"{{1, 3, 7, 12, 13}, {2, 6, 8, 14}, {4, 9, 10}, {5, 11}, {15}}","{{1, 4, 5, 7, 11}, {2, 6, 10, 12}, {3, 13, 14}, {8, 15}, {9}}",False,,,,False,FlipSYTNotFound
258916,"{{1, 3, 4, 12, 13}, {2, 5, 8, 14}, {6, 7, 11}, {9, 10}, {15}}","{{1, 4, 5, 6, 7}, {2, 8, 9, 10}, {3, 13, 14}, {11, 15}, {12}}",False,,,,False,FlipSYTNotFound
258923,"{{1, 2, 4, 12, 13}, {3, 7, 9, 14}, {5, 8, 10}, {6, 11}, {15}}","{{1, 4, 5, 8, 10}, {2, 6, 9, 11}, {3, 13, 15}, {7, 14}, {12}}",False,,,,False,FlipSYTNotFound
258964,"{{1, 2, 5, 12, 13}, {3, 4, 7, 14}, {6, 9, 10}, {8, 11}, {15}}","{{1, 4, 5, 7, 8}, {2, 6, 10, 13}, {3, 12, 15}, {9, 14}, {11}}",False,,,,False,FlipSYTNotFound
258985,"{{1, 2, 4, 8, 14}, {3, 5, 10, 11}, {6, 9, 13}, {7, 15}, {12}}","{{1, 3, 4, 7, 9}, {2, 6, 13, 15}, {5, 10, 14}, {8, 11}, {12}}",False,,,,False,FlipSYTNotFound
259087,"{{1, 2, 6, 9, 10}, {3, 5, 11, 12}, {4, 8, 13}, {7, 14}, {15}}","{{1, 5, 8, 9, 12}, {2, 7, 10, 11}, {3, 13, 15}, {4, 14}, {6}}",False,,,,False,FlipSYTNotFound
259181,"{{1, 2, 5, 12, 13}, {3, 4, 8, 14}, {6, 7, 10}, {9, 11}, {15}}","{{1, 4, 5, 7, 10}, {2, 6, 9, 13}, {3, 12, 15}, {8, 14}, {11}}",False,,,,False,FlipSYTNotFound
259255,"{{1, 3, 5, 7, 14}, {2, 6, 10, 11}, {4, 9, 13}, {8, 15}, {12}}","{{1, 3, 4, 7, 8}, {2, 6, 12, 14}, {5, 10, 13}, {9, 11}, {15}}",False,,,,False,FlipSYTNotFound
259399,"{{1, 2, 5, 12, 13}, {3, 4, 8, 14}, {6, 7, 9}, {10, 11}, {15}}","{{1, 4, 5, 6, 10}, {2, 7, 9, 13}, {3, 12, 15}, {8, 14}, {11}}",False,,,,False,FlipSYTNotFound
259456,"{{1, 3, 9, 11, 13}, {2, 5, 10, 14}, {4, 6, 12}, {7, 8}, {15}}","{{1, 4, 6, 8, 9}, {2, 5, 10, 12}, {3, 11, 14}, {7, 15}, {13}}",False,,,,False,FlipSYTNotFound
259474,"{{1, 3, 9, 11, 13}, {2, 5, 10, 14}, {4, 7, 12}, {6, 8}, {15}}","{{1, 4, 6, 8, 10}, {2, 5, 9, 12}, {3, 11, 14}, {7, 15}, {13}}",False,,,,False,FlipSYTNotFound
259516,"{{1, 3, 8, 11, 13}, {2, 5, 10, 14}, {4, 7, 12}, {6, 9}, {15}}","{{1, 4, 6, 7, 10}, {2, 5, 9, 12}, {3, 11, 14}, {8, 15}, {13}}",False,,,,False,FlipSYTNotFound
259573,"{{1, 3, 8, 11, 13}, {2, 5, 10, 14}, {4, 6, 12}, {7, 9}, {15}}","{{1, 4, 6, 7, 9}, {2, 5, 10, 12}, {3, 11, 14}, {8, 15}, {13}}",False,,,,False,FlipSYTNotFound
259598,"{{1, 3, 7, 11, 13}, {2, 5, 10, 14}, {4, 8, 12}, {6, 9}, {15}}","{{1, 4, 6, 7, 10}, {2, 5, 8, 12}, {3, 11, 14}, {9, 15}, {13}}",False,,,,False,FlipSYTNotFound
259611,"{{1, 3, 6, 11, 13}, {2, 5, 10, 14}, {4, 8, 12}, {7, 9}, {15}}","{{1, 4, 6, 7, 9}, {2, 5, 8, 12}, {3, 11, 14}, {10, 15}, {13}}",False,,,,False,FlipSYTNotFound
259671,"{{1, 3, 4, 5, 9}, {2, 6, 10, 13}, {7, 8, 14}, {11, 15}, {12}}","{{1, 4, 8, 9, 14}, {2, 5, 12, 13}, {3, 6, 15}, {7, 10}, {11}}",False,,,,False,FlipSYTNotFound
259684,"{{1, 4, 6, 7, 10}, {2, 5, 9, 13}, {3, 11, 15}, {8, 14}, {12}}","{{1, 2, 4, 11, 13}, {3, 5, 8, 14}, {6, 7, 10}, {9, 12}, {15}}",False,,,,False,FlipSYTNotFound
259774,"{{1, 3, 7, 11, 13}, {2, 5, 10, 14}, {4, 6, 12}, {8, 9}, {15}}","{{1, 4, 6, 7, 8}, {2, 5, 10, 12}, {3, 11, 14}, {9, 15}, {13}}",False,,,,False,FlipSYTNotFound
259802,"{{1, 2, 3, 5, 6}, {4, 8, 10, 13}, {7, 9, 14}, {11, 15}, {12}}","{{1, 4, 7, 9, 15}, {2, 5, 12, 14}, {3, 6, 13}, {8, 11}, {10}}",False,,,,False,FlipSYTNotFound
259836,"{{1, 3, 6, 11, 13}, {2, 5, 9, 14}, {4, 8, 12}, {7, 10}, {15}}","{{1, 4, 6, 8, 9}, {2, 5, 7, 12}, {3, 11, 14}, {10, 15}, {13}}",False,,,,False,FlipSYTNotFound
259856,"{{1, 3, 6, 11, 13}, {2, 5, 10, 14}, {4, 7, 12}, {8, 9}, {15}}","{{1, 4, 6, 7, 8}, {2, 5, 9, 12}, {3, 11, 14}, {10, 15}, {13}}",False,,,,False,FlipSYTNotFound
259872,"{{1, 4, 6, 7, 10}, {2, 5, 8, 13}, {3, 11, 15}, {9, 14}, {12}}","{{1, 2, 4, 11, 13}, {3, 5, 7, 14}, {6, 8, 10}, {9, 12}, {15}}",False,,,,False,FlipSYTNotFound
259873,"{{1, 3, 7, 11, 13}, {2, 5, 9, 14}, {4, 8, 12}, {6, 10}, {15}}","{{1, 4, 6, 8, 10}, {2, 5, 7, 12}, {3, 11, 14}, {9, 15}, {13}}",False,,,,False,FlipSYTNotFound
259887,"{{1, 3, 8, 11, 13}, {2, 4, 9, 14}, {5, 6, 12}, {7, 10}, {15}}","{{1, 4, 6, 9, 11}, {2, 5, 7, 10}, {3, 12, 14}, {8, 15}, {13}}",False,,,,False,FlipSYTNotFound
259925,"{{1, 4, 8, 11, 13}, {2, 6, 9, 14}, {3, 7, 12}, {5, 10}, {15}}","{{1, 4, 6, 9, 11}, {2, 5, 7, 13}, {3, 10, 14}, {8, 15}, {12}}",False,,,,False,FlipSYTNotFound
259939,"{{1, 3, 8, 11, 13}, {2, 5, 9, 14}, {4, 7, 12}, {6, 10}, {15}}","{{1, 4, 6, 9, 10}, {2, 5, 7, 12}, {3, 11, 14}, {8, 15}, {13}}",False,,,,False,FlipSYTNotFound
260091,"{{1, 3, 5, 7, 9}, {2, 4, 8, 13}, {6, 10, 14}, {11, 15}, {12}}","{{1, 4, 10, 12, 14}, {2, 5, 11, 15}, {3, 6, 13}, {7, 8}, {9}}",False,,,,False,FlipSYTNotFound
260129,"{{1, 2, 7, 8, 9}, {3, 4, 10, 13}, {5, 11, 15}, {6, 14}, {12}}","{{1, 2, 4, 10, 13}, {3, 5, 9, 15}, {6, 8, 11}, {7, 12}, {14}}",False,,,,False,FlipSYTNotFound
260299,"{{1, 4, 6, 7, 9}, {2, 5, 10, 13}, {3, 11, 15}, {8, 14}, {12}}","{{1, 2, 4, 11, 13}, {3, 5, 8, 14}, {6, 9, 10}, {7, 12}, {15}}",False,,,,False,FlipSYTNotFound
260303,"{{1, 4, 5, 8, 9}, {2, 6, 10, 13}, {3, 11, 15}, {7, 14}, {12}}","{{1, 2, 4, 12, 13}, {3, 5, 9, 14}, {6, 8, 10}, {7, 11}, {15}}",False,,,,False,FlipSYTNotFound
260328,"{{1, 3, 6, 11, 13}, {2, 5, 8, 14}, {4, 9, 12}, {7, 10}, {15}}","{{1, 4, 6, 9, 12}, {2, 5, 7, 11}, {3, 13, 14}, {8, 15}, {10}}",False,,,,False,FlipSYTNotFound
260512,"{{1, 4, 5, 6, 9}, {2, 7, 10, 13}, {3, 11, 15}, {8, 14}, {12}}","{{1, 2, 4, 12, 13}, {3, 5, 8, 14}, {6, 9, 11}, {7, 10}, {15}}",False,,,,False,FlipSYTNotFound
260601,"{{1, 3, 9, 10, 13}, {2, 5, 11, 14}, {4, 6, 12}, {7, 8}, {15}}","{{1, 4, 7, 8, 9}, {2, 5, 10, 12}, {3, 11, 14}, {6, 15}, {13}}",False,,,,False,FlipSYTNotFound
260614,"{{1, 2, 3, 7, 8}, {4, 5, 6, 13}, {9, 10, 14}, {11, 15}, {12}}","{{1, 4, 7, 11, 12}, {2, 5, 10, 15}, {3, 6, 14}, {8, 9}, {13}}",False,,,,False,FlipSYTNotFound
260673,"{{1, 3, 5, 7, 14}, {2, 6, 8, 11}, {4, 10, 13}, {9, 15}, {12}}","{{1, 3, 4, 7, 12}, {2, 6, 10, 14}, {5, 8, 13}, {9, 11}, {15}}",False,,,,False,FlipSYTNotFound
260745,"{{1, 3, 8, 10, 13}, {2, 4, 11, 14}, {5, 6, 12}, {7, 9}, {15}}","{{1, 4, 7, 9, 11}, {2, 5, 8, 10}, {3, 12, 14}, {6, 15}, {13}}",False,,,,False,FlipSYTNotFound
260795,"{{1, 5, 8, 10, 12}, {2, 7, 9, 11}, {3, 13, 14}, {4, 15}, {6}}","{{1, 3, 7, 9, 10}, {2, 5, 11, 12}, {4, 8, 13}, {6, 14}, {15}}",False,,,,False,FlipSYTNotFound
260799,"{{1, 3, 9, 10, 13}, {2, 5, 11, 14}, {4, 7, 12}, {6, 8}, {15}}","{{1, 4, 7, 8, 10}, {2, 5, 9, 12}, {3, 11, 14}, {6, 15}, {13}}",False,,,,False,FlipSYTNotFound
260878,"{{1, 3, 8, 10, 13}, {2, 5, 11, 14}, {4, 7, 12}, {6, 9}, {15}}","{{1, 4, 7, 9, 10}, {2, 5, 8, 12}, {3, 11, 14}, {6, 15}, {13}}",False,,,,False,FlipSYTNotFound
260885,"{{1, 3, 4, 10, 12}, {2, 8, 9, 11}, {5, 13, 14}, {6, 15}, {7}}","{{1, 3, 7, 8, 9}, {2, 5, 10, 14}, {4, 11, 13}, {6, 12}, {15}}",False,,,,False,FlipSYTNotFound
260903,"{{1, 4, 5, 6, 8}, {2, 7, 11, 12}, {3, 9, 13}, {10, 14}, {15}}","{{1, 5, 6, 12, 13}, {2, 7, 11, 14}, {3, 9, 15}, {4, 10}, {8}}",False,,,,False,FlipSYTNotFound
260978,"{{1, 2, 3, 5, 14}, {4, 6, 7, 11}, {8, 10, 13}, {9, 15}, {12}}","{{1, 3, 4, 7, 12}, {2, 6, 10, 15}, {5, 8, 14}, {9, 13}, {11}}",False,,,,False,FlipSYTNotFound
260999,"{{1, 3, 7, 10, 13}, {2, 4, 11, 14}, {5, 6, 12}, {8, 9}, {15}}","{{1, 4, 7, 8, 11}, {2, 5, 9, 10}, {3, 12, 14}, {6, 15}, {13}}",False,,,,False,FlipSYTNotFound
261014,"{{1, 3, 5, 10, 13}, {2, 6, 11, 14}, {4, 8, 12}, {7, 9}, {15}}","{{1, 4, 7, 9, 14}, {2, 5, 8, 12}, {3, 10, 13}, {6, 15}, {11}}",False,,,,False,FlipSYTNotFound
261114,"{{1, 4, 5, 6, 7}, {2, 8, 10, 13}, {3, 11, 15}, {9, 14}, {12}}","{{1, 2, 4, 12, 13}, {3, 5, 7, 14}, {6, 8, 11}, {9, 10}, {15}}",False,,,,False,FlipSYTNotFound
261178,"{{1, 2, 3, 5, 6}, {4, 7, 11, 12}, {8, 9, 13}, {10, 14}, {15}}","{{1, 5, 6, 8, 15}, {2, 7, 12, 14}, {3, 9, 13}, {4, 11}, {10}}",False,,,,False,FlipSYTNotFound
261274,"{{1, 3, 8, 9, 13}, {2, 5, 11, 14}, {4, 7, 12}, {6, 10}, {15}}","{{1, 4, 6, 9, 10}, {2, 5, 8, 12}, {3, 11, 14}, {7, 15}, {13}}",False,,,,False,FlipSYTNotFound
261282,"{{1, 4, 5, 10, 12}, {2, 6, 7, 11}, {3, 13, 14}, {8, 15}, {9}}","{{1, 3, 7, 10, 13}, {2, 5, 8, 14}, {4, 9, 12}, {6, 11}, {15}}",False,,,,False,FlipSYTNotFound
261294,"{{1, 3, 7, 9, 13}, {2, 4, 11, 14}, {5, 6, 12}, {8, 10}, {15}}","{{1, 4, 6, 8, 11}, {2, 5, 9, 10}, {3, 12, 14}, {7, 15}, {13}}",False,,,,False,FlipSYTNotFound
261307,"{{1, 3, 8, 9, 13}, {2, 4, 11, 14}, {5, 6, 12}, {7, 10}, {15}}","{{1, 4, 6, 9, 11}, {2, 5, 8, 10}, {3, 12, 14}, {7, 15}, {13}}",False,,,,False,FlipSYTNotFound
261399,"{{1, 3, 4, 9, 12}, {2, 8, 10, 11}, {5, 13, 14}, {6, 15}, {7}}","{{1, 3, 6, 8, 9}, {2, 5, 10, 14}, {4, 11, 13}, {7, 12}, {15}}",False,,,,False,FlipSYTNotFound
261439,"{{1, 4, 5, 6, 8}, {2, 7, 9, 13}, {3, 11, 15}, {10, 14}, {12}}","{{1, 2, 4, 12, 13}, {3, 5, 6, 14}, {7, 9, 11}, {8, 10}, {15}}",False,,,,False,FlipSYTNotFound
261514,"{{1, 3, 4, 8, 13}, {2, 7, 11, 14}, {5, 9, 12}, {6, 10}, {15}}","{{1, 4, 6, 10, 14}, {2, 5, 7, 11}, {3, 9, 13}, {8, 15}, {12}}",False,,,,False,FlipSYTNotFound
261559,"{{1, 4, 6, 7, 8}, {2, 5, 9, 13}, {3, 11, 15}, {10, 14}, {12}}","{{1, 2, 4, 11, 13}, {3, 5, 6, 14}, {7, 9, 10}, {8, 12}, {15}}",False,,,,False,FlipSYTNotFound
261810,"{{1, 4, 5, 6, 7}, {2, 8, 9, 13}, {3, 11, 15}, {10, 14}, {12}}","{{1, 2, 4, 12, 13}, {3, 5, 6, 14}, {7, 8, 11}, {9, 10}, {15}}",False,,,,False,FlipSYTNotFound
261876,"{{1, 3, 4, 7, 13}, {2, 5, 11, 14}, {6, 9, 12}, {8, 10}, {15}}","{{1, 4, 6, 8, 14}, {2, 5, 7, 10}, {3, 11, 13}, {9, 15}, {12}}",False,,,,False,FlipSYTNotFound
261887,"{{1, 3, 4, 6, 13}, {2, 8, 11, 14}, {5, 9, 12}, {7, 10}, {15}}","{{1, 4, 6, 9, 14}, {2, 5, 7, 11}, {3, 12, 13}, {8, 15}, {10}}",False,,,,False,FlipSYTNotFound
261990,"{{1, 4, 5, 9, 10}, {2, 6, 8, 13}, {3, 7, 15}, {11, 14}, {12}}","{{1, 2, 4, 9, 13}, {3, 5, 8, 14}, {6, 7, 12}, {10, 15}, {11}}",False,,,,False,FlipSYTNotFound
262023,"{{1, 2, 4, 9, 10}, {3, 6, 8, 13}, {5, 7, 15}, {11, 14}, {12}}","{{1, 2, 4, 9, 11}, {3, 5, 8, 15}, {6, 7, 13}, {10, 14}, {12}}",False,,,,False,FlipSYTNotFound
262027,"{{1, 3, 4, 9, 14}, {2, 6, 7, 10}, {5, 11, 13}, {8, 15}, {12}}","{{1, 3, 4, 8, 11}, {2, 5, 10, 14}, {6, 9, 13}, {7, 12}, {15}}",False,,,,False,FlipSYTNotFound
262045,"{{1, 3, 6, 8, 13}, {2, 5, 11, 14}, {4, 7, 12}, {9, 10}, {15}}","{{1, 4, 6, 7, 12}, {2, 5, 9, 11}, {3, 10, 14}, {8, 15}, {13}}",False,,,,False,FlipSYTNotFound
262064,"{{1, 3, 7, 8, 13}, {2, 4, 11, 14}, {5, 6, 12}, {9, 10}, {15}}","{{1, 4, 6, 7, 11}, {2, 5, 9, 10}, {3, 12, 14}, {8, 15}, {13}}",False,,,,False,FlipSYTNotFound
262098,"{{1, 4, 5, 6, 10}, {2, 7, 8, 12}, {3, 11, 13}, {9, 14}, {15}}","{{1, 5, 7, 12, 13}, {2, 8, 9, 14}, {3, 10, 11}, {4, 15}, {6}}",False,,,,False,FlipSYTNotFound
262133,"{{1, 2, 5, 7, 12}, {3, 4, 10, 11}, {6, 13, 14}, {8, 15}, {9}}","{{1, 3, 6, 7, 13}, {2, 5, 8, 15}, {4, 10, 12}, {9, 11}, {14}}",False,,,,False,FlipSYTNotFound
262145,"{{1, 3, 8, 10, 13}, {2, 5, 9, 14}, {4, 7, 12}, {6, 11}, {15}}","{{1, 4, 5, 9, 10}, {2, 6, 7, 12}, {3, 11, 14}, {8, 15}, {13}}",False,,,,False,FlipSYTNotFound
262189,"{{1, 3, 6, 10, 13}, {2, 5, 9, 14}, {4, 8, 12}, {7, 11}, {15}}","{{1, 4, 5, 8, 9}, {2, 6, 7, 12}, {3, 11, 14}, {10, 15}, {13}}",False,,,,False,FlipSYTNotFound
262288,"{{1, 3, 8, 10, 13}, {2, 4, 9, 14}, {5, 6, 12}, {7, 11}, {15}}","{{1, 4, 5, 9, 11}, {2, 6, 7, 10}, {3, 12, 14}, {8, 15}, {13}}",False,,,,False,FlipSYTNotFound
262325,"{{1, 4, 5, 9, 12}, {2, 6, 7, 11}, {3, 13, 14}, {8, 15}, {10}}","{{1, 3, 6, 10, 13}, {2, 5, 8, 14}, {4, 9, 12}, {7, 11}, {15}}",False,,,,False,FlipSYTNotFound
262327,"{{1, 3, 7, 10, 13}, {2, 5, 9, 14}, {4, 8, 12}, {6, 11}, {15}}","{{1, 4, 5, 8, 10}, {2, 6, 7, 12}, {3, 11, 14}, {9, 15}, {13}}",False,,,,False,FlipSYTNotFound
262386,"{{1, 2, 5, 9, 12}, {3, 4, 8, 11}, {6, 13, 14}, {7, 15}, {10}}","{{1, 3, 6, 9, 13}, {2, 5, 8, 15}, {4, 10, 12}, {7, 11}, {14}}",False,,,,False,FlipSYTNotFound
262537,"{{1, 3, 5, 8, 9}, {2, 4, 10, 13}, {6, 7, 15}, {11, 14}, {12}}","{{1, 2, 4, 10, 14}, {3, 5, 9, 12}, {6, 8, 11}, {7, 15}, {13}}",False,,,,False,FlipSYTNotFound
262565,"{{1, 2, 5, 7, 9}, {3, 6, 10, 13}, {4, 8, 15}, {11, 14}, {12}}","{{1, 2, 4, 12, 15}, {3, 5, 8, 13}, {6, 9, 10}, {7, 14}, {11}}",False,,,,False,FlipSYTNotFound
262736,"{{1, 3, 8, 9, 13}, {2, 5, 10, 14}, {4, 7, 12}, {6, 11}, {15}}","{{1, 4, 5, 9, 10}, {2, 6, 8, 12}, {3, 11, 14}, {7, 15}, {13}}",False,,,,False,FlipSYTNotFound
262785,"{{1, 3, 6, 7, 12}, {2, 5, 8, 11}, {4, 13, 14}, {9, 15}, {10}}","{{1, 3, 6, 11, 12}, {2, 5, 7, 14}, {4, 8, 13}, {9, 10}, {15}}",False,,,,False,FlipSYTNotFound
262823,"{{1, 3, 8, 9, 13}, {2, 4, 10, 14}, {5, 6, 12}, {7, 11}, {15}}","{{1, 4, 5, 9, 11}, {2, 6, 8, 10}, {3, 12, 14}, {7, 15}, {13}}",False,,,,False,FlipSYTNotFound
262865,"{{1, 2, 6, 7, 12}, {3, 5, 8, 11}, {4, 13, 14}, {9, 15}, {10}}","{{1, 3, 6, 11, 12}, {2, 5, 7, 15}, {4, 8, 13}, {9, 10}, {14}}",False,,,,False,FlipSYTNotFound
262946,"{{1, 2, 3, 6, 12}, {4, 5, 7, 11}, {8, 13, 14}, {9, 15}, {10}}","{{1, 3, 6, 11, 12}, {2, 5, 7, 15}, {4, 8, 14}, {9, 13}, {10}}",False,,,,False,FlipSYTNotFound
263044,"{{1, 3, 4, 9, 13}, {2, 5, 10, 14}, {6, 7, 12}, {8, 11}, {15}}","{{1, 4, 5, 8, 14}, {2, 6, 9, 10}, {3, 11, 13}, {7, 15}, {12}}",False,,,,False,FlipSYTNotFound
263096,"{{1, 3, 7, 9, 13}, {2, 4, 10, 14}, {5, 6, 12}, {8, 11}, {15}}","{{1, 4, 5, 8, 11}, {2, 6, 9, 10}, {3, 12, 14}, {7, 15}, {13}}",False,,,,False,FlipSYTNotFound
263174,"{{1, 2, 5, 9, 12}, {3, 4, 8, 10}, {6, 13, 14}, {7, 15}, {11}}","{{1, 3, 5, 9, 13}, {2, 6, 8, 15}, {4, 10, 12}, {7, 11}, {14}}",False,,,,False,FlipSYTNotFound
263244,"{{1, 3, 5, 8, 13}, {2, 6, 10, 14}, {4, 9, 12}, {7, 11}, {15}}","{{1, 4, 5, 9, 14}, {2, 6, 7, 12}, {3, 10, 13}, {8, 15}, {11}}",False,,,,False,FlipSYTNotFound
263261,"{{1, 3, 4, 6, 13}, {2, 8, 10, 14}, {5, 9, 12}, {7, 11}, {15}}","{{1, 4, 5, 9, 14}, {2, 6, 7, 11}, {3, 12, 13}, {8, 15}, {10}}",False,,,,False,FlipSYTNotFound
263381,"{{1, 3, 4, 7, 13}, {2, 5, 10, 14}, {6, 9, 12}, {8, 11}, {15}}","{{1, 4, 5, 8, 14}, {2, 6, 7, 10}, {3, 11, 13}, {9, 15}, {12}}",False,,,,False,FlipSYTNotFound
263396,"{{1, 3, 7, 8, 13}, {2, 4, 10, 14}, {5, 6, 12}, {9, 11}, {15}}","{{1, 4, 5, 7, 11}, {2, 6, 9, 10}, {3, 12, 14}, {8, 15}, {13}}",False,,,,False,FlipSYTNotFound
263574,"{{1, 4, 5, 6, 7}, {2, 8, 9, 13}, {3, 10, 15}, {11, 14}, {12}}","{{1, 2, 4, 12, 13}, {3, 5, 8, 14}, {6, 10, 11}, {7, 15}, {9}}",False,,,,False,FlipSYTNotFound
263577,"{{1, 3, 4, 8, 13}, {2, 5, 10, 14}, {6, 7, 12}, {9, 11}, {15}}","{{1, 4, 5, 7, 14}, {2, 6, 9, 10}, {3, 11, 13}, {8, 15}, {12}}",False,,,,False,FlipSYTNotFound
263816,"{{1, 3, 6, 9, 13}, {2, 4, 7, 14}, {5, 10, 12}, {8, 11}, {15}}","{{1, 4, 5, 8, 14}, {2, 6, 9, 11}, {3, 12, 15}, {7, 13}, {10}}",False,,,,False,FlipSYTNotFound
263906,"{{1, 3, 6, 9, 13}, {2, 5, 7, 14}, {4, 10, 12}, {8, 11}, {15}}","{{1, 4, 5, 8, 12}, {2, 6, 9, 11}, {3, 13, 14}, {7, 15}, {10}}",False,,,,False,FlipSYTNotFound
263920,"{{1, 5, 8, 10, 12}, {2, 7, 9, 11}, {3, 13, 15}, {4, 14}, {6}}","{{1, 2, 7, 9, 10}, {3, 5, 11, 12}, {4, 8, 13}, {6, 14}, {15}}",False,,,,False,FlipSYTNotFound
264046,"{{1, 2, 3, 6, 12}, {4, 5, 7, 10}, {8, 13, 14}, {9, 15}, {11}}","{{1, 3, 5, 11, 12}, {2, 6, 7, 15}, {4, 8, 14}, {9, 13}, {10}}",False,,,,False,FlipSYTNotFound
264146,"{{1, 4, 5, 8, 12}, {2, 6, 7, 9}, {3, 13, 14}, {10, 15}, {11}}","{{1, 3, 5, 10, 13}, {2, 6, 9, 14}, {4, 7, 12}, {8, 11}, {15}}",False,,,,False,FlipSYTNotFound
264245,"{{1, 3, 4, 6, 13}, {2, 8, 9, 14}, {5, 10, 12}, {7, 11}, {15}}","{{1, 4, 5, 9, 14}, {2, 6, 8, 11}, {3, 12, 13}, {7, 15}, {10}}",False,,,,False,FlipSYTNotFound
264278,"{{1, 4, 6, 8, 14}, {2, 5, 7, 9}, {3, 10, 13}, {11, 15}, {12}}","{{1, 3, 4, 11, 13}, {2, 5, 12, 14}, {6, 9, 15}, {7, 10}, {8}}",False,,,,False,FlipSYTNotFound
264393,"{{1, 3, 5, 6, 10}, {2, 4, 8, 12}, {7, 9, 13}, {11, 14}, {15}}","{{1, 5, 9, 12, 14}, {2, 7, 11, 15}, {3, 8, 13}, {4, 10}, {6}}",False,,,,False,FlipSYTNotFound
264424,"{{1, 4, 5, 10, 12}, {2, 6, 7, 11}, {3, 13, 15}, {8, 14}, {9}}","{{1, 2, 7, 10, 13}, {3, 5, 8, 14}, {4, 9, 12}, {6, 11}, {15}}",False,,,,False,FlipSYTNotFound
264580,"{{1, 3, 4, 9, 12}, {2, 8, 10, 11}, {5, 13, 15}, {6, 14}, {7}}","{{1, 2, 6, 8, 9}, {3, 5, 10, 14}, {4, 11, 13}, {7, 12}, {15}}",False,,,,False,FlipSYTNotFound
264892,"{{1, 4, 7, 10, 11}, {2, 5, 8, 12}, {3, 13, 14}, {6, 15}, {9}}","{{1, 3, 7, 10, 13}, {2, 6, 8, 14}, {4, 9, 11}, {5, 12}, {15}}",False,,,,False,FlipSYTNotFound
264902,"{{1, 3, 7, 8, 13}, {2, 4, 9, 14}, {5, 6, 12}, {10, 11}, {15}}","{{1, 4, 5, 6, 11}, {2, 7, 9, 10}, {3, 12, 14}, {8, 15}, {13}}",False,,,,False,FlipSYTNotFound
264953,"{{1, 3, 4, 8, 13}, {2, 5, 9, 14}, {6, 7, 12}, {10, 11}, {15}}","{{1, 4, 5, 6, 14}, {2, 7, 9, 10}, {3, 11, 13}, {8, 15}, {12}}",False,,,,False,FlipSYTNotFound
265077,"{{1, 3, 6, 10, 11}, {2, 5, 7, 12}, {4, 13, 14}, {8, 15}, {9}}","{{1, 3, 7, 11, 12}, {2, 6, 8, 14}, {4, 9, 13}, {5, 10}, {15}}",False,,,,False,FlipSYTNotFound
265107,"{{1, 4, 5, 10, 11}, {2, 6, 7, 12}, {3, 13, 14}, {8, 15}, {9}}","{{1, 3, 7, 10, 13}, {2, 6, 8, 14}, {4, 9, 12}, {5, 11}, {15}}",False,,,,False,FlipSYTNotFound
265167,"{{1, 5, 8, 9, 11}, {2, 7, 10, 12}, {3, 13, 14}, {4, 15}, {6}}","{{1, 3, 8, 9, 10}, {2, 6, 11, 12}, {4, 7, 13}, {5, 14}, {15}}",False,,,,False,FlipSYTNotFound
265398,"{{1, 4, 5, 9, 11}, {2, 6, 10, 12}, {3, 13, 14}, {7, 15}, {8}}","{{1, 3, 8, 12, 13}, {2, 6, 9, 14}, {4, 7, 10}, {5, 11}, {15}}",False,,,,False,FlipSYTNotFound
265451,"{{1, 2, 4, 11, 14}, {3, 5, 6, 12}, {7, 9, 10}, {8, 15}, {13}}","{{1, 3, 6, 7, 8}, {2, 4, 11, 13}, {5, 9, 15}, {10, 14}, {12}}",False,,,,False,FlipSYTNotFound
265483,"{{1, 2, 5, 9, 12}, {3, 4, 8, 11}, {6, 13, 15}, {7, 14}, {10}}","{{1, 2, 6, 9, 13}, {3, 5, 8, 15}, {4, 10, 12}, {7, 11}, {14}}",False,,,,False,FlipSYTNotFound
265529,"{{1, 4, 5, 9, 12}, {2, 6, 7, 11}, {3, 13, 15}, {8, 14}, {10}}","{{1, 2, 6, 10, 13}, {3, 5, 8, 14}, {4, 9, 12}, {7, 11}, {15}}",False,,,,False,FlipSYTNotFound
265703,"{{1, 3, 4, 11, 14}, {2, 6, 7, 12}, {5, 8, 10}, {9, 15}, {13}}","{{1, 3, 6, 7, 11}, {2, 4, 10, 14}, {5, 8, 15}, {9, 13}, {12}}",False,,,,False,FlipSYTNotFound
265810,"{{1, 2, 4, 11, 14}, {3, 5, 6, 12}, {7, 8, 9}, {10, 15}, {13}}","{{1, 3, 6, 8, 9}, {2, 4, 11, 13}, {5, 7, 15}, {10, 14}, {12}}",False,,,,False,FlipSYTNotFound
265833,"{{1, 4, 5, 8, 11}, {2, 6, 10, 12}, {3, 13, 14}, {7, 15}, {9}}","{{1, 3, 7, 12, 13}, {2, 6, 9, 14}, {4, 8, 10}, {5, 11}, {15}}",False,,,,False,FlipSYTNotFound
265973,"{{1, 4, 5, 9, 11}, {2, 6, 7, 12}, {3, 13, 14}, {8, 15}, {10}}","{{1, 3, 6, 10, 13}, {2, 7, 8, 14}, {4, 9, 12}, {5, 11}, {15}}",False,,,,False,FlipSYTNotFound
266135,"{{1, 2, 4, 11, 13}, {3, 6, 8, 14}, {5, 7, 9}, {10, 12}, {15}}","{{1, 4, 6, 9, 11}, {2, 5, 7, 13}, {3, 10, 15}, {8, 14}, {12}}",False,,,,False,FlipSYTNotFound
266137,"{{1, 2, 3, 6, 12}, {4, 5, 7, 11}, {8, 13, 15}, {9, 14}, {10}}","{{1, 2, 6, 11, 12}, {3, 5, 7, 15}, {4, 8, 14}, {9, 13}, {10}}",False,,,,False,FlipSYTNotFound
266326,"{{1, 2, 4, 10, 14}, {3, 5, 6, 12}, {7, 9, 11}, {8, 15}, {13}}","{{1, 3, 5, 7, 8}, {2, 4, 11, 13}, {6, 9, 15}, {10, 14}, {12}}",False,,,,False,FlipSYTNotFound
266361,"{{1, 4, 5, 8, 11}, {2, 6, 9, 12}, {3, 13, 14}, {7, 15}, {10}}","{{1, 3, 6, 12, 13}, {2, 7, 9, 14}, {4, 8, 10}, {5, 11}, {15}}",False,,,,False,FlipSYTNotFound
266366,"{{1, 2, 5, 9, 12}, {3, 4, 8, 10}, {6, 13, 15}, {7, 14}, {11}}","{{1, 2, 5, 9, 13}, {3, 6, 8, 15}, {4, 10, 12}, {7, 11}, {14}}",False,,,,False,FlipSYTNotFound
266369,"{{1, 4, 5, 7, 11}, {2, 6, 8, 10}, {3, 12, 13}, {9, 14}, {15}}","{{1, 4, 7, 10, 13}, {2, 6, 8, 14}, {3, 11, 12}, {5, 15}, {9}}",False,,,,False,FlipSYTNotFound
266532,"{{1, 4, 5, 6, 11}, {2, 7, 9, 12}, {3, 13, 14}, {8, 15}, {10}}","{{1, 3, 6, 12, 13}, {2, 7, 8, 14}, {4, 9, 11}, {5, 10}, {15}}",False,,,,False,FlipSYTNotFound
266563,"{{1, 4, 5, 8, 11}, {2, 6, 7, 12}, {3, 13, 14}, {9, 15}, {10}}","{{1, 3, 6, 10, 13}, {2, 7, 9, 14}, {4, 8, 12}, {5, 11}, {15}}",False,,,,False,FlipSYTNotFound
266581,"{{1, 2, 5, 8, 11}, {3, 6, 7, 12}, {4, 13, 14}, {9, 15}, {10}}","{{1, 3, 6, 10, 12}, {2, 7, 9, 15}, {4, 8, 13}, {5, 11}, {14}}",False,,,,False,FlipSYTNotFound
266591,"{{1, 3, 4, 6, 11}, {2, 5, 9, 12}, {7, 13, 14}, {8, 15}, {10}}","{{1, 3, 6, 13, 14}, {2, 7, 8, 15}, {4, 9, 11}, {5, 10}, {12}}",False,,,,False,FlipSYTNotFound
266595,"{{1, 2, 4, 10, 14}, {3, 5, 6, 12}, {7, 8, 11}, {9, 15}, {13}}","{{1, 3, 5, 7, 9}, {2, 4, 11, 13}, {6, 8, 15}, {10, 14}, {12}}",False,,,,False,FlipSYTNotFound
266624,"{{1, 3, 4, 8, 11}, {2, 5, 7, 12}, {6, 13, 14}, {9, 15}, {10}}","{{1, 3, 6, 10, 14}, {2, 7, 9, 15}, {4, 8, 13}, {5, 11}, {12}}",False,,,,False,FlipSYTNotFound
266630,"{{1, 5, 6, 9, 14}, {2, 7, 10, 12}, {3, 8, 11}, {4, 15}, {13}}","{{1, 3, 5, 8, 12}, {2, 4, 11, 13}, {6, 9, 14}, {7, 10}, {15}}",False,,,,False,FlipSYTNotFound
266663,"{{1, 3, 6, 10, 13}, {2, 7, 8, 14}, {4, 9, 11}, {5, 12}, {15}}","{{1, 4, 7, 9, 11}, {2, 5, 8, 12}, {3, 13, 14}, {6, 15}, {10}}",False,,,,False,FlipSYTNotFound
266685,"{{1, 3, 5, 6, 12}, {2, 7, 9, 10}, {4, 13, 15}, {8, 14}, {11}}","{{1, 2, 5, 8, 12}, {3, 6, 7, 14}, {4, 9, 13}, {10, 11}, {15}}",False,,,,False,FlipSYTNotFound
266702,"{{1, 3, 5, 8, 11}, {2, 4, 6, 9}, {7, 12, 13}, {10, 14}, {15}}","{{1, 4, 6, 12, 14}, {2, 7, 9, 15}, {3, 10, 13}, {5, 11}, {8}}",False,,,,False,FlipSYTNotFound
266732,"{{1, 3, 6, 10, 13}, {2, 5, 7, 14}, {4, 9, 11}, {8, 12}, {15}}","{{1, 4, 7, 8, 12}, {2, 5, 9, 11}, {3, 13, 14}, {6, 15}, {10}}",False,,,,False,FlipSYTNotFound
266825,"{{1, 2, 4, 10, 13}, {3, 6, 8, 14}, {5, 7, 11}, {9, 12}, {15}}","{{1, 4, 7, 9, 11}, {2, 5, 8, 13}, {3, 10, 15}, {6, 14}, {12}}",False,,,,False,FlipSYTNotFound
266837,"{{1, 4, 5, 7, 11}, {2, 6, 8, 9}, {3, 12, 13}, {10, 14}, {15}}","{{1, 4, 6, 10, 13}, {2, 7, 8, 14}, {3, 11, 12}, {5, 15}, {9}}",False,,,,False,FlipSYTNotFound
267041,"{{1, 3, 8, 9, 13}, {2, 6, 10, 14}, {4, 7, 11}, {5, 12}, {15}}","{{1, 4, 8, 9, 11}, {2, 5, 10, 12}, {3, 13, 14}, {6, 15}, {7}}",False,,,,False,FlipSYTNotFound
267065,"{{1, 4, 5, 8, 12}, {2, 6, 7, 10}, {3, 13, 15}, {9, 14}, {11}}","{{1, 2, 5, 10, 13}, {3, 6, 7, 14}, {4, 9, 12}, {8, 11}, {15}}",False,,,,False,FlipSYTNotFound
267258,"{{1, 5, 8, 9, 10}, {2, 7, 11, 12}, {3, 13, 14}, {4, 15}, {6}}","{{1, 3, 8, 9, 10}, {2, 5, 11, 12}, {4, 7, 13}, {6, 14}, {15}}",False,,,,False,FlipSYTNotFound
267305,"{{1, 2, 3, 6, 12}, {4, 5, 7, 10}, {8, 13, 15}, {9, 14}, {11}}","{{1, 2, 5, 11, 12}, {3, 6, 7, 15}, {4, 8, 14}, {9, 13}, {10}}",False,,,,False,FlipSYTNotFound
267432,"{{1, 4, 5, 9, 10}, {2, 6, 11, 12}, {3, 13, 14}, {7, 15}, {8}}","{{1, 3, 8, 12, 13}, {2, 5, 9, 14}, {4, 7, 10}, {6, 11}, {15}}",False,,,,False,FlipSYTNotFound
267555,"{{1, 2, 3, 7, 13}, {4, 8, 10, 14}, {5, 9, 11}, {6, 12}, {15}}","{{1, 4, 7, 10, 15}, {2, 5, 8, 11}, {3, 12, 14}, {6, 13}, {9}}",False,,,,False,FlipSYTNotFound
267629,"{{1, 2, 4, 8, 10}, {3, 7, 11, 12}, {5, 13, 14}, {6, 15}, {9}}","{{1, 3, 7, 10, 15}, {2, 5, 9, 13}, {4, 8, 11}, {6, 12}, {14}}",False,,,,False,FlipSYTNotFound
267701,"{{1, 4, 5, 8, 10}, {2, 6, 11, 12}, {3, 13, 14}, {7, 15}, {9}}","{{1, 3, 7, 12, 13}, {2, 5, 9, 14}, {4, 8, 10}, {6, 11}, {15}}",False,,,,False,FlipSYTNotFound
267710,"{{1, 2, 3, 6, 12}, {4, 5, 7, 9}, {8, 13, 15}, {10, 14}, {11}}","{{1, 2, 5, 11, 12}, {3, 6, 8, 15}, {4, 7, 14}, {9, 13}, {10}}",False,,,,False,FlipSYTNotFound
267745,"{{1, 3, 4, 6, 13}, {2, 7, 10, 14}, {5, 9, 11}, {8, 12}, {15}}","{{1, 4, 7, 8, 14}, {2, 5, 9, 11}, {3, 12, 13}, {6, 15}, {10}}",False,,,,False,FlipSYTNotFound
267752,"{{1, 4, 5, 6, 10}, {2, 7, 9, 11}, {3, 12, 13}, {8, 14}, {15}}","{{1, 4, 8, 12, 13}, {2, 7, 9, 14}, {3, 10, 11}, {5, 15}, {6}}",False,,,,False,FlipSYTNotFound
267773,"{{1, 4, 6, 8, 10}, {2, 5, 7, 11}, {3, 12, 13}, {9, 14}, {15}}","{{1, 4, 7, 11, 13}, {2, 8, 9, 14}, {3, 10, 12}, {5, 15}, {6}}",False,,,,False,FlipSYTNotFound
267850,"{{1, 4, 5, 6, 10}, {2, 7, 8, 11}, {3, 12, 13}, {9, 14}, {15}}","{{1, 4, 7, 12, 13}, {2, 8, 9, 14}, {3, 10, 11}, {5, 15}, {6}}",False,,,,False,FlipSYTNotFound
267970,"{{1, 2, 5, 9, 14}, {3, 4, 6, 12}, {7, 10, 11}, {8, 15}, {13}}","{{1, 3, 5, 6, 8}, {2, 4, 12, 13}, {7, 9, 15}, {10, 14}, {11}}",False,,,,False,FlipSYTNotFound
268085,"{{1, 2, 5, 10, 11}, {3, 4, 8, 12}, {6, 13, 15}, {7, 14}, {9}}","{{1, 2, 7, 9, 13}, {3, 6, 8, 15}, {4, 10, 12}, {5, 11}, {14}}",False,,,,False,FlipSYTNotFound
268201,"{{1, 4, 5, 10, 11}, {2, 6, 7, 12}, {3, 13, 15}, {8, 14}, {9}}","{{1, 2, 7, 10, 13}, {3, 6, 8, 14}, {4, 9, 12}, {5, 11}, {15}}",False,,,,False,FlipSYTNotFound
268319,"{{1, 3, 5, 7, 14}, {2, 6, 9, 12}, {4, 10, 11}, {8, 15}, {13}}","{{1, 3, 5, 6, 8}, {2, 4, 12, 14}, {7, 10, 13}, {9, 11}, {15}}",False,,,,False,FlipSYTNotFound
268324,"{{1, 3, 6, 9, 13}, {2, 5, 7, 14}, {4, 10, 11}, {8, 12}, {15}}","{{1, 4, 6, 8, 12}, {2, 5, 9, 11}, {3, 13, 14}, {7, 15}, {10}}",False,,,,False,FlipSYTNotFound
268370,"{{1, 3, 5, 8, 14}, {2, 4, 6, 12}, {7, 10, 11}, {9, 15}, {13}}","{{1, 3, 5, 6, 7}, {2, 4, 12, 14}, {8, 9, 15}, {10, 13}, {11}}",False,,,,False,FlipSYTNotFound
268435,"{{1, 4, 5, 6, 9}, {2, 7, 10, 11}, {3, 12, 13}, {8, 14}, {15}}","{{1, 4, 8, 12, 13}, {2, 6, 9, 14}, {3, 10, 11}, {5, 15}, {7}}",False,,,,False,FlipSYTNotFound
268523,"{{1, 4, 5, 8, 9}, {2, 6, 11, 12}, {3, 13, 14}, {7, 15}, {10}}","{{1, 3, 6, 12, 13}, {2, 5, 9, 14}, {4, 8, 10}, {7, 11}, {15}}",False,,,,False,FlipSYTNotFound
268611,"{{1, 3, 4, 9, 11}, {2, 6, 10, 12}, {5, 13, 15}, {7, 14}, {8}}","{{1, 2, 8, 11, 14}, {3, 6, 9, 13}, {4, 7, 10}, {5, 12}, {15}}",False,,,,False,FlipSYTNotFound
268630,"{{1, 5, 8, 9, 11}, {2, 7, 10, 12}, {3, 13, 15}, {4, 14}, {6}}","{{1, 2, 8, 9, 10}, {3, 6, 11, 12}, {4, 7, 13}, {5, 14}, {15}}",False,,,,False,FlipSYTNotFound
268654,"{{1, 4, 5, 9, 11}, {2, 6, 10, 12}, {3, 13, 15}, {7, 14}, {8}}","{{1, 2, 8, 12, 13}, {3, 6, 9, 14}, {4, 7, 10}, {5, 11}, {15}}",False,,,,False,FlipSYTNotFound
268663,"{{1, 2, 4, 7, 14}, {3, 5, 6, 12}, {8, 10, 11}, {9, 15}, {13}}","{{1, 3, 5, 6, 7}, {2, 4, 11, 13}, {8, 10, 15}, {9, 14}, {12}}",False,,,,False,FlipSYTNotFound
268668,"{{1, 4, 6, 7, 9}, {2, 5, 11, 12}, {3, 13, 14}, {8, 15}, {10}}","{{1, 3, 6, 11, 13}, {2, 5, 8, 14}, {4, 9, 10}, {7, 12}, {15}}",False,,,,False,FlipSYTNotFound
268688,"{{1, 3, 4, 6, 13}, {2, 8, 9, 14}, {5, 10, 11}, {7, 12}, {15}}","{{1, 4, 6, 9, 14}, {2, 5, 8, 11}, {3, 12, 13}, {7, 15}, {10}}",False,,,,False,FlipSYTNotFound
268712,"{{1, 3, 5, 7, 14}, {2, 6, 8, 12}, {4, 10, 11}, {9, 15}, {13}}","{{1, 3, 5, 6, 7}, {2, 4, 12, 14}, {8, 10, 13}, {9, 11}, {15}}",False,,,,False,FlipSYTNotFound
268737,"{{1, 2, 3, 4, 14}, {5, 6, 7, 12}, {8, 10, 11}, {9, 15}, {13}}","{{1, 3, 5, 6, 7}, {2, 4, 11, 15}, {8, 10, 14}, {9, 13}, {12}}",False,,,,False,FlipSYTNotFound
268858,"{{1, 2, 4, 9, 14}, {3, 6, 7, 12}, {5, 8, 11}, {10, 15}, {13}}","{{1, 3, 5, 6, 11}, {2, 4, 10, 13}, {7, 8, 15}, {9, 14}, {12}}",False,,,,False,FlipSYTNotFound
268874,"{{1, 4, 5, 6, 9}, {2, 7, 11, 12}, {3, 13, 14}, {8, 15}, {10}}","{{1, 3, 6, 12, 13}, {2, 5, 8, 14}, {4, 9, 11}, {7, 10}, {15}}",False,,,,False,FlipSYTNotFound
268877,"{{1, 3, 4, 6, 13}, {2, 7, 9, 14}, {5, 10, 11}, {8, 12}, {15}}","{{1, 4, 6, 8, 14}, {2, 5, 9, 11}, {3, 12, 13}, {7, 15}, {10}}",False,,,,False,FlipSYTNotFound
268938,"{{1, 3, 4, 6, 7}, {2, 9, 11, 12}, {5, 13, 14}, {8, 15}, {10}}","{{1, 3, 6, 8, 14}, {2, 5, 7, 13}, {4, 10, 11}, {9, 12}, {15}}",False,,,,False,FlipSYTNotFound
268946,"{{1, 4, 5, 8, 11}, {2, 6, 10, 12}, {3, 13, 15}, {7, 14}, {9}}","{{1, 2, 7, 12, 13}, {3, 6, 9, 14}, {4, 8, 10}, {5, 11}, {15}}",False,,,,False,FlipSYTNotFound
268961,"{{1, 4, 6, 7, 8}, {2, 5, 11, 12}, {3, 13, 14}, {9, 15}, {10}}","{{1, 3, 6, 11, 13}, {2, 5, 7, 14}, {4, 9, 10}, {8, 12}, {15}}",False,,,,False,FlipSYTNotFound
268967,"{{1, 2, 4, 9, 14}, {3, 5, 6, 12}, {7, 8, 11}, {10, 15}, {13}}","{{1, 3, 5, 6, 9}, {2, 4, 11, 13}, {7, 8, 15}, {10, 14}, {12}}",False,,,,False,FlipSYTNotFound
269198,"{{1, 4, 5, 6, 8}, {2, 7, 11, 12}, {3, 13, 14}, {9, 15}, {10}}","{{1, 3, 6, 12, 13}, {2, 5, 7, 14}, {4, 9, 11}, {8, 10}, {15}}",False,,,,False,FlipSYTNotFound
269204,"{{1, 4, 5, 6, 7}, {2, 8, 11, 12}, {3, 13, 14}, {9, 15}, {10}}","{{1, 3, 6, 12, 13}, {2, 5, 7, 14}, {4, 8, 11}, {9, 10}, {15}}",False,,,,False,FlipSYTNotFound
269362,"{{1, 2, 4, 9, 13}, {3, 6, 8, 14}, {5, 7, 11}, {10, 12}, {15}}","{{1, 4, 6, 9, 11}, {2, 5, 8, 13}, {3, 10, 15}, {7, 14}, {12}}",False,,,,False,FlipSYTNotFound
269529,"{{1, 4, 5, 9, 10}, {2, 6, 7, 12}, {3, 13, 14}, {8, 15}, {11}}","{{1, 3, 5, 10, 13}, {2, 7, 8, 14}, {4, 9, 12}, {6, 11}, {15}}",False,,,,False,FlipSYTNotFound
269564,"{{1, 2, 5, 6, 7}, {3, 8, 9, 11}, {4, 12, 13}, {10, 14}, {15}}","{{1, 4, 6, 12, 15}, {2, 7, 8, 13}, {3, 10, 11}, {5, 14}, {9}}",False,,,,False,FlipSYTNotFound
269581,"{{1, 4, 5, 8, 11}, {2, 6, 9, 12}, {3, 13, 15}, {7, 14}, {10}}","{{1, 2, 6, 12, 13}, {3, 7, 9, 14}, {4, 8, 10}, {5, 11}, {15}}",False,,,,False,FlipSYTNotFound
269613,"{{1, 2, 4, 7, 14}, {3, 5, 6, 12}, {8, 9, 11}, {10, 15}, {13}}","{{1, 3, 5, 6, 8}, {2, 4, 11, 13}, {7, 10, 15}, {9, 14}, {12}}",False,,,,False,FlipSYTNotFound
269745,"{{1, 4, 5, 7, 10}, {2, 6, 8, 9}, {3, 12, 13}, {11, 14}, {15}}","{{1, 4, 5, 10, 13}, {2, 7, 8, 14}, {3, 11, 12}, {6, 15}, {9}}",False,,,,False,FlipSYTNotFound
269767,"{{1, 3, 6, 8, 11}, {2, 5, 7, 12}, {4, 13, 15}, {9, 14}, {10}}","{{1, 2, 6, 11, 12}, {3, 7, 9, 14}, {4, 8, 13}, {5, 10}, {15}}",False,,,,False,FlipSYTNotFound
269780,"{{1, 3, 4, 8, 10}, {2, 7, 9, 12}, {5, 13, 14}, {6, 15}, {11}}","{{1, 3, 5, 10, 14}, {2, 7, 9, 13}, {4, 8, 11}, {6, 12}, {15}}",False,,,,False,FlipSYTNotFound
269820,"{{1, 4, 5, 8, 10}, {2, 6, 9, 12}, {3, 13, 14}, {7, 15}, {11}}","{{1, 3, 5, 12, 13}, {2, 7, 9, 14}, {4, 8, 10}, {6, 11}, {15}}",False,,,,False,FlipSYTNotFound
269949,"{{1, 2, 4, 10, 14}, {3, 5, 6, 12}, {7, 8, 9}, {11, 15}, {13}}","{{1, 3, 5, 8, 9}, {2, 4, 11, 13}, {6, 7, 15}, {10, 14}, {12}}",False,,,,False,FlipSYTNotFound
269997,"{{1, 4, 6, 7, 10}, {2, 5, 9, 12}, {3, 13, 14}, {8, 15}, {11}}","{{1, 3, 5, 11, 13}, {2, 7, 8, 14}, {4, 9, 10}, {6, 12}, {15}}",False,,,,False,FlipSYTNotFound
270115,"{{1, 2, 4, 10, 13}, {3, 6, 8, 14}, {5, 7, 9}, {11, 12}, {15}}","{{1, 4, 5, 9, 11}, {2, 6, 7, 13}, {3, 10, 15}, {8, 14}, {12}}",False,,,,False,FlipSYTNotFound
270228,"{{1, 2, 6, 9, 13}, {3, 4, 8, 14}, {5, 7, 10}, {11, 12}, {15}}","{{1, 4, 5, 9, 11}, {2, 6, 8, 13}, {3, 12, 15}, {7, 14}, {10}}",False,,,,False,FlipSYTNotFound
270234,"{{1, 2, 5, 10, 13}, {3, 4, 7, 14}, {6, 8, 9}, {11, 12}, {15}}","{{1, 4, 5, 8, 10}, {2, 6, 7, 13}, {3, 12, 15}, {9, 14}, {11}}",False,,,,False,FlipSYTNotFound
270281,"{{1, 2, 4, 9, 13}, {3, 6, 8, 14}, {5, 7, 10}, {11, 12}, {15}}","{{1, 4, 5, 9, 11}, {2, 6, 8, 13}, {3, 10, 15}, {7, 14}, {12}}",False,,,,False,FlipSYTNotFound
270306,"{{1, 5, 8, 9, 10}, {2, 7, 11, 12}, {3, 13, 15}, {4, 14}, {6}}","{{1, 2, 8, 9, 10}, {3, 5, 11, 12}, {4, 7, 13}, {6, 14}, {15}}",False,,,,False,FlipSYTNotFound
270333,"{{1, 2, 3, 6, 10}, {4, 5, 8, 12}, {7, 13, 14}, {9, 15}, {11}}","{{1, 3, 5, 12, 15}, {2, 7, 9, 14}, {4, 8, 11}, {6, 10}, {13}}",False,,,,False,FlipSYTNotFound
270555,"{{1, 4, 5, 9, 10}, {2, 6, 11, 12}, {3, 13, 15}, {7, 14}, {8}}","{{1, 2, 8, 12, 13}, {3, 5, 9, 14}, {4, 7, 10}, {6, 11}, {15}}",False,,,,False,FlipSYTNotFound
270669,"{{1, 2, 4, 7, 14}, {3, 5, 6, 12}, {8, 9, 10}, {11, 15}, {13}}","{{1, 3, 5, 7, 8}, {2, 4, 11, 13}, {6, 10, 15}, {9, 14}, {12}}",False,,,,False,FlipSYTNotFound
270728,"{{1, 4, 5, 8, 9}, {2, 6, 10, 12}, {3, 13, 14}, {7, 15}, {11}}","{{1, 3, 5, 12, 13}, {2, 6, 9, 14}, {4, 8, 10}, {7, 11}, {15}}",False,,,,False,FlipSYTNotFound
270801,"{{1, 3, 5, 7, 9}, {2, 4, 6, 8}, {10, 12, 13}, {11, 14}, {15}}","{{1, 4, 5, 12, 14}, {2, 6, 10, 15}, {3, 8, 13}, {7, 11}, {9}}",False,,,,False,FlipSYTNotFound
270936,"{{1, 3, 5, 6, 7}, {2, 4, 8, 9}, {10, 12, 13}, {11, 14}, {15}}","{{1, 4, 5, 12, 14}, {2, 6, 11, 15}, {3, 8, 13}, {7, 10}, {9}}",False,,,,False,FlipSYTNotFound
271018,"{{1, 4, 5, 8, 10}, {2, 6, 11, 12}, {3, 13, 15}, {7, 14}, {9}}","{{1, 2, 7, 12, 13}, {3, 5, 9, 14}, {4, 8, 10}, {6, 11}, {15}}",False,,,,False,FlipSYTNotFound
271035,"{{1, 3, 9, 11, 12}, {2, 5, 10, 14}, {4, 7, 13}, {6, 8}, {15}}","{{1, 3, 6, 8, 10}, {2, 5, 9, 12}, {4, 11, 14}, {7, 15}, {13}}",False,,,,False,FlipSYTNotFound
271059,"{{1, 3, 9, 11, 12}, {2, 5, 10, 14}, {4, 6, 13}, {7, 8}, {15}}","{{1, 3, 6, 8, 9}, {2, 5, 10, 12}, {4, 11, 14}, {7, 15}, {13}}",False,,,,False,FlipSYTNotFound
271097,"{{1, 3, 8, 11, 12}, {2, 5, 10, 14}, {4, 6, 13}, {7, 9}, {15}}","{{1, 3, 6, 7, 9}, {2, 5, 10, 12}, {4, 11, 14}, {8, 15}, {13}}",False,,,,False,FlipSYTNotFound
271128,"{{1, 4, 9, 11, 12}, {2, 6, 10, 14}, {3, 7, 13}, {5, 8}, {15}}","{{1, 3, 6, 8, 11}, {2, 5, 9, 13}, {4, 10, 14}, {7, 15}, {12}}",False,,,,False,FlipSYTNotFound
271136,"{{1, 4, 6, 7, 10}, {2, 5, 11, 12}, {3, 13, 15}, {8, 14}, {9}}","{{1, 2, 7, 11, 13}, {3, 5, 8, 14}, {4, 9, 10}, {6, 12}, {15}}",False,,,,False,FlipSYTNotFound
271146,"{{1, 4, 6, 7, 8}, {2, 5, 10, 12}, {3, 13, 14}, {9, 15}, {11}}","{{1, 3, 5, 11, 13}, {2, 6, 7, 14}, {4, 9, 10}, {8, 12}, {15}}",False,,,,False,FlipSYTNotFound
271151,"{{1, 3, 8, 11, 12}, {2, 5, 10, 14}, {4, 7, 13}, {6, 9}, {15}}","{{1, 3, 6, 7, 10}, {2, 5, 9, 12}, {4, 11, 14}, {8, 15}, {13}}",False,,,,False,FlipSYTNotFound
271154,"{{1, 3, 7, 11, 12}, {2, 5, 10, 14}, {4, 8, 13}, {6, 9}, {15}}","{{1, 3, 6, 7, 10}, {2, 5, 8, 12}, {4, 11, 14}, {9, 15}, {13}}",False,,,,False,FlipSYTNotFound
271180,"{{1, 2, 4, 11, 12}, {3, 6, 10, 14}, {5, 8, 13}, {7, 9}, {15}}","{{1, 3, 6, 7, 9}, {2, 5, 8, 11}, {4, 13, 15}, {10, 14}, {12}}",False,,,,False,FlipSYTNotFound
271186,"{{1, 3, 5, 11, 12}, {2, 6, 10, 14}, {4, 8, 13}, {7, 9}, {15}}","{{1, 3, 6, 7, 9}, {2, 5, 8, 12}, {4, 13, 14}, {10, 15}, {11}}",False,,,,False,FlipSYTNotFound
271205,"{{1, 3, 6, 11, 12}, {2, 5, 10, 14}, {4, 8, 13}, {7, 9}, {15}}","{{1, 3, 6, 7, 9}, {2, 5, 8, 12}, {4, 11, 14}, {10, 15}, {13}}",False,,,,False,FlipSYTNotFound
271222,"{{1, 4, 5, 6, 8}, {2, 7, 10, 12}, {3, 13, 14}, {9, 15}, {11}}","{{1, 3, 5, 12, 13}, {2, 6, 7, 14}, {4, 9, 11}, {8, 10}, {15}}",False,,,,False,FlipSYTNotFound
271321,"{{1, 3, 7, 11, 12}, {2, 5, 10, 14}, {4, 6, 13}, {8, 9}, {15}}","{{1, 3, 6, 7, 8}, {2, 5, 10, 12}, {4, 11, 14}, {9, 15}, {13}}",False,,,,False,FlipSYTNotFound
271329,"{{1, 3, 6, 11, 12}, {2, 5, 10, 14}, {4, 7, 13}, {8, 9}, {15}}","{{1, 3, 6, 7, 8}, {2, 5, 9, 12}, {4, 11, 14}, {10, 15}, {13}}",False,,,,False,FlipSYTNotFound
271351,"{{1, 2, 4, 11, 12}, {3, 5, 10, 14}, {6, 7, 13}, {8, 9}, {15}}","{{1, 3, 6, 7, 8}, {2, 5, 9, 10}, {4, 13, 15}, {11, 14}, {12}}",False,,,,False,FlipSYTNotFound
271366,"{{1, 4, 5, 6, 7}, {2, 8, 10, 12}, {3, 13, 14}, {9, 15}, {11}}","{{1, 3, 5, 12, 13}, {2, 6, 7, 14}, {4, 8, 11}, {9, 10}, {15}}",False,,,,False,FlipSYTNotFound
271436,"{{1, 3, 6, 11, 12}, {2, 5, 9, 14}, {4, 8, 13}, {7, 10}, {15}}","{{1, 3, 6, 8, 9}, {2, 5, 7, 12}, {4, 11, 14}, {10, 15}, {13}}",False,,,,False,FlipSYTNotFound
271502,"{{1, 3, 7, 11, 12}, {2, 5, 9, 14}, {4, 8, 13}, {6, 10}, {15}}","{{1, 3, 6, 8, 10}, {2, 5, 7, 12}, {4, 11, 14}, {9, 15}, {13}}",False,,,,False,FlipSYTNotFound
271596,"{{1, 3, 8, 11, 12}, {2, 4, 9, 14}, {5, 6, 13}, {7, 10}, {15}}","{{1, 3, 6, 9, 11}, {2, 5, 7, 10}, {4, 12, 14}, {8, 15}, {13}}",False,,,,False,FlipSYTNotFound
271708,"{{1, 3, 8, 11, 12}, {2, 5, 9, 14}, {4, 7, 13}, {6, 10}, {15}}","{{1, 3, 6, 9, 10}, {2, 5, 7, 12}, {4, 11, 14}, {8, 15}, {13}}",False,,,,False,FlipSYTNotFound
271823,"{{1, 4, 5, 8, 9}, {2, 6, 11, 12}, {3, 13, 15}, {7, 14}, {10}}","{{1, 2, 6, 12, 13}, {3, 5, 9, 14}, {4, 8, 10}, {7, 11}, {15}}",False,,,,False,FlipSYTNotFound
271830,"{{1, 3, 6, 11, 12}, {2, 7, 8, 14}, {4, 9, 13}, {5, 10}, {15}}","{{1, 3, 6, 9, 11}, {2, 5, 7, 12}, {4, 13, 14}, {8, 15}, {10}}",False,,,,False,FlipSYTNotFound
271831,"{{1, 3, 6, 11, 12}, {2, 5, 8, 14}, {4, 9, 13}, {7, 10}, {15}}","{{1, 3, 6, 9, 12}, {2, 5, 7, 11}, {4, 13, 14}, {8, 15}, {10}}",False,,,,False,FlipSYTNotFound
271905,"{{1, 2, 6, 11, 12}, {3, 5, 7, 14}, {4, 9, 13}, {8, 10}, {15}}","{{1, 3, 6, 8, 12}, {2, 5, 7, 11}, {4, 13, 15}, {9, 14}, {10}}",False,,,,False,FlipSYTNotFound
272015,"{{1, 4, 5, 6, 7}, {2, 8, 9, 12}, {3, 13, 14}, {10, 15}, {11}}","{{1, 3, 5, 12, 13}, {2, 6, 8, 14}, {4, 7, 11}, {9, 10}, {15}}",False,,,,False,FlipSYTNotFound
272137,"{{1, 3, 9, 10, 12}, {2, 5, 11, 14}, {4, 7, 13}, {6, 8}, {15}}","{{1, 3, 7, 8, 10}, {2, 5, 9, 12}, {4, 11, 14}, {6, 15}, {13}}",False,,,,False,FlipSYTNotFound
272181,"{{1, 3, 9, 10, 12}, {2, 5, 11, 14}, {4, 6, 13}, {7, 8}, {15}}","{{1, 3, 7, 8, 9}, {2, 5, 10, 12}, {4, 11, 14}, {6, 15}, {13}}",False,,,,False,FlipSYTNotFound
272194,"{{1, 4, 6, 7, 8}, {2, 5, 11, 12}, {3, 13, 15}, {9, 14}, {10}}","{{1, 2, 6, 11, 13}, {3, 5, 7, 14}, {4, 9, 10}, {8, 12}, {15}}",False,,,,False,FlipSYTNotFound
272225,"{{1, 4, 5, 6, 8}, {2, 7, 11, 12}, {3, 13, 15}, {9, 14}, {10}}","{{1, 2, 6, 12, 13}, {3, 5, 7, 14}, {4, 9, 11}, {8, 10}, {15}}",False,,,,False,FlipSYTNotFound
272296,"{{1, 3, 8, 10, 12}, {2, 4, 11, 14}, {5, 6, 13}, {7, 9}, {15}}","{{1, 3, 7, 9, 11}, {2, 5, 8, 10}, {4, 12, 14}, {6, 15}, {13}}",False,,,,False,FlipSYTNotFound
272313,"{{1, 4, 5, 6, 7}, {2, 8, 11, 12}, {3, 13, 15}, {9, 14}, {10}}","{{1, 2, 6, 12, 13}, {3, 5, 7, 14}, {4, 8, 11}, {9, 10}, {15}}",False,,,,False,FlipSYTNotFound
272327,"{{1, 2, 5, 9, 11}, {3, 4, 8, 10}, {6, 13, 14}, {7, 15}, {12}}","{{1, 3, 4, 9, 13}, {2, 6, 8, 15}, {5, 10, 12}, {7, 11}, {14}}",False,,,,False,FlipSYTNotFound
272332,"{{1, 4, 5, 9, 11}, {2, 6, 7, 10}, {3, 13, 14}, {8, 15}, {12}}","{{1, 3, 4, 10, 13}, {2, 6, 8, 14}, {5, 9, 12}, {7, 11}, {15}}",False,,,,False,FlipSYTNotFound
272409,"{{1, 3, 7, 10, 12}, {2, 4, 11, 14}, {5, 6, 13}, {8, 9}, {15}}","{{1, 3, 7, 8, 11}, {2, 5, 9, 10}, {4, 12, 14}, {6, 15}, {13}}",False,,,,False,FlipSYTNotFound
272436,"{{1, 3, 5, 10, 12}, {2, 6, 11, 14}, {4, 7, 13}, {8, 9}, {15}}","{{1, 3, 7, 8, 14}, {2, 5, 9, 12}, {4, 10, 13}, {6, 15}, {11}}",False,,,,False,FlipSYTNotFound
272489,"{{1, 3, 8, 10, 12}, {2, 5, 11, 14}, {4, 7, 13}, {6, 9}, {15}}","{{1, 3, 7, 9, 10}, {2, 5, 8, 12}, {4, 11, 14}, {6, 15}, {13}}",False,,,,False,FlipSYTNotFound
272515,"{{1, 3, 4, 5, 7}, {2, 6, 11, 12}, {8, 13, 15}, {9, 14}, {10}}","{{1, 2, 6, 13, 14}, {3, 5, 7, 15}, {4, 8, 12}, {9, 10}, {11}}",False,,,,False,FlipSYTNotFound
272613,"{{1, 4, 8, 9, 12}, {2, 6, 11, 14}, {3, 7, 13}, {5, 10}, {15}}","{{1, 3, 6, 9, 11}, {2, 5, 8, 13}, {4, 10, 14}, {7, 15}, {12}}",False,,,,False,FlipSYTNotFound
272641,"{{1, 4, 5, 9, 10}, {2, 6, 7, 12}, {3, 13, 15}, {8, 14}, {11}}","{{1, 2, 5, 10, 13}, {3, 7, 8, 14}, {4, 9, 12}, {6, 11}, {15}}",False,,,,False,FlipSYTNotFound
272671,"{{1, 2, 3, 9, 10}, {4, 5, 8, 12}, {6, 13, 15}, {7, 14}, {11}}","{{1, 2, 5, 9, 12}, {3, 7, 8, 15}, {4, 10, 14}, {6, 11}, {13}}",False,,,,False,FlipSYTNotFound
272684,"{{1, 3, 8, 9, 12}, {2, 4, 11, 14}, {5, 6, 13}, {7, 10}, {15}}","{{1, 3, 6, 9, 11}, {2, 5, 8, 10}, {4, 12, 14}, {7, 15}, {13}}",False,,,,False,FlipSYTNotFound
272777,"{{1, 3, 8, 9, 12}, {2, 5, 11, 14}, {4, 7, 13}, {6, 10}, {15}}","{{1, 3, 6, 9, 10}, {2, 5, 8, 12}, {4, 11, 14}, {7, 15}, {13}}",False,,,,False,FlipSYTNotFound
272858,"{{1, 4, 5, 8, 10}, {2, 6, 9, 12}, {3, 13, 15}, {7, 14}, {11}}","{{1, 2, 5, 12, 13}, {3, 7, 9, 14}, {4, 8, 10}, {6, 11}, {15}}",False,,,,False,FlipSYTNotFound
272920,"{{1, 3, 7, 9, 12}, {2, 4, 11, 14}, {5, 6, 13}, {8, 10}, {15}}","{{1, 3, 6, 8, 11}, {2, 5, 9, 10}, {4, 12, 14}, {7, 15}, {13}}",False,,,,False,FlipSYTNotFound
272995,"{{1, 4, 6, 7, 10}, {2, 5, 9, 12}, {3, 13, 15}, {8, 14}, {11}}","{{1, 2, 5, 11, 13}, {3, 7, 8, 14}, {4, 9, 10}, {6, 12}, {15}}",False,,,,False,FlipSYTNotFound
273054,"{{1, 3, 4, 8, 12}, {2, 7, 11, 14}, {5, 9, 13}, {6, 10}, {15}}","{{1, 3, 6, 10, 14}, {2, 5, 7, 11}, {4, 9, 13}, {8, 15}, {12}}",False,,,,False,FlipSYTNotFound
273070,"{{1, 4, 5, 6, 10}, {2, 7, 9, 12}, {3, 13, 15}, {8, 14}, {11}}","{{1, 2, 5, 12, 13}, {3, 7, 8, 14}, {4, 9, 11}, {6, 10}, {15}}",False,,,,False,FlipSYTNotFound
273181,"{{1, 3, 7, 8, 12}, {2, 4, 11, 14}, {5, 6, 13}, {9, 10}, {15}}","{{1, 3, 6, 7, 11}, {2, 5, 9, 10}, {4, 12, 14}, {8, 15}, {13}}",False,,,,False,FlipSYTNotFound
273210,"{{1, 3, 5, 6, 14}, {2, 8, 9, 11}, {4, 10, 12}, {7, 15}, {13}}","{{1, 3, 6, 8, 9}, {2, 4, 12, 14}, {5, 7, 13}, {10, 11}, {15}}",False,,,,False,FlipSYTNotFound
273277,"{{1, 3, 4, 7, 12}, {2, 5, 11, 14}, {6, 9, 13}, {8, 10}, {15}}","{{1, 3, 6, 8, 14}, {2, 5, 7, 10}, {4, 11, 13}, {9, 15}, {12}}",False,,,,False,FlipSYTNotFound
273283,"{{1, 3, 6, 8, 12}, {2, 5, 11, 14}, {4, 7, 13}, {9, 10}, {15}}","{{1, 3, 6, 7, 12}, {2, 5, 9, 11}, {4, 10, 14}, {8, 15}, {13}}",False,,,,False,FlipSYTNotFound
273285,"{{1, 3, 6, 8, 10}, {2, 5, 7, 12}, {4, 13, 15}, {9, 14}, {11}}","{{1, 2, 5, 11, 12}, {3, 7, 9, 14}, {4, 8, 13}, {6, 10}, {15}}",False,,,,False,FlipSYTNotFound
273286,"{{1, 3, 4, 6, 12}, {2, 8, 11, 14}, {5, 9, 13}, {7, 10}, {15}}","{{1, 3, 6, 9, 14}, {2, 5, 7, 11}, {4, 12, 13}, {8, 15}, {10}}",False,,,,False,FlipSYTNotFound
273367,"{{1, 2, 3, 6, 11}, {4, 5, 7, 10}, {8, 13, 14}, {9, 15}, {12}}","{{1, 3, 4, 11, 12}, {2, 6, 7, 15}, {5, 8, 14}, {9, 13}, {10}}",False,,,,False,FlipSYTNotFound
273439,"{{1, 4, 5, 8, 11}, {2, 6, 7, 9}, {3, 13, 14}, {10, 15}, {12}}","{{1, 3, 4, 10, 13}, {2, 6, 9, 14}, {5, 7, 12}, {8, 11}, {15}}",False,,,,False,FlipSYTNotFound
273545,"{{1, 3, 8, 10, 12}, {2, 5, 9, 14}, {4, 7, 13}, {6, 11}, {15}}","{{1, 3, 5, 9, 10}, {2, 6, 7, 12}, {4, 11, 14}, {8, 15}, {13}}",False,,,,False,FlipSYTNotFound
273564,"{{1, 3, 8, 10, 12}, {2, 4, 9, 14}, {5, 6, 13}, {7, 11}, {15}}","{{1, 3, 5, 9, 11}, {2, 6, 7, 10}, {4, 12, 14}, {8, 15}, {13}}",False,,,,False,FlipSYTNotFound
273580,"{{1, 4, 5, 8, 9}, {2, 6, 10, 12}, {3, 13, 15}, {7, 14}, {11}}","{{1, 2, 5, 12, 13}, {3, 6, 9, 14}, {4, 8, 10}, {7, 11}, {15}}",False,,,,False,FlipSYTNotFound
273645,"{{1, 4, 6, 7, 9}, {2, 5, 10, 12}, {3, 13, 15}, {8, 14}, {11}}","{{1, 2, 5, 11, 13}, {3, 6, 8, 14}, {4, 9, 10}, {7, 12}, {15}}",False,,,,False,FlipSYTNotFound
273647,"{{1, 3, 6, 10, 12}, {2, 5, 9, 14}, {4, 8, 13}, {7, 11}, {15}}","{{1, 3, 5, 8, 9}, {2, 6, 7, 12}, {4, 11, 14}, {10, 15}, {13}}",False,,,,False,FlipSYTNotFound
273668,"{{1, 3, 7, 10, 12}, {2, 5, 9, 14}, {4, 8, 13}, {6, 11}, {15}}","{{1, 3, 5, 8, 10}, {2, 6, 7, 12}, {4, 11, 14}, {9, 15}, {13}}",False,,,,False,FlipSYTNotFound
273789,"{{1, 3, 5, 10, 12}, {2, 6, 9, 14}, {4, 8, 13}, {7, 11}, {15}}","{{1, 3, 5, 8, 9}, {2, 6, 7, 12}, {4, 13, 14}, {10, 15}, {11}}",False,,,,False,FlipSYTNotFound
273796,"{{1, 4, 5, 9, 10}, {2, 6, 7, 11}, {3, 13, 14}, {8, 15}, {12}}","{{1, 3, 4, 10, 13}, {2, 7, 8, 14}, {5, 9, 12}, {6, 11}, {15}}",False,,,,False,FlipSYTNotFound
273841,"{{1, 4, 5, 6, 9}, {2, 7, 10, 12}, {3, 13, 15}, {8, 14}, {11}}","{{1, 2, 5, 12, 13}, {3, 6, 8, 14}, {4, 9, 11}, {7, 10}, {15}}",False,,,,False,FlipSYTNotFound
274092,"{{1, 4, 6, 7, 8}, {2, 5, 10, 12}, {3, 13, 15}, {9, 14}, {11}}","{{1, 2, 5, 11, 13}, {3, 6, 7, 14}, {4, 9, 10}, {8, 12}, {15}}",False,,,,False,FlipSYTNotFound
274177,"{{1, 2, 6, 10, 12}, {3, 5, 7, 14}, {4, 9, 13}, {8, 11}, {15}}","{{1, 3, 5, 8, 12}, {2, 6, 7, 11}, {4, 13, 15}, {9, 14}, {10}}",False,,,,False,FlipSYTNotFound
274182,"{{1, 4, 5, 6, 8}, {2, 7, 10, 12}, {3, 13, 15}, {9, 14}, {11}}","{{1, 2, 5, 12, 13}, {3, 6, 7, 14}, {4, 9, 11}, {8, 10}, {15}}",False,,,,False,FlipSYTNotFound
274202,"{{1, 4, 5, 8, 10}, {2, 6, 9, 11}, {3, 13, 14}, {7, 15}, {12}}","{{1, 3, 4, 12, 13}, {2, 7, 9, 14}, {5, 8, 10}, {6, 11}, {15}}",False,,,,False,FlipSYTNotFound
274321,"{{1, 4, 5, 6, 10}, {2, 7, 9, 11}, {3, 13, 14}, {8, 15}, {12}}","{{1, 3, 4, 12, 13}, {2, 7, 8, 14}, {5, 9, 11}, {6, 10}, {15}}",False,,,,False,FlipSYTNotFound
274354,"{{1, 4, 8, 9, 12}, {2, 6, 10, 14}, {3, 7, 13}, {5, 11}, {15}}","{{1, 3, 5, 9, 11}, {2, 6, 8, 13}, {4, 10, 14}, {7, 15}, {12}}",False,,,,False,FlipSYTNotFound
274372,"{{1, 3, 8, 9, 12}, {2, 5, 10, 14}, {4, 7, 13}, {6, 11}, {15}}","{{1, 3, 5, 9, 10}, {2, 6, 8, 12}, {4, 11, 14}, {7, 15}, {13}}",False,,,,False,FlipSYTNotFound
274377,"{{1, 4, 5, 6, 7}, {2, 8, 10, 12}, {3, 13, 15}, {9, 14}, {11}}","{{1, 2, 5, 12, 13}, {3, 6, 7, 14}, {4, 8, 11}, {9, 10}, {15}}",False,,,,False,FlipSYTNotFound
274413,"{{1, 4, 5, 8, 10}, {2, 6, 7, 11}, {3, 13, 14}, {9, 15}, {12}}","{{1, 3, 4, 10, 13}, {2, 7, 9, 14}, {5, 8, 12}, {6, 11}, {15}}",False,,,,False,FlipSYTNotFound
274444,"{{1, 3, 8, 9, 12}, {2, 4, 10, 14}, {5, 6, 13}, {7, 11}, {15}}","{{1, 3, 5, 9, 11}, {2, 6, 8, 10}, {4, 12, 14}, {7, 15}, {13}}",False,,,,False,FlipSYTNotFound
274673,"{{1, 3, 5, 8, 12}, {2, 6, 10, 14}, {4, 9, 13}, {7, 11}, {15}}","{{1, 3, 5, 9, 14}, {2, 6, 7, 12}, {4, 10, 13}, {8, 15}, {11}}",False,,,,False,FlipSYTNotFound
274681,"{{1, 3, 7, 9, 12}, {2, 4, 10, 14}, {5, 6, 13}, {8, 11}, {15}}","{{1, 3, 5, 8, 11}, {2, 6, 9, 10}, {4, 12, 14}, {7, 15}, {13}}",False,,,,False,FlipSYTNotFound
274721,"{{1, 3, 4, 5, 9}, {2, 6, 7, 12}, {8, 13, 15}, {10, 14}, {11}}","{{1, 2, 5, 13, 14}, {3, 6, 10, 15}, {4, 8, 12}, {7, 9}, {11}}",False,,,,False,FlipSYTNotFound
274767,"{{1, 3, 5, 8, 12}, {2, 4, 10, 14}, {6, 9, 13}, {7, 11}, {15}}","{{1, 3, 5, 9, 14}, {2, 6, 7, 10}, {4, 11, 12}, {8, 15}, {13}}",False,,,,False,FlipSYTNotFound
274842,"{{1, 4, 5, 6, 7}, {2, 8, 9, 12}, {3, 13, 15}, {10, 14}, {11}}","{{1, 2, 5, 12, 13}, {3, 6, 8, 14}, {4, 7, 11}, {9, 10}, {15}}",False,,,,False,FlipSYTNotFound
274870,"{{1, 3, 4, 6, 12}, {2, 8, 10, 14}, {5, 9, 13}, {7, 11}, {15}}","{{1, 3, 5, 9, 14}, {2, 6, 7, 11}, {4, 12, 13}, {8, 15}, {10}}",False,,,,False,FlipSYTNotFound
274899,"{{1, 4, 5, 8, 9}, {2, 6, 10, 11}, {3, 13, 14}, {7, 15}, {12}}","{{1, 3, 4, 12, 13}, {2, 6, 9, 14}, {5, 8, 10}, {7, 11}, {15}}",False,,,,False,FlipSYTNotFound
274940,"{{1, 4, 6, 7, 9}, {2, 5, 10, 11}, {3, 13, 14}, {8, 15}, {12}}","{{1, 3, 4, 11, 13}, {2, 6, 8, 14}, {5, 9, 10}, {7, 12}, {15}}",False,,,,False,FlipSYTNotFound
274962,"{{1, 2, 4, 8, 9}, {3, 7, 10, 11}, {5, 13, 14}, {6, 15}, {12}}","{{1, 3, 4, 10, 15}, {2, 6, 9, 13}, {5, 8, 11}, {7, 12}, {14}}",False,,,,False,FlipSYTNotFound
275023,"{{1, 2, 4, 8, 14}, {3, 7, 9, 10}, {5, 11, 12}, {6, 15}, {13}}","{{1, 3, 5, 9, 10}, {2, 4, 11, 15}, {6, 7, 13}, {8, 12}, {14}}",False,,,,False,FlipSYTNotFound
275044,"{{1, 3, 4, 7, 12}, {2, 5, 10, 14}, {6, 9, 13}, {8, 11}, {15}}","{{1, 3, 5, 8, 14}, {2, 6, 7, 10}, {4, 11, 13}, {9, 15}, {12}}",False,,,,False,FlipSYTNotFound
275119,"{{1, 3, 6, 8, 12}, {2, 5, 10, 14}, {4, 7, 13}, {9, 11}, {15}}","{{1, 3, 5, 7, 12}, {2, 6, 9, 11}, {4, 10, 14}, {8, 15}, {13}}",False,,,,False,FlipSYTNotFound
275129,"{{1, 3, 7, 8, 12}, {2, 4, 10, 14}, {5, 6, 13}, {9, 11}, {15}}","{{1, 3, 5, 7, 11}, {2, 6, 9, 10}, {4, 12, 14}, {8, 15}, {13}}",False,,,,False,FlipSYTNotFound
275131,"{{1, 4, 5, 6, 8}, {2, 7, 9, 10}, {3, 11, 13}, {12, 14}, {15}}","{{1, 4, 9, 12, 13}, {2, 5, 11, 14}, {3, 7, 15}, {6, 10}, {8}}",False,,,,False,FlipSYTNotFound
275133,"{{1, 3, 4, 6, 12}, {2, 5, 10, 14}, {7, 8, 13}, {9, 11}, {15}}","{{1, 3, 5, 7, 14}, {2, 6, 8, 9}, {4, 11, 13}, {10, 15}, {12}}",False,,,,False,FlipSYTNotFound
275171,"{{1, 3, 4, 8, 12}, {2, 5, 10, 14}, {6, 7, 13}, {9, 11}, {15}}","{{1, 3, 5, 7, 14}, {2, 6, 9, 10}, {4, 11, 13}, {8, 15}, {12}}",False,,,,False,FlipSYTNotFound
275179,"{{1, 2, 5, 9, 11}, {3, 4, 8, 10}, {6, 13, 15}, {7, 14}, {12}}","{{1, 2, 4, 9, 13}, {3, 6, 8, 15}, {5, 10, 12}, {7, 11}, {14}}",False,,,,False,FlipSYTNotFound
275437,"{{1, 4, 5, 6, 8}, {2, 7, 10, 11}, {3, 13, 14}, {9, 15}, {12}}","{{1, 3, 4, 12, 13}, {2, 6, 7, 14}, {5, 9, 11}, {8, 10}, {15}}",False,,,,False,FlipSYTNotFound
275479,"{{1, 2, 3, 7, 9}, {4, 5, 6, 8}, {10, 11, 13}, {12, 14}, {15}}","{{1, 4, 6, 11, 12}, {2, 5, 10, 15}, {3, 8, 14}, {7, 13}, {9}}",False,,,,False,FlipSYTNotFound
275498,"{{1, 2, 5, 9, 12}, {3, 6, 7, 14}, {4, 10, 13}, {8, 11}, {15}}","{{1, 3, 5, 8, 12}, {2, 6, 9, 10}, {4, 13, 15}, {7, 14}, {11}}",False,,,,False,FlipSYTNotFound
275508,"{{1, 4, 6, 7, 8}, {2, 5, 10, 11}, {3, 13, 14}, {9, 15}, {12}}","{{1, 3, 4, 11, 13}, {2, 6, 7, 14}, {5, 9, 10}, {8, 12}, {15}}",False,,,,False,FlipSYTNotFound
275526,"{{1, 3, 6, 9, 12}, {2, 7, 8, 14}, {4, 10, 13}, {5, 11}, {15}}","{{1, 3, 5, 9, 11}, {2, 6, 8, 12}, {4, 13, 14}, {7, 15}, {10}}",False,,,,False,FlipSYTNotFound
275569,"{{1, 4, 5, 6, 7}, {2, 8, 10, 11}, {3, 13, 14}, {9, 15}, {12}}","{{1, 3, 4, 12, 13}, {2, 6, 7, 14}, {5, 8, 11}, {9, 10}, {15}}",False,,,,False,FlipSYTNotFound
275618,"{{1, 2, 3, 7, 14}, {4, 5, 8, 10}, {6, 11, 12}, {9, 15}, {13}}","{{1, 3, 5, 7, 12}, {2, 4, 10, 15}, {6, 8, 14}, {9, 11}, {13}}",False,,,,False,FlipSYTNotFound
275797,"{{1, 4, 5, 8, 11}, {2, 6, 7, 10}, {3, 13, 15}, {9, 14}, {12}}","{{1, 2, 4, 10, 13}, {3, 6, 7, 14}, {5, 9, 12}, {8, 11}, {15}}",False,,,,False,FlipSYTNotFound
276015,"{{1, 3, 4, 6, 12}, {2, 7, 9, 14}, {5, 10, 13}, {8, 11}, {15}}","{{1, 3, 5, 8, 14}, {2, 6, 9, 11}, {4, 12, 13}, {7, 15}, {10}}",False,,,,False,FlipSYTNotFound
276051,"{{1, 2, 3, 6, 11}, {4, 5, 7, 10}, {8, 13, 15}, {9, 14}, {12}}","{{1, 2, 4, 11, 12}, {3, 6, 7, 15}, {5, 8, 14}, {9, 13}, {10}}",False,,,,False,FlipSYTNotFound
276141,"{{1, 4, 5, 8, 11}, {2, 6, 7, 9}, {3, 13, 15}, {10, 14}, {12}}","{{1, 2, 4, 10, 13}, {3, 6, 9, 14}, {5, 7, 12}, {8, 11}, {15}}",False,,,,False,FlipSYTNotFound
276272,"{{1, 2, 3, 6, 11}, {4, 5, 7, 9}, {8, 13, 15}, {10, 14}, {12}}","{{1, 2, 4, 11, 12}, {3, 6, 8, 15}, {5, 7, 14}, {9, 13}, {10}}",False,,,,False,FlipSYTNotFound
276424,"{{1, 4, 5, 6, 7}, {2, 8, 9, 11}, {3, 13, 14}, {10, 15}, {12}}","{{1, 3, 4, 12, 13}, {2, 6, 8, 14}, {5, 7, 11}, {9, 10}, {15}}",False,,,,False,FlipSYTNotFound
276628,"{{1, 2, 4, 7, 12}, {3, 5, 6, 11}, {8, 9, 10}, {13, 14}, {15}}","{{1, 3, 6, 7, 8}, {2, 5, 11, 13}, {4, 10, 15}, {9, 14}, {12}}",False,,,,False,FlipSYTNotFound
276632,"{{1, 4, 5, 8, 10}, {2, 6, 7, 9}, {3, 13, 14}, {11, 15}, {12}}","{{1, 3, 4, 10, 13}, {2, 5, 9, 14}, {6, 7, 12}, {8, 11}, {15}}",False,,,,False,FlipSYTNotFound
276714,"{{1, 4, 5, 9, 10}, {2, 6, 7, 11}, {3, 13, 15}, {8, 14}, {12}}","{{1, 2, 4, 10, 13}, {3, 7, 8, 14}, {5, 9, 12}, {6, 11}, {15}}",False,,,,False,FlipSYTNotFound
276800,"{{1, 2, 5, 9, 10}, {3, 4, 8, 11}, {6, 13, 15}, {7, 14}, {12}}","{{1, 2, 4, 9, 13}, {3, 7, 8, 15}, {5, 10, 12}, {6, 11}, {14}}",False,,,,False,FlipSYTNotFound
276817,"{{1, 2, 3, 6, 10}, {4, 5, 7, 9}, {8, 13, 14}, {11, 15}, {12}}","{{1, 3, 4, 11, 12}, {2, 5, 8, 15}, {6, 7, 14}, {9, 13}, {10}}",False,,,,False,FlipSYTNotFound
276947,"{{1, 2, 6, 8, 12}, {3, 5, 7, 14}, {4, 9, 13}, {10, 11}, {15}}","{{1, 3, 5, 6, 12}, {2, 7, 9, 11}, {4, 13, 15}, {8, 14}, {10}}",False,,,,False,FlipSYTNotFound
276998,"{{1, 3, 4, 8, 12}, {2, 5, 9, 14}, {6, 7, 13}, {10, 11}, {15}}","{{1, 3, 5, 6, 14}, {2, 7, 9, 10}, {4, 11, 13}, {8, 15}, {12}}",False,,,,False,FlipSYTNotFound
277031,"{{1, 4, 6, 8, 14}, {2, 5, 7, 9}, {3, 10, 12}, {11, 15}, {13}}","{{1, 3, 5, 11, 13}, {2, 4, 12, 14}, {6, 9, 15}, {7, 10}, {8}}",False,,,,False,FlipSYTNotFound
277154,"{{1, 4, 5, 6, 10}, {2, 7, 9, 11}, {3, 13, 15}, {8, 14}, {12}}","{{1, 2, 4, 12, 13}, {3, 7, 8, 14}, {5, 9, 11}, {6, 10}, {15}}",False,,,,False,FlipSYTNotFound
277156,"{{1, 4, 5, 8, 10}, {2, 6, 7, 11}, {3, 13, 15}, {9, 14}, {12}}","{{1, 2, 4, 10, 13}, {3, 7, 9, 14}, {5, 8, 12}, {6, 11}, {15}}",False,,,,False,FlipSYTNotFound
277187,"{{1, 3, 9, 10, 11}, {2, 5, 12, 14}, {4, 6, 13}, {7, 8}, {15}}","{{1, 3, 7, 8, 9}, {2, 6, 10, 12}, {4, 11, 14}, {5, 15}, {13}}",False,,,,False,FlipSYTNotFound
277202,"{{1, 3, 9, 10, 11}, {2, 5, 12, 14}, {4, 7, 13}, {6, 8}, {15}}","{{1, 3, 7, 8, 10}, {2, 6, 9, 12}, {4, 11, 14}, {5, 15}, {13}}",False,,,,False,FlipSYTNotFound
277249,"{{1, 3, 4, 8, 12}, {2, 5, 7, 10}, {6, 9, 11}, {13, 14}, {15}}","{{1, 3, 7, 10, 14}, {2, 5, 11, 15}, {4, 9, 13}, {6, 12}, {8}}",False,,,,False,FlipSYTNotFound
277302,"{{1, 3, 8, 10, 11}, {2, 4, 12, 14}, {5, 6, 13}, {7, 9}, {15}}","{{1, 3, 7, 9, 11}, {2, 6, 8, 10}, {4, 12, 14}, {5, 15}, {13}}",False,,,,False,FlipSYTNotFound
277311,"{{1, 3, 8, 10, 11}, {2, 5, 12, 14}, {4, 7, 13}, {6, 9}, {15}}","{{1, 3, 7, 9, 10}, {2, 6, 8, 12}, {4, 11, 14}, {5, 15}, {13}}",False,,,,False,FlipSYTNotFound
277337,"{{1, 4, 5, 6, 8}, {2, 7, 9, 10}, {3, 13, 14}, {11, 15}, {12}}","{{1, 3, 4, 12, 13}, {2, 5, 9, 14}, {6, 7, 11}, {8, 10}, {15}}",False,,,,False,FlipSYTNotFound
277533,"{{1, 3, 7, 10, 11}, {2, 4, 12, 14}, {5, 6, 13}, {8, 9}, {15}}","{{1, 3, 7, 8, 11}, {2, 6, 9, 10}, {4, 12, 14}, {5, 15}, {13}}",False,,,,False,FlipSYTNotFound
277625,"{{1, 3, 8, 9, 11}, {2, 5, 12, 14}, {4, 7, 13}, {6, 10}, {15}}","{{1, 3, 6, 9, 10}, {2, 7, 8, 12}, {4, 11, 14}, {5, 15}, {13}}",False,,,,False,FlipSYTNotFound
277639,"{{1, 3, 8, 9, 11}, {2, 4, 12, 14}, {5, 6, 13}, {7, 10}, {15}}","{{1, 3, 6, 9, 11}, {2, 7, 8, 10}, {4, 12, 14}, {5, 15}, {13}}",False,,,,False,FlipSYTNotFound
277684,"{{1, 4, 8, 9, 11}, {2, 6, 12, 14}, {3, 7, 13}, {5, 10}, {15}}","{{1, 3, 6, 9, 11}, {2, 7, 8, 13}, {4, 10, 14}, {5, 15}, {12}}",False,,,,False,FlipSYTNotFound
277712,"{{1, 2, 3, 4, 7}, {5, 6, 8, 10}, {9, 13, 14}, {11, 15}, {12}}","{{1, 3, 4, 11, 15}, {2, 5, 10, 14}, {6, 7, 13}, {8, 12}, {9}}",False,,,,False,FlipSYTNotFound
277766,"{{1, 4, 5, 8, 9}, {2, 6, 10, 11}, {3, 13, 15}, {7, 14}, {12}}","{{1, 2, 4, 12, 13}, {3, 6, 9, 14}, {5, 8, 10}, {7, 11}, {15}}",False,,,,False,FlipSYTNotFound
277852,"{{1, 3, 5, 9, 11}, {2, 4, 12, 14}, {6, 8, 13}, {7, 10}, {15}}","{{1, 3, 6, 9, 14}, {2, 7, 8, 10}, {4, 11, 12}, {5, 15}, {13}}",False,,,,False,FlipSYTNotFound
277860,"{{1, 3, 5, 9, 11}, {2, 6, 12, 14}, {4, 8, 13}, {7, 10}, {15}}","{{1, 3, 6, 9, 14}, {2, 7, 8, 12}, {4, 10, 13}, {5, 15}, {11}}",False,,,,False,FlipSYTNotFound
277862,"{{1, 3, 4, 6, 7}, {2, 5, 8, 9}, {10, 13, 14}, {11, 15}, {12}}","{{1, 3, 4, 13, 14}, {2, 5, 11, 15}, {6, 8, 12}, {7, 10}, {9}}",False,,,,False,FlipSYTNotFound
277907,"{{1, 3, 7, 9, 11}, {2, 4, 12, 14}, {5, 6, 13}, {8, 10}, {15}}","{{1, 3, 6, 8, 11}, {2, 7, 9, 10}, {4, 12, 14}, {5, 15}, {13}}",False,,,,False,FlipSYTNotFound
277909,"{{1, 4, 6, 7, 9}, {2, 5, 10, 11}, {3, 13, 15}, {8, 14}, {12}}","{{1, 2, 4, 11, 13}, {3, 6, 8, 14}, {5, 9, 10}, {7, 12}, {15}}",False,,,,False,FlipSYTNotFound
277985,"{{1, 4, 5, 6, 9}, {2, 7, 10, 11}, {3, 13, 15}, {8, 14}, {12}}","{{1, 2, 4, 12, 13}, {3, 6, 8, 14}, {5, 9, 11}, {7, 10}, {15}}",False,,,,False,FlipSYTNotFound
278081,"{{1, 2, 3, 9, 11}, {4, 5, 7, 12}, {6, 8, 10}, {13, 14}, {15}}","{{1, 3, 8, 10, 12}, {2, 6, 9, 11}, {4, 7, 15}, {5, 14}, {13}}",False,,,,False,FlipSYTNotFound
278140,"{{1, 3, 4, 9, 11}, {2, 5, 12, 14}, {6, 7, 13}, {8, 10}, {15}}","{{1, 3, 6, 8, 14}, {2, 7, 9, 10}, {4, 11, 13}, {5, 15}, {12}}",False,,,,False,FlipSYTNotFound
278229,"{{1, 3, 5, 7, 11}, {2, 8, 12, 14}, {4, 9, 13}, {6, 10}, {15}}","{{1, 3, 6, 10, 14}, {2, 7, 11, 12}, {4, 8, 13}, {5, 15}, {9}}",False,,,,False,FlipSYTNotFound
278230,"{{1, 3, 4, 8, 11}, {2, 6, 12, 14}, {5, 9, 13}, {7, 10}, {15}}","{{1, 3, 6, 9, 14}, {2, 7, 10, 11}, {4, 8, 13}, {5, 15}, {12}}",False,,,,False,FlipSYTNotFound
278284,"{{1, 4, 5, 6, 7}, {2, 8, 10, 11}, {3, 13, 15}, {9, 14}, {12}}","{{1, 2, 4, 12, 13}, {3, 6, 7, 14}, {5, 8, 11}, {9, 10}, {15}}",False,,,,False,FlipSYTNotFound
278313,"{{1, 4, 6, 7, 8}, {2, 5, 10, 11}, {3, 13, 15}, {9, 14}, {12}}","{{1, 2, 4, 11, 13}, {3, 6, 7, 14}, {5, 9, 10}, {8, 12}, {15}}",False,,,,False,FlipSYTNotFound
278344,"{{1, 4, 5, 6, 8}, {2, 7, 10, 11}, {3, 13, 15}, {9, 14}, {12}}","{{1, 2, 4, 12, 13}, {3, 6, 7, 14}, {5, 9, 11}, {8, 10}, {15}}",False,,,,False,FlipSYTNotFound
278443,"{{1, 2, 4, 7, 14}, {3, 5, 6, 11}, {8, 9, 10}, {12, 15}, {13}}","{{1, 3, 6, 7, 8}, {2, 4, 11, 13}, {5, 10, 15}, {9, 14}, {12}}",False,,,,False,FlipSYTNotFound
278497,"{{1, 3, 7, 8, 11}, {2, 4, 12, 14}, {5, 6, 13}, {9, 10}, {15}}","{{1, 3, 6, 7, 11}, {2, 8, 9, 10}, {4, 12, 14}, {5, 15}, {13}}",False,,,,False,FlipSYTNotFound
278529,"{{1, 3, 6, 8, 9}, {2, 5, 7, 11}, {4, 13, 15}, {10, 14}, {12}}","{{1, 2, 4, 11, 12}, {3, 6, 9, 14}, {5, 8, 13}, {7, 10}, {15}}",False,,,,False,FlipSYTNotFound
278733,"{{1, 3, 8, 9, 10}, {2, 5, 12, 14}, {4, 7, 13}, {6, 11}, {15}}","{{1, 3, 5, 9, 10}, {2, 7, 8, 12}, {4, 11, 14}, {6, 15}, {13}}",False,,,,False,FlipSYTNotFound
278747,"{{1, 3, 8, 9, 10}, {2, 4, 12, 14}, {5, 6, 13}, {7, 11}, {15}}","{{1, 3, 5, 9, 11}, {2, 7, 8, 10}, {4, 12, 14}, {6, 15}, {13}}",False,,,,False,FlipSYTNotFound
278904,"{{1, 3, 7, 9, 10}, {2, 4, 12, 14}, {5, 6, 13}, {8, 11}, {15}}","{{1, 3, 5, 8, 11}, {2, 7, 9, 10}, {4, 12, 14}, {6, 15}, {13}}",False,,,,False,FlipSYTNotFound
279096,"{{1, 4, 5, 6, 7}, {2, 8, 9, 11}, {3, 13, 15}, {10, 14}, {12}}","{{1, 2, 4, 12, 13}, {3, 6, 8, 14}, {5, 7, 11}, {9, 10}, {15}}",False,,,,False,FlipSYTNotFound
279214,"{{1, 3, 4, 8, 10}, {2, 6, 12, 14}, {5, 9, 13}, {7, 11}, {15}}","{{1, 3, 5, 9, 14}, {2, 7, 10, 11}, {4, 8, 13}, {6, 15}, {12}}",False,,,,False,FlipSYTNotFound
279431,"{{1, 2, 3, 8, 10}, {4, 5, 7, 12}, {6, 9, 11}, {13, 14}, {15}}","{{1, 3, 7, 10, 12}, {2, 5, 9, 11}, {4, 8, 15}, {6, 14}, {13}}",False,,,,False,FlipSYTNotFound
279464,"{{1, 2, 3, 6, 10}, {4, 5, 7, 9}, {8, 13, 15}, {11, 14}, {12}}","{{1, 2, 4, 11, 12}, {3, 5, 8, 15}, {6, 7, 14}, {9, 13}, {10}}",False,,,,False,FlipSYTNotFound
279561,"{{1, 3, 7, 8, 10}, {2, 4, 12, 14}, {5, 6, 13}, {9, 11}, {15}}","{{1, 3, 5, 7, 11}, {2, 8, 9, 10}, {4, 12, 14}, {6, 15}, {13}}",False,,,,False,FlipSYTNotFound
279612,"{{1, 4, 5, 8, 9}, {2, 6, 7, 10}, {3, 13, 15}, {11, 14}, {12}}","{{1, 2, 4, 10, 13}, {3, 5, 9, 14}, {6, 8, 12}, {7, 11}, {15}}",False,,,,False,FlipSYTNotFound
279897,"{{1, 3, 4, 8, 9}, {2, 6, 12, 14}, {5, 10, 13}, {7, 11}, {15}}","{{1, 3, 5, 9, 14}, {2, 6, 10, 11}, {4, 8, 13}, {7, 15}, {12}}",False,,,,False,FlipSYTNotFound
280015,"{{1, 5, 8, 12, 13}, {2, 6, 10, 14}, {3, 9, 11}, {4, 15}, {7}}","{{1, 4, 5, 7, 9}, {2, 6, 10, 12}, {3, 11, 13}, {8, 14}, {15}}",False,,,,False,FlipSYTNotFound
280072,"{{1, 3, 5, 7, 8}, {2, 4, 10, 12}, {6, 9, 11}, {13, 14}, {15}}","{{1, 3, 7, 10, 14}, {2, 5, 11, 12}, {4, 9, 15}, {6, 13}, {8}}",False,,,,False,FlipSYTNotFound
280218,"{{1, 4, 5, 6, 7}, {2, 8, 9, 10}, {3, 13, 15}, {11, 14}, {12}}","{{1, 2, 4, 12, 13}, {3, 5, 8, 14}, {6, 7, 11}, {9, 10}, {15}}",False,,,,False,FlipSYTNotFound
280421,"{{1, 2, 7, 8, 12}, {3, 4, 9, 11}, {5, 10, 14}, {6, 15}, {13}}","{{1, 3, 6, 10, 13}, {2, 5, 11, 15}, {4, 7, 12}, {8, 9}, {14}}",False,,,,False,FlipSYTNotFound
280492,"{{1, 3, 5, 6, 7}, {2, 4, 8, 9}, {10, 13, 15}, {11, 14}, {12}}","{{1, 2, 4, 12, 14}, {3, 5, 11, 15}, {6, 8, 13}, {7, 10}, {9}}",False,,,,False,FlipSYTNotFound
280557,"{{1, 3, 6, 8, 9}, {2, 5, 12, 14}, {4, 7, 13}, {10, 11}, {15}}","{{1, 3, 5, 6, 12}, {2, 8, 9, 11}, {4, 10, 14}, {7, 15}, {13}}",False,,,,False,FlipSYTNotFound
280573,"{{1, 2, 4, 12, 13}, {3, 5, 10, 14}, {6, 7, 11}, {8, 15}, {9}}","{{1, 4, 5, 7, 10}, {2, 6, 8, 13}, {3, 9, 15}, {11, 14}, {12}}",False,,,,False,FlipSYTNotFound
280580,"{{1, 3, 4, 8, 9}, {2, 5, 12, 14}, {6, 7, 13}, {10, 11}, {15}}","{{1, 3, 5, 6, 14}, {2, 8, 9, 10}, {4, 11, 13}, {7, 15}, {12}}",False,,,,False,FlipSYTNotFound
280813,"{{1, 2, 4, 6, 7}, {3, 5, 8, 12}, {9, 10, 11}, {13, 14}, {15}}","{{1, 3, 6, 7, 15}, {2, 5, 11, 13}, {4, 10, 14}, {8, 12}, {9}}",False,,,,False,FlipSYTNotFound
281142,"{{1, 3, 8, 10, 11}, {2, 4, 9, 14}, {5, 6, 13}, {7, 12}, {15}}","{{1, 3, 4, 9, 11}, {2, 6, 7, 10}, {5, 12, 14}, {8, 15}, {13}}",False,,,,False,FlipSYTNotFound
281154,"{{1, 3, 8, 10, 11}, {2, 5, 9, 14}, {4, 7, 13}, {6, 12}, {15}}","{{1, 3, 4, 9, 10}, {2, 6, 7, 12}, {5, 11, 14}, {8, 15}, {13}}",False,,,,False,FlipSYTNotFound
281169,"{{1, 4, 5, 10, 12}, {2, 6, 8, 11}, {3, 7, 15}, {9, 14}, {13}}","{{1, 2, 3, 9, 13}, {4, 5, 7, 14}, {6, 8, 12}, {10, 15}, {11}}",False,,,,False,FlipSYTNotFound
281205,"{{1, 3, 7, 10, 11}, {2, 5, 9, 14}, {4, 8, 13}, {6, 12}, {15}}","{{1, 3, 4, 8, 10}, {2, 6, 7, 12}, {5, 11, 14}, {9, 15}, {13}}",False,,,,False,FlipSYTNotFound
281278,"{{1, 3, 6, 10, 11}, {2, 5, 9, 14}, {4, 8, 13}, {7, 12}, {15}}","{{1, 3, 4, 8, 9}, {2, 6, 7, 12}, {5, 11, 14}, {10, 15}, {13}}",False,,,,False,FlipSYTNotFound
281456,"{{1, 2, 4, 12, 13}, {3, 5, 9, 14}, {6, 7, 11}, {8, 15}, {10}}","{{1, 4, 5, 6, 10}, {2, 7, 8, 13}, {3, 9, 15}, {11, 14}, {12}}",False,,,,False,FlipSYTNotFound
281589,"{{1, 3, 6, 10, 11}, {2, 5, 8, 14}, {4, 9, 13}, {7, 12}, {15}}","{{1, 3, 4, 9, 12}, {2, 6, 7, 11}, {5, 13, 14}, {8, 15}, {10}}",False,,,,False,FlipSYTNotFound
281642,"{{1, 2, 6, 10, 11}, {3, 5, 7, 14}, {4, 9, 13}, {8, 12}, {15}}","{{1, 3, 4, 8, 12}, {2, 6, 7, 11}, {5, 13, 15}, {9, 14}, {10}}",False,,,,False,FlipSYTNotFound
281878,"{{1, 2, 4, 12, 13}, {3, 5, 8, 14}, {6, 7, 11}, {9, 15}, {10}}","{{1, 4, 5, 6, 10}, {2, 7, 9, 13}, {3, 8, 15}, {11, 14}, {12}}",False,,,,False,FlipSYTNotFound
281881,"{{1, 2, 4, 12, 13}, {3, 5, 6, 14}, {7, 8, 11}, {9, 15}, {10}}","{{1, 4, 5, 6, 9}, {2, 7, 11, 13}, {3, 8, 15}, {10, 14}, {12}}",False,,,,False,FlipSYTNotFound
281882,"{{1, 3, 8, 9, 11}, {2, 4, 10, 14}, {5, 6, 13}, {7, 12}, {15}}","{{1, 3, 4, 9, 11}, {2, 6, 8, 10}, {5, 12, 14}, {7, 15}, {13}}",False,,,,False,FlipSYTNotFound
281889,"{{1, 4, 8, 9, 11}, {2, 6, 10, 14}, {3, 7, 13}, {5, 12}, {15}}","{{1, 3, 4, 9, 11}, {2, 6, 8, 13}, {5, 10, 14}, {7, 15}, {12}}",False,,,,False,FlipSYTNotFound
282001,"{{1, 3, 8, 9, 11}, {2, 5, 10, 14}, {4, 7, 13}, {6, 12}, {15}}","{{1, 3, 4, 9, 10}, {2, 6, 8, 12}, {5, 11, 14}, {7, 15}, {13}}",False,,,,False,FlipSYTNotFound
282099,"{{1, 3, 4, 8, 11}, {2, 7, 10, 14}, {5, 9, 13}, {6, 12}, {15}}","{{1, 3, 4, 10, 14}, {2, 6, 7, 11}, {5, 9, 13}, {8, 15}, {12}}",False,,,,False,FlipSYTNotFound
282162,"{{1, 4, 5, 7, 12}, {2, 6, 10, 11}, {3, 8, 15}, {9, 14}, {13}}","{{1, 2, 3, 7, 13}, {4, 5, 6, 14}, {8, 10, 12}, {9, 15}, {11}}",False,,,,False,FlipSYTNotFound
282238,"{{1, 3, 5, 9, 11}, {2, 6, 10, 14}, {4, 8, 13}, {7, 12}, {15}}","{{1, 3, 4, 9, 14}, {2, 6, 8, 12}, {5, 10, 13}, {7, 15}, {11}}",False,,,,False,FlipSYTNotFound
282332,"{{1, 3, 7, 9, 11}, {2, 4, 10, 14}, {5, 6, 13}, {8, 12}, {15}}","{{1, 3, 4, 8, 11}, {2, 6, 9, 10}, {5, 12, 14}, {7, 15}, {13}}",False,,,,False,FlipSYTNotFound
282349,"{{1, 3, 5, 8, 11}, {2, 4, 10, 14}, {6, 9, 13}, {7, 12}, {15}}","{{1, 3, 4, 9, 14}, {2, 6, 7, 10}, {5, 11, 12}, {8, 15}, {13}}",False,,,,False,FlipSYTNotFound
282504,"{{1, 3, 4, 6, 11}, {2, 8, 10, 14}, {5, 9, 13}, {7, 12}, {15}}","{{1, 3, 4, 9, 14}, {2, 6, 7, 11}, {5, 12, 13}, {8, 15}, {10}}",False,,,,False,FlipSYTNotFound
282589,"{{1, 3, 5, 6, 12}, {2, 8, 9, 10}, {4, 11, 14}, {7, 15}, {13}}","{{1, 3, 7, 8, 9}, {2, 5, 12, 14}, {4, 6, 13}, {10, 11}, {15}}",False,,,,False,FlipSYTNotFound
282709,"{{1, 3, 7, 8, 11}, {2, 4, 10, 14}, {5, 6, 13}, {9, 12}, {15}}","{{1, 3, 4, 7, 11}, {2, 6, 9, 10}, {5, 12, 14}, {8, 15}, {13}}",False,,,,False,FlipSYTNotFound
282752,"{{1, 4, 5, 8, 12}, {2, 6, 7, 10}, {3, 11, 14}, {9, 15}, {13}}","{{1, 3, 7, 10, 13}, {2, 5, 9, 14}, {4, 6, 12}, {8, 11}, {15}}",False,,,,False,FlipSYTNotFound
282756,"{{1, 3, 6, 8, 12}, {2, 5, 7, 10}, {4, 11, 14}, {9, 15}, {13}}","{{1, 3, 7, 11, 12}, {2, 5, 9, 14}, {4, 6, 13}, {8, 10}, {15}}",False,,,,False,FlipSYTNotFound
282779,"{{1, 2, 4, 12, 13}, {3, 5, 6, 14}, {7, 8, 10}, {9, 15}, {11}}","{{1, 4, 5, 7, 9}, {2, 6, 11, 13}, {3, 8, 15}, {10, 14}, {12}}",False,,,,False,FlipSYTNotFound
282832,"{{1, 3, 4, 8, 11}, {2, 5, 10, 14}, {6, 7, 13}, {9, 12}, {15}}","{{1, 3, 4, 7, 14}, {2, 6, 9, 10}, {5, 11, 13}, {8, 15}, {12}}",False,,,,False,FlipSYTNotFound
282860,"{{1, 2, 4, 12, 13}, {3, 5, 6, 14}, {7, 8, 9}, {10, 15}, {11}}","{{1, 4, 5, 8, 9}, {2, 6, 11, 13}, {3, 7, 15}, {10, 14}, {12}}",False,,,,False,FlipSYTNotFound
282934,"{{1, 4, 5, 8, 12}, {2, 6, 7, 9}, {3, 11, 14}, {10, 15}, {13}}","{{1, 3, 6, 10, 13}, {2, 5, 9, 14}, {4, 7, 12}, {8, 11}, {15}}",False,,,,False,FlipSYTNotFound
282957,"{{1, 4, 5, 7, 12}, {2, 6, 8, 10}, {3, 11, 14}, {9, 15}, {13}}","{{1, 3, 7, 10, 13}, {2, 5, 8, 14}, {4, 6, 12}, {9, 11}, {15}}",False,,,,False,FlipSYTNotFound
283107,"{{1, 5, 8, 11, 13}, {2, 6, 10, 14}, {3, 9, 12}, {4, 15}, {7}}","{{1, 4, 6, 7, 9}, {2, 5, 10, 12}, {3, 11, 13}, {8, 14}, {15}}",False,,,,False,FlipSYTNotFound
283181,"{{1, 3, 6, 9, 11}, {2, 7, 8, 14}, {4, 10, 13}, {5, 12}, {15}}","{{1, 3, 4, 9, 11}, {2, 6, 8, 12}, {5, 13, 14}, {7, 15}, {10}}",False,,,,False,FlipSYTNotFound
283269,"{{1, 3, 6, 9, 11}, {2, 5, 7, 14}, {4, 10, 13}, {8, 12}, {15}}","{{1, 3, 4, 8, 12}, {2, 6, 9, 11}, {5, 13, 14}, {7, 15}, {10}}",False,,,,False,FlipSYTNotFound
283334,"{{1, 3, 5, 9, 11}, {2, 4, 6, 14}, {7, 10, 13}, {8, 12}, {15}}","{{1, 3, 4, 8, 14}, {2, 6, 9, 12}, {5, 10, 15}, {7, 13}, {11}}",False,,,,False,FlipSYTNotFound
283569,"{{1, 3, 4, 5, 11}, {2, 8, 9, 14}, {6, 10, 13}, {7, 12}, {15}}","{{1, 3, 4, 9, 14}, {2, 6, 8, 10}, {5, 12, 13}, {7, 15}, {11}}",False,,,,False,FlipSYTNotFound
283588,"{{1, 3, 4, 6, 11}, {2, 8, 9, 14}, {5, 10, 13}, {7, 12}, {15}}","{{1, 3, 4, 9, 14}, {2, 6, 8, 11}, {5, 12, 13}, {7, 15}, {10}}",False,,,,False,FlipSYTNotFound
283615,"{{1, 2, 4, 11, 13}, {3, 5, 10, 14}, {6, 7, 12}, {8, 15}, {9}}","{{1, 4, 6, 7, 10}, {2, 5, 8, 13}, {3, 9, 15}, {11, 14}, {12}}",False,,,,False,FlipSYTNotFound
283680,"{{1, 3, 4, 6, 11}, {2, 7, 9, 14}, {5, 10, 13}, {8, 12}, {15}}","{{1, 3, 4, 8, 14}, {2, 6, 9, 11}, {5, 12, 13}, {7, 15}, {10}}",False,,,,False,FlipSYTNotFound
283691,"{{1, 2, 6, 8, 11}, {3, 5, 7, 14}, {4, 10, 13}, {9, 12}, {15}}","{{1, 3, 4, 7, 12}, {2, 6, 9, 11}, {5, 13, 15}, {8, 14}, {10}}",False,,,,False,FlipSYTNotFound
284126,"{{1, 3, 6, 8, 11}, {2, 5, 9, 14}, {4, 7, 13}, {10, 12}, {15}}","{{1, 3, 4, 6, 12}, {2, 7, 9, 11}, {5, 10, 14}, {8, 15}, {13}}",False,,,,False,FlipSYTNotFound
284153,"{{1, 4, 5, 7, 12}, {2, 6, 8, 10}, {3, 9, 14}, {11, 15}, {13}}","{{1, 3, 7, 10, 13}, {2, 5, 12, 14}, {4, 6, 15}, {8, 11}, {9}}",False,,,,False,FlipSYTNotFound
284520,"{{1, 3, 5, 7, 12}, {2, 4, 6, 9}, {8, 10, 14}, {11, 15}, {13}}","{{1, 3, 8, 12, 14}, {2, 5, 10, 15}, {4, 6, 13}, {7, 11}, {9}}",False,,,,False,FlipSYTNotFound
284546,"{{1, 3, 4, 5, 12}, {2, 6, 8, 9}, {7, 10, 14}, {11, 15}, {13}}","{{1, 3, 8, 9, 14}, {2, 5, 10, 15}, {4, 6, 13}, {7, 12}, {11}}",False,,,,False,FlipSYTNotFound
284630,"{{1, 3, 8, 9, 10}, {2, 4, 11, 14}, {5, 6, 13}, {7, 12}, {15}}","{{1, 3, 4, 9, 11}, {2, 7, 8, 10}, {5, 12, 14}, {6, 15}, {13}}",False,,,,False,FlipSYTNotFound
284632,"{{1, 3, 8, 9, 10}, {2, 5, 11, 14}, {4, 7, 13}, {6, 12}, {15}}","{{1, 3, 4, 9, 10}, {2, 7, 8, 12}, {5, 11, 14}, {6, 15}, {13}}",False,,,,False,FlipSYTNotFound
284764,"{{1, 3, 7, 9, 10}, {2, 4, 11, 14}, {5, 6, 13}, {8, 12}, {15}}","{{1, 3, 4, 8, 11}, {2, 7, 9, 10}, {5, 12, 14}, {6, 15}, {13}}",False,,,,False,FlipSYTNotFound
284932,"{{1, 2, 3, 7, 9}, {4, 5, 6, 8}, {10, 11, 12}, {13, 14}, {15}}","{{1, 3, 6, 11, 12}, {2, 5, 10, 15}, {4, 8, 14}, {7, 13}, {9}}",False,,,,False,FlipSYTNotFound
285012,"{{1, 3, 4, 8, 10}, {2, 6, 11, 14}, {5, 9, 13}, {7, 12}, {15}}","{{1, 3, 4, 9, 14}, {2, 7, 10, 11}, {5, 8, 13}, {6, 15}, {12}}",False,,,,False,FlipSYTNotFound
285126,"{{1, 3, 6, 10, 13}, {2, 7, 11, 14}, {4, 9, 12}, {5, 15}, {8}}","{{1, 4, 7, 8, 14}, {2, 5, 9, 11}, {3, 10, 12}, {6, 13}, {15}}",False,,,,False,FlipSYTNotFound
285183,"{{1, 3, 7, 8, 10}, {2, 4, 11, 14}, {5, 6, 13}, {9, 12}, {15}}","{{1, 3, 4, 7, 11}, {2, 8, 9, 10}, {5, 12, 14}, {6, 15}, {13}}",False,,,,False,FlipSYTNotFound
285219,"{{1, 3, 4, 8, 10}, {2, 5, 11, 14}, {6, 7, 13}, {9, 12}, {15}}","{{1, 3, 4, 7, 14}, {2, 8, 9, 10}, {5, 11, 13}, {6, 15}, {12}}",False,,,,False,FlipSYTNotFound
285381,"{{1, 3, 4, 8, 9}, {2, 6, 11, 14}, {5, 10, 13}, {7, 12}, {15}}","{{1, 3, 4, 9, 14}, {2, 6, 10, 11}, {5, 8, 13}, {7, 15}, {12}}",False,,,,False,FlipSYTNotFound
285401,"{{1, 4, 8, 9, 13}, {2, 6, 11, 14}, {3, 10, 12}, {5, 15}, {7}}","{{1, 4, 6, 9, 11}, {2, 5, 8, 10}, {3, 12, 13}, {7, 14}, {15}}",False,,,,False,FlipSYTNotFound
285439,"{{1, 3, 7, 9, 11}, {2, 4, 10, 12}, {5, 8, 14}, {6, 15}, {13}}","{{1, 3, 8, 10, 14}, {2, 6, 9, 11}, {4, 7, 15}, {5, 12}, {13}}",False,,,,False,FlipSYTNotFound
285576,"{{1, 5, 6, 8, 13}, {2, 9, 11, 14}, {3, 10, 12}, {4, 15}, {7}}","{{1, 4, 6, 9, 12}, {2, 5, 7, 11}, {3, 10, 13}, {8, 14}, {15}}",False,,,,False,FlipSYTNotFound
285696,"{{1, 5, 6, 8, 13}, {2, 7, 11, 14}, {3, 10, 12}, {4, 15}, {9}}","{{1, 4, 6, 7, 12}, {2, 5, 9, 11}, {3, 10, 13}, {8, 14}, {15}}",False,,,,False,FlipSYTNotFound
285848,"{{1, 3, 7, 8, 9}, {2, 4, 11, 14}, {5, 6, 13}, {10, 12}, {15}}","{{1, 3, 4, 6, 11}, {2, 8, 9, 10}, {5, 12, 14}, {7, 15}, {13}}",False,,,,False,FlipSYTNotFound
285853,"{{1, 3, 6, 8, 9}, {2, 5, 11, 14}, {4, 7, 13}, {10, 12}, {15}}","{{1, 3, 4, 6, 12}, {2, 8, 9, 11}, {5, 10, 14}, {7, 15}, {13}}",False,,,,False,FlipSYTNotFound
286271,"{{1, 3, 6, 9, 10}, {2, 5, 8, 14}, {4, 11, 13}, {7, 12}, {15}}","{{1, 3, 4, 9, 12}, {2, 7, 8, 11}, {5, 13, 14}, {6, 15}, {10}}",False,,,,False,FlipSYTNotFound
286292,"{{1, 3, 6, 9, 10}, {2, 5, 7, 14}, {4, 11, 13}, {8, 12}, {15}}","{{1, 3, 4, 8, 12}, {2, 7, 9, 11}, {5, 13, 14}, {6, 15}, {10}}",False,,,,False,FlipSYTNotFound
286308,"{{1, 3, 5, 9, 10}, {2, 4, 6, 14}, {7, 11, 13}, {8, 12}, {15}}","{{1, 3, 4, 8, 14}, {2, 7, 9, 12}, {5, 10, 15}, {6, 13}, {11}}",False,,,,False,FlipSYTNotFound
286557,"{{1, 3, 4, 6, 10}, {2, 7, 9, 14}, {5, 11, 13}, {8, 12}, {15}}","{{1, 3, 4, 8, 14}, {2, 7, 9, 11}, {5, 12, 13}, {6, 15}, {10}}",False,,,,False,FlipSYTNotFound
286588,"{{1, 2, 5, 8, 10}, {3, 6, 7, 14}, {4, 11, 13}, {9, 12}, {15}}","{{1, 3, 4, 7, 12}, {2, 8, 9, 10}, {5, 13, 15}, {6, 14}, {11}}",False,,,,False,FlipSYTNotFound
286646,"{{1, 4, 8, 10, 13}, {2, 6, 9, 14}, {3, 11, 12}, {5, 15}, {7}}","{{1, 4, 5, 9, 11}, {2, 6, 7, 10}, {3, 12, 13}, {8, 14}, {15}}",False,,,,False,FlipSYTNotFound
286700,"{{1, 3, 4, 6, 10}, {2, 7, 8, 14}, {5, 11, 13}, {9, 12}, {15}}","{{1, 3, 4, 7, 14}, {2, 8, 9, 11}, {5, 12, 13}, {6, 15}, {10}}",False,,,,False,FlipSYTNotFound
286721,"{{1, 3, 4, 6, 11}, {2, 5, 8, 12}, {7, 10, 14}, {9, 15}, {13}}","{{1, 3, 7, 13, 14}, {2, 6, 9, 15}, {4, 8, 11}, {5, 10}, {12}}",False,,,,False,FlipSYTNotFound
286824,"{{1, 4, 8, 9, 13}, {2, 6, 10, 14}, {3, 11, 12}, {5, 15}, {7}}","{{1, 4, 5, 9, 11}, {2, 6, 8, 10}, {3, 12, 13}, {7, 14}, {15}}",False,,,,False,FlipSYTNotFound
286931,"{{1, 3, 6, 7, 11}, {2, 5, 9, 12}, {4, 8, 14}, {10, 15}, {13}}","{{1, 3, 8, 11, 12}, {2, 6, 10, 14}, {4, 7, 15}, {5, 9}, {13}}",False,,,,False,FlipSYTNotFound
287529,"{{1, 3, 5, 9, 13}, {2, 4, 7, 14}, {6, 11, 12}, {8, 15}, {10}}","{{1, 4, 5, 6, 14}, {2, 7, 8, 10}, {3, 9, 15}, {11, 12}, {13}}",False,,,,False,FlipSYTNotFound
287964,"{{1, 2, 4, 10, 13}, {3, 5, 9, 14}, {6, 7, 12}, {8, 15}, {11}}","{{1, 4, 5, 8, 10}, {2, 6, 7, 13}, {3, 9, 15}, {11, 14}, {12}}",False,,,,False,FlipSYTNotFound
